2025-11-09 13:47:41:4741 [31merror[39m: [31mRedis connection error: connect EACCES /[39m
2025-11-09 13:47:41:4741 [31merror[39m: [31mRedis connection error: connect EACCES /[39m
2025-11-09 13:47:41:4741 [31merror[39m: [31mRedis connection error: connect EACCES /[39m
2025-11-09 13:47:41:4741 [31merror[39m: [31mRedis connection error: connect EACCES /[39m
2025-11-09 13:47:42:4742 [31merror[39m: [31mRedis connection error: connect EACCES /[39m
2025-11-09 13:47:42:4742 [31merror[39m: [31mRedis connection error: connect EACCES /[39m
2025-11-09 13:47:42:4742 [31merror[39m: [31mRedis connection error: connect EACCES /[39m
2025-11-09 13:47:43:4743 [31merror[39m: [31mRedis connection error: connect EACCES /[39m
2025-11-09 13:47:43:4743 [31merror[39m: [31mRedis connection error: connect EACCES /[39m
2025-11-09 14:02:28:228 [32minfo[39m: [32m🚀 Server running on port 3000 in development mode[39m
2025-11-09 14:02:28:228 [32minfo[39m: [32m📍 Health check: http://localhost:3000/health[39m
2025-11-09 14:09:58:958 [32minfo[39m: [32m🚀 Server running on port 3000 in development mode[39m
2025-11-09 14:09:58:958 [32minfo[39m: [32m📍 Health check: http://localhost:3000/health[39m
2025-11-09 14:10:10:1010 [32minfo[39m: [32m🚀 Server running on port 3000 in development mode[39m
2025-11-09 14:10:10:1010 [32minfo[39m: [32m📍 Health check: http://localhost:3000/health[39m
2025-11-09 14:10:41:1041 [32minfo[39m: [32m🚀 Server running on port 3000 in development mode[39m
2025-11-09 14:10:41:1041 [32minfo[39m: [32m📍 Health check: http://localhost:3000/health[39m
2025-11-09 14:11:51:1151 [32minfo[39m: [32m🚀 Server running on port 3000 in development mode[39m
2025-11-09 14:11:51:1151 [32minfo[39m: [32m📍 Health check: http://localhost:3000/health[39m
2025-11-09 14:13:22:1322 [32minfo[39m: [32m🚀 Server running on port 3000 in development mode[39m
2025-11-09 14:13:22:1322 [32minfo[39m: [32m📍 Health check: http://localhost:3000/health[39m
2025-11-09 14:13:59:1359 [32minfo[39m: [32m🚀 Server running on port 3000 in development mode[39m
2025-11-09 14:13:59:1359 [32minfo[39m: [32m📍 Health check: http://localhost:3000/health[39m
2025-11-09 14:14:50:1450 [32minfo[39m: [32m🚀 Server running on port 3000 in development mode[39m
2025-11-09 14:14:50:1450 [32minfo[39m: [32m📍 Health check: http://localhost:3000/health[39m
2025-11-09 14:17:01:171 [32minfo[39m: [32m🚀 Server running on port 3000 in development mode[39m
2025-11-09 14:17:01:171 [32minfo[39m: [32m📍 Health check: http://localhost:3000/health[39m
2025-11-09 14:17:18:1718 [32minfo[39m: [32m🚀 Server running on port 3000 in development mode[39m
2025-11-09 14:17:18:1718 [32minfo[39m: [32m📍 Health check: http://localhost:3000/health[39m
2025-11-09 14:17:30:1730 [32minfo[39m: [32m🚀 Server running on port 3000 in development mode[39m
2025-11-09 14:17:30:1730 [32minfo[39m: [32m📍 Health check: http://localhost:3000/health[39m
2025-11-09 14:17:34:1734 [32minfo[39m: [32m🚀 Server running on port 3000 in development mode[39m
2025-11-09 14:17:34:1734 [32minfo[39m: [32m📍 Health check: http://localhost:3000/health[39m
2025-11-09 14:18:46:1846 [32minfo[39m: [32m🚀 Server running on port 3000 in development mode[39m
2025-11-09 14:18:46:1846 [32minfo[39m: [32m📍 Health check: http://localhost:3000/health[39m
2025-11-09 14:18:54:1854 [32minfo[39m: [32m🚀 Server running on port 3000 in development mode[39m
2025-11-09 14:18:54:1854 [32minfo[39m: [32m📍 Health check: http://localhost:3000/health[39m
2025-11-09 14:19:19:1919 [32minfo[39m: [32m🚀 Server running on port 3000 in development mode[39m
2025-11-09 14:19:19:1919 [32minfo[39m: [32m📍 Health check: http://localhost:3000/health[39m
2025-11-09 14:19:47:1947 [32minfo[39m: [32m🚀 Server running on port 3000 in development mode[39m
2025-11-09 14:19:47:1947 [32minfo[39m: [32m📍 Health check: http://localhost:3000/health[39m
2025-11-09 14:19:58:1958 [32minfo[39m: [32m🚀 Server running on port 3000 in development mode[39m
2025-11-09 14:19:58:1958 [32minfo[39m: [32m📍 Health check: http://localhost:3000/health[39m
2025-11-09 14:20:03:203 [32minfo[39m: [32m🚀 Server running on port 3000 in development mode[39m
2025-11-09 14:20:03:203 [32minfo[39m: [32m📍 Health check: http://localhost:3000/health[39m
2025-11-09 14:20:09:209 [32minfo[39m: [32m🚀 Server running on port 3000 in development mode[39m
2025-11-09 14:20:09:209 [32minfo[39m: [32m📍 Health check: http://localhost:3000/health[39m
2025-11-09 14:20:15:2015 [32minfo[39m: [32m🚀 Server running on port 3000 in development mode[39m
2025-11-09 14:20:15:2015 [32minfo[39m: [32m📍 Health check: http://localhost:3000/health[39m
2025-11-09 14:20:17:2017 [32minfo[39m: [32m🚀 Server running on port 3000 in development mode[39m
2025-11-09 14:20:17:2017 [32minfo[39m: [32m📍 Health check: http://localhost:3000/health[39m
2025-11-09 14:20:20:2020 [32minfo[39m: [32m🚀 Server running on port 3000 in development mode[39m
2025-11-09 14:20:20:2020 [32minfo[39m: [32m📍 Health check: http://localhost:3000/health[39m
2025-11-09 14:20:55:2055 [32minfo[39m: [32m🚀 Server running on port 3000 in development mode[39m
2025-11-09 14:20:55:2055 [32minfo[39m: [32m📍 Health check: http://localhost:3000/health[39m
2025-11-09 14:20:57:2057 [32minfo[39m: [32m🚀 Server running on port 3000 in development mode[39m
2025-11-09 14:20:57:2057 [32minfo[39m: [32m📍 Health check: http://localhost:3000/health[39m
2025-11-09 14:21:00:210 [32minfo[39m: [32m🚀 Server running on port 3000 in development mode[39m
2025-11-09 14:21:00:210 [32minfo[39m: [32m📍 Health check: http://localhost:3000/health[39m
2025-11-09 14:21:03:213 [32minfo[39m: [32m🚀 Server running on port 3000 in development mode[39m
2025-11-09 14:21:03:213 [32minfo[39m: [32m📍 Health check: http://localhost:3000/health[39m
2025-11-09 14:21:07:217 [32minfo[39m: [32m🚀 Server running on port 3000 in development mode[39m
2025-11-09 14:21:07:217 [32minfo[39m: [32m📍 Health check: http://localhost:3000/health[39m
2025-11-09 14:22:05:225 [32minfo[39m: [32m🚀 Server running on port 3000 in development mode[39m
2025-11-09 14:22:05:225 [32minfo[39m: [32m📍 Health check: http://localhost:3000/health[39m
2025-11-09 14:22:15:2215 [32minfo[39m: [32m🚀 Server running on port 3000 in development mode[39m
2025-11-09 14:22:15:2215 [32minfo[39m: [32m📍 Health check: http://localhost:3000/health[39m
2025-11-09 14:35:18:3518 [32minfo[39m: [32m🚀 Server running on port 3000 in development mode[39m
2025-11-09 14:35:18:3518 [32minfo[39m: [32m📍 Health check: http://localhost:3000/health[39m
2025-11-09 14:38:10:3810 [32minfo[39m: [32m🚀 Server running on port 3000 in development mode[39m
2025-11-09 14:38:10:3810 [32minfo[39m: [32m📍 Health check: http://localhost:3000/health[39m
2025-11-09 14:38:13:3813 [32minfo[39m: [32m🚀 Server running on port 3000 in development mode[39m
2025-11-09 14:38:13:3813 [32minfo[39m: [32m📍 Health check: http://localhost:3000/health[39m
2025-11-09 14:38:20:3820 [32minfo[39m: [32m🚀 Server running on port 3000 in development mode[39m
2025-11-09 14:38:20:3820 [32minfo[39m: [32m📍 Health check: http://localhost:3000/health[39m
2025-11-09 14:38:32:3832 [32minfo[39m: [32m🚀 Server running on port 3000 in development mode[39m
2025-11-09 14:38:32:3832 [32minfo[39m: [32m📍 Health check: http://localhost:3000/health[39m
2025-11-09 14:38:33:3833 [32minfo[39m: [32m🚀 Server running on port 3000 in development mode[39m
2025-11-09 14:38:33:3833 [32minfo[39m: [32m📍 Health check: http://localhost:3000/health[39m
2025-11-09 14:39:06:396 [32minfo[39m: [32m🚀 Server running on port 3000 in development mode[39m
2025-11-09 14:39:06:396 [32minfo[39m: [32m📍 Health check: http://localhost:3000/health[39m
2025-11-09 14:39:30:3930 [32minfo[39m: [32m🚀 Server running on port 3000 in development mode[39m
2025-11-09 14:39:30:3930 [32minfo[39m: [32m📍 Health check: http://localhost:3000/health[39m
2025-11-09 14:39:31:3931 [32minfo[39m: [32m🚀 Server running on port 3000 in development mode[39m
2025-11-09 14:39:31:3931 [32minfo[39m: [32m📍 Health check: http://localhost:3000/health[39m
2025-11-09 18:24:16:2416 [32minfo[39m: [32m━━━━━━━━━━━━━━━━━━━━━━━━━━━━━━━━━━━━━━━━━━━━━━━━━━━━━━━━━[39m
2025-11-09 18:24:16:2416 [32minfo[39m: [32mSTEP 1: Environment Validation[39m
2025-11-09 18:24:16:2416 [32minfo[39m: [32m━━━━━━━━━━━━━━━━━━━━━━━━━━━━━━━━━━━━━━━━━━━━━━━━━━━━━━━━━[39m
2025-11-09 18:24:16:2416 [32minfo[39m: [32m🔍 Validating environment variables...[39m
2025-11-09 18:24:16:2416 [32minfo[39m: [32m✅ Environment variables validated[39m
2025-11-09 18:24:16:2416 [32minfo[39m: [32m[39m
[32m━━━━━━━━━━━━━━━━━━━━━━━━━━━━━━━━━━━━━━━━━━━━━━━━━━━━━━━━━[39m
2025-11-09 18:24:16:2416 [32minfo[39m: [32mSTEP 2: Database Connections[39m
2025-11-09 18:24:16:2416 [32minfo[39m: [32m━━━━━━━━━━━━━━━━━━━━━━━━━━━━━━━━━━━━━━━━━━━━━━━━━━━━━━━━━[39m
2025-11-09 18:24:16:2416 [32minfo[39m: [32m🔌 Checking database connections...[39m
2025-11-09 18:24:16:2416 [32minfo[39m: [32mSupabase client initialized[39m
2025-11-09 18:24:18:2418 [32minfo[39m: [32m  ✅ Supabase (PostgreSQL) connected[39m
2025-11-09 18:24:18:2418 [32minfo[39m: [32mUpstash Redis initialized[39m
2025-11-09 18:24:19:2419 [32minfo[39m: [32m  ✅ Redis (Upstash) connected[39m
2025-11-09 18:24:19:2419 [32minfo[39m: [32mMongoDB client initialized[39m
2025-11-09 18:24:21:2421 [32minfo[39m: [32m  ✅ MongoDB (Atlas) connected[39m
2025-11-09 18:24:21:2421 [32minfo[39m: [32m[39m
[32m━━━━━━━━━━━━━━━━━━━━━━━━━━━━━━━━━━━━━━━━━━━━━━━━━━━━━━━━━[39m
2025-11-09 18:24:21:2421 [32minfo[39m: [32mSTEP 3: Service Configuration[39m
2025-11-09 18:24:21:2421 [32minfo[39m: [32m━━━━━━━━━━━━━━━━━━━━━━━━━━━━━━━━━━━━━━━━━━━━━━━━━━━━━━━━━[39m
2025-11-09 18:24:21:2421 [32minfo[39m: [32m🔧 Checking service configurations...[39m
2025-11-09 18:24:21:2421 [32minfo[39m: [32m  ✅ Cloudflare R2 configured[39m
2025-11-09 18:24:21:2421 [32minfo[39m: [32m  ✅ JWT authentication configured[39m
2025-11-09 18:24:21:2421 [32minfo[39m: [32m  ✅ CORS configured (2 origins)[39m
2025-11-09 18:24:21:2421 [32minfo[39m: [32m✅ Service configurations checked[39m
2025-11-09 18:24:21:2421 [32minfo[39m: [32m[39m
[32m━━━━━━━━━━━━━━━━━━━━━━━━━━━━━━━━━━━━━━━━━━━━━━━━━━━━━━━━━[39m
2025-11-09 18:24:21:2421 [32minfo[39m: [32mSTEP 4: System Information[39m
2025-11-09 18:24:21:2421 [32minfo[39m: [32m━━━━━━━━━━━━━━━━━━━━━━━━━━━━━━━━━━━━━━━━━━━━━━━━━━━━━━━━━[39m
2025-11-09 18:24:21:2421 [32minfo[39m: [32m📊 System Information:[39m
2025-11-09 18:24:21:2421 [32minfo[39m: [32m  • Node.js: v22.20.0[39m
2025-11-09 18:24:21:2421 [32minfo[39m: [32m  • Platform: linux[39m
2025-11-09 18:24:21:2421 [32minfo[39m: [32m  • Architecture: x64[39m
2025-11-09 18:24:21:2421 [32minfo[39m: [32m  • Memory: 36MB[39m
2025-11-09 18:24:21:2421 [32minfo[39m: [32m  • Environment: development[39m
2025-11-09 18:24:21:2421 [32minfo[39m: [32m  • Port: 3000[39m
2025-11-09 18:24:21:2421 [32minfo[39m: [32m[39m
[32m━━━━━━━━━━━━━━━━━━━━━━━━━━━━━━━━━━━━━━━━━━━━━━━━━━━━━━━━━[39m
2025-11-09 18:24:21:2421 [32minfo[39m: [32mSTEP 5: Starting HTTP Server[39m
2025-11-09 18:24:21:2421 [32minfo[39m: [32m━━━━━━━━━━━━━━━━━━━━━━━━━━━━━━━━━━━━━━━━━━━━━━━━━━━━━━━━━[39m
2025-11-09 18:24:21:2421 [32minfo[39m: [32m[39m
[32m🚀 Server started successfully![39m
2025-11-09 18:24:21:2421 [32minfo[39m: [32m[39m
[32m📍 Endpoints:[39m
2025-11-09 18:24:21:2421 [32minfo[39m: [32m   • Health Check: http://localhost:3000/health[39m
2025-11-09 18:24:21:2421 [32minfo[39m: [32m   • API Info:     http://localhost:3000/api[39m
2025-11-09 18:24:21:2421 [32minfo[39m: [32m   • API Base:     http://localhost:3000/api/*[39m
2025-11-09 18:24:21:2421 [32minfo[39m: [32m[39m
[32m🔧 Services Status:[39m
2025-11-09 18:24:21:2421 [32minfo[39m: [32m   • Database:     ✅ Connected[39m
2025-11-09 18:24:21:2421 [32minfo[39m: [32m   • Cache:        ✅ Connected[39m
2025-11-09 18:24:21:2421 [32minfo[39m: [32m   • Analytics:    ✅ Connected[39m
2025-11-09 18:24:21:2421 [32minfo[39m: [32m[39m
[32m━━━━━━━━━━━━━━━━━━━━━━━━━━━━━━━━━━━━━━━━━━━━━━━━━━━━━━━━━[39m
2025-11-09 18:24:21:2421 [32minfo[39m: [32m✅ FreeTune Backend is ready to serve requests![39m
2025-11-09 18:24:21:2421 [32minfo[39m: [32m━━━━━━━━━━━━━━━━━━━━━━━━━━━━━━━━━━━━━━━━━━━━━━━━━━━━━━━━━[39m
[32m[39m
2025-11-09 18:24:30:2430 [32minfo[39m: [32m━━━━━━━━━━━━━━━━━━━━━━━━━━━━━━━━━━━━━━━━━━━━━━━━━━━━━━━━━[39m
2025-11-09 18:24:30:2430 [32minfo[39m: [32mSTEP 1: Environment Validation[39m
2025-11-09 18:24:30:2430 [32minfo[39m: [32m━━━━━━━━━━━━━━━━━━━━━━━━━━━━━━━━━━━━━━━━━━━━━━━━━━━━━━━━━[39m
2025-11-09 18:24:30:2430 [32minfo[39m: [32m🔍 Validating environment variables...[39m
2025-11-09 18:24:30:2430 [32minfo[39m: [32m✅ Environment variables validated[39m
2025-11-09 18:24:30:2430 [32minfo[39m: [32m[39m
[32m━━━━━━━━━━━━━━━━━━━━━━━━━━━━━━━━━━━━━━━━━━━━━━━━━━━━━━━━━[39m
2025-11-09 18:24:30:2430 [32minfo[39m: [32mSTEP 2: Database Connections[39m
2025-11-09 18:24:30:2430 [32minfo[39m: [32m━━━━━━━━━━━━━━━━━━━━━━━━━━━━━━━━━━━━━━━━━━━━━━━━━━━━━━━━━[39m
2025-11-09 18:24:30:2430 [32minfo[39m: [32m🔌 Checking database connections...[39m
2025-11-09 18:24:30:2430 [32minfo[39m: [32mSupabase client initialized[39m
2025-11-09 18:24:30:2430 [32minfo[39m: [32m  ✅ Supabase (PostgreSQL) connected[39m
2025-11-09 18:24:30:2430 [32minfo[39m: [32mUpstash Redis initialized[39m
2025-11-09 18:24:31:2431 [32minfo[39m: [32m  ✅ Redis (Upstash) connected[39m
2025-11-09 18:24:31:2431 [32minfo[39m: [32mMongoDB client initialized[39m
2025-11-09 18:24:32:2432 [32minfo[39m: [32m  ✅ MongoDB (Atlas) connected[39m
2025-11-09 18:24:33:2433 [32minfo[39m: [32m━━━━━━━━━━━━━━━━━━━━━━━━━━━━━━━━━━━━━━━━━━━━━━━━━━━━━━━━━[39m
2025-11-09 18:24:33:2433 [32minfo[39m: [32mSTEP 1: Environment Validation[39m
2025-11-09 18:24:33:2433 [32minfo[39m: [32m━━━━━━━━━━━━━━━━━━━━━━━━━━━━━━━━━━━━━━━━━━━━━━━━━━━━━━━━━[39m
2025-11-09 18:24:33:2433 [32minfo[39m: [32m🔍 Validating environment variables...[39m
2025-11-09 18:24:33:2433 [32minfo[39m: [32m✅ Environment variables validated[39m
2025-11-09 18:24:33:2433 [32minfo[39m: [32m[39m
[32m━━━━━━━━━━━━━━━━━━━━━━━━━━━━━━━━━━━━━━━━━━━━━━━━━━━━━━━━━[39m
2025-11-09 18:24:33:2433 [32minfo[39m: [32mSTEP 2: Database Connections[39m
2025-11-09 18:24:33:2433 [32minfo[39m: [32m━━━━━━━━━━━━━━━━━━━━━━━━━━━━━━━━━━━━━━━━━━━━━━━━━━━━━━━━━[39m
2025-11-09 18:24:33:2433 [32minfo[39m: [32m🔌 Checking database connections...[39m
2025-11-09 18:24:33:2433 [32minfo[39m: [32mSupabase client initialized[39m
2025-11-09 18:24:33:2433 [32minfo[39m: [32m  ✅ Supabase (PostgreSQL) connected[39m
2025-11-09 18:24:33:2433 [32minfo[39m: [32mUpstash Redis initialized[39m
2025-11-09 18:24:34:2434 [32minfo[39m: [32m  ✅ Redis (Upstash) connected[39m
2025-11-09 18:24:34:2434 [32minfo[39m: [32mMongoDB client initialized[39m
2025-11-09 18:24:35:2435 [32minfo[39m: [32m  ✅ MongoDB (Atlas) connected[39m
2025-11-09 18:24:35:2435 [32minfo[39m: [32m[39m
[32m━━━━━━━━━━━━━━━━━━━━━━━━━━━━━━━━━━━━━━━━━━━━━━━━━━━━━━━━━[39m
2025-11-09 18:24:35:2435 [32minfo[39m: [32mSTEP 3: Service Configuration[39m
2025-11-09 18:24:35:2435 [32minfo[39m: [32m━━━━━━━━━━━━━━━━━━━━━━━━━━━━━━━━━━━━━━━━━━━━━━━━━━━━━━━━━[39m
2025-11-09 18:24:35:2435 [32minfo[39m: [32m🔧 Checking service configurations...[39m
2025-11-09 18:24:35:2435 [32minfo[39m: [32m  ✅ Cloudflare R2 configured[39m
2025-11-09 18:24:35:2435 [32minfo[39m: [32m  ✅ JWT authentication configured[39m
2025-11-09 18:24:35:2435 [32minfo[39m: [32m  ✅ CORS configured (2 origins)[39m
2025-11-09 18:24:35:2435 [32minfo[39m: [32m✅ Service configurations checked[39m
2025-11-09 18:24:35:2435 [32minfo[39m: [32m[39m
[32m━━━━━━━━━━━━━━━━━━━━━━━━━━━━━━━━━━━━━━━━━━━━━━━━━━━━━━━━━[39m
2025-11-09 18:24:35:2435 [32minfo[39m: [32mSTEP 4: System Information[39m
2025-11-09 18:24:35:2435 [32minfo[39m: [32m━━━━━━━━━━━━━━━━━━━━━━━━━━━━━━━━━━━━━━━━━━━━━━━━━━━━━━━━━[39m
2025-11-09 18:24:35:2435 [32minfo[39m: [32m📊 System Information:[39m
2025-11-09 18:24:35:2435 [32minfo[39m: [32m  • Node.js: v22.20.0[39m
2025-11-09 18:24:35:2435 [32minfo[39m: [32m  • Platform: linux[39m
2025-11-09 18:24:35:2435 [32minfo[39m: [32m  • Architecture: x64[39m
2025-11-09 18:24:35:2435 [32minfo[39m: [32m  • Memory: 36MB[39m
2025-11-09 18:24:35:2435 [32minfo[39m: [32m  • Environment: development[39m
2025-11-09 18:24:35:2435 [32minfo[39m: [32m  • Port: 3000[39m
2025-11-09 18:24:35:2435 [32minfo[39m: [32m[39m
[32m━━━━━━━━━━━━━━━━━━━━━━━━━━━━━━━━━━━━━━━━━━━━━━━━━━━━━━━━━[39m
2025-11-09 18:24:35:2435 [32minfo[39m: [32mSTEP 5: Starting HTTP Server[39m
2025-11-09 18:24:35:2435 [32minfo[39m: [32m━━━━━━━━━━━━━━━━━━━━━━━━━━━━━━━━━━━━━━━━━━━━━━━━━━━━━━━━━[39m
2025-11-09 18:24:35:2435 [32minfo[39m: [32m[39m
[32m🚀 Server started successfully![39m
2025-11-09 18:24:35:2435 [32minfo[39m: [32m[39m
[32m📍 Endpoints:[39m
2025-11-09 18:24:35:2435 [32minfo[39m: [32m   • Health Check: http://localhost:3000/health[39m
2025-11-09 18:24:35:2435 [32minfo[39m: [32m   • API Info:     http://localhost:3000/api[39m
2025-11-09 18:24:35:2435 [32minfo[39m: [32m   • API Base:     http://localhost:3000/api/*[39m
2025-11-09 18:24:35:2435 [32minfo[39m: [32m[39m
[32m🔧 Services Status:[39m
2025-11-09 18:24:35:2435 [32minfo[39m: [32m   • Database:     ✅ Connected[39m
2025-11-09 18:24:35:2435 [32minfo[39m: [32m   • Cache:        ✅ Connected[39m
2025-11-09 18:24:35:2435 [32minfo[39m: [32m   • Analytics:    ✅ Connected[39m
2025-11-09 18:24:35:2435 [32minfo[39m: [32m[39m
[32m━━━━━━━━━━━━━━━━━━━━━━━━━━━━━━━━━━━━━━━━━━━━━━━━━━━━━━━━━[39m
2025-11-09 18:24:35:2435 [32minfo[39m: [32m✅ FreeTune Backend is ready to serve requests![39m
2025-11-09 18:24:35:2435 [32minfo[39m: [32m━━━━━━━━━━━━━━━━━━━━━━━━━━━━━━━━━━━━━━━━━━━━━━━━━━━━━━━━━[39m
[32m[39m
2025-11-09 18:28:44:2844 [31merror[39m: [31mError: Route /favicon.ico not found[39m
2025-11-09 18:47:57:4757 [32minfo[39m: [32m━━━━━━━━━━━━━━━━━━━━━━━━━━━━━━━━━━━━━━━━━━━━━━━━━━━━━━━━━[39m
2025-11-09 18:47:57:4757 [32minfo[39m: [32mSTEP 1: Environment Validation[39m
2025-11-09 18:47:57:4757 [32minfo[39m: [32m━━━━━━━━━━━━━━━━━━━━━━━━━━━━━━━━━━━━━━━━━━━━━━━━━━━━━━━━━[39m
2025-11-09 18:47:57:4757 [32minfo[39m: [32m🔍 Validating environment variables...[39m
2025-11-09 18:47:57:4757 [32minfo[39m: [32m✅ Environment variables validated[39m
2025-11-09 18:47:57:4757 [32minfo[39m: [32m[39m
[32m━━━━━━━━━━━━━━━━━━━━━━━━━━━━━━━━━━━━━━━━━━━━━━━━━━━━━━━━━[39m
2025-11-09 18:47:57:4757 [32minfo[39m: [32mSTEP 2: Database Connections[39m
2025-11-09 18:47:57:4757 [32minfo[39m: [32m━━━━━━━━━━━━━━━━━━━━━━━━━━━━━━━━━━━━━━━━━━━━━━━━━━━━━━━━━[39m
2025-11-09 18:47:57:4757 [32minfo[39m: [32m🔌 Checking database connections...[39m
2025-11-09 18:47:57:4757 [32minfo[39m: [32mSupabase client initialized[39m
2025-11-09 18:48:00:480 [32minfo[39m: [32m  ✅ Supabase (PostgreSQL) connected[39m
2025-11-09 18:48:00:480 [32minfo[39m: [32mUpstash Redis initialized[39m
2025-11-09 18:48:00:480 [32minfo[39m: [32m  ✅ Redis (Upstash) connected[39m
2025-11-09 18:48:00:480 [33mwarn[39m: [33m  ⚠️  MongoDB connection failed (analytics disabled):[39m
2025-11-09 18:48:00:480 [32minfo[39m: [32m[39m
[32m━━━━━━━━━━━━━━━━━━━━━━━━━━━━━━━━━━━━━━━━━━━━━━━━━━━━━━━━━[39m
2025-11-09 18:48:00:480 [32minfo[39m: [32mSTEP 3: Service Configuration[39m
2025-11-09 18:48:00:480 [32minfo[39m: [32m━━━━━━━━━━━━━━━━━━━━━━━━━━━━━━━━━━━━━━━━━━━━━━━━━━━━━━━━━[39m
2025-11-09 18:48:00:480 [32minfo[39m: [32m🔧 Checking service configurations...[39m
2025-11-09 18:48:00:480 [32minfo[39m: [32m  ✅ Cloudflare R2 configured[39m
2025-11-09 18:48:00:480 [32minfo[39m: [32m  ✅ JWT authentication configured[39m
2025-11-09 18:48:00:480 [32minfo[39m: [32m  ✅ CORS configured (2 origins)[39m
2025-11-09 18:48:00:480 [32minfo[39m: [32m✅ Service configurations checked[39m
2025-11-09 18:48:00:480 [32minfo[39m: [32m[39m
[32m━━━━━━━━━━━━━━━━━━━━━━━━━━━━━━━━━━━━━━━━━━━━━━━━━━━━━━━━━[39m
2025-11-09 18:48:00:480 [32minfo[39m: [32mSTEP 4: System Information[39m
2025-11-09 18:48:00:480 [32minfo[39m: [32m━━━━━━━━━━━━━━━━━━━━━━━━━━━━━━━━━━━━━━━━━━━━━━━━━━━━━━━━━[39m
2025-11-09 18:48:00:480 [32minfo[39m: [32m📊 System Information:[39m
2025-11-09 18:48:00:480 [32minfo[39m: [32m  • Node.js: v22.20.0[39m
2025-11-09 18:48:00:480 [32minfo[39m: [32m  • Platform: linux[39m
2025-11-09 18:48:00:480 [32minfo[39m: [32m  • Architecture: x64[39m
2025-11-09 18:48:00:480 [32minfo[39m: [32m  • Memory: 32MB[39m
2025-11-09 18:48:00:480 [32minfo[39m: [32m  • Environment: development[39m
2025-11-09 18:48:00:480 [32minfo[39m: [32m  • Port: 3000[39m
2025-11-09 18:48:00:480 [32minfo[39m: [32m[39m
[32m━━━━━━━━━━━━━━━━━━━━━━━━━━━━━━━━━━━━━━━━━━━━━━━━━━━━━━━━━[39m
2025-11-09 18:48:00:480 [32minfo[39m: [32mSTEP 5: Starting HTTP Server[39m
2025-11-09 18:48:00:480 [32minfo[39m: [32m━━━━━━━━━━━━━━━━━━━━━━━━━━━━━━━━━━━━━━━━━━━━━━━━━━━━━━━━━[39m
2025-11-09 18:48:00:480 [32minfo[39m: [32m[39m
[32m🚀 Server started successfully![39m
2025-11-09 18:48:00:480 [32minfo[39m: [32m[39m
[32m📍 Endpoints:[39m
2025-11-09 18:48:00:480 [32minfo[39m: [32m   • Health Check: http://localhost:3000/health[39m
2025-11-09 18:48:00:480 [32minfo[39m: [32m   • API Info:     http://localhost:3000/api[39m
2025-11-09 18:48:00:480 [32minfo[39m: [32m   • API Base:     http://localhost:3000/api/*[39m
2025-11-09 18:48:00:480 [32minfo[39m: [32m[39m
[32m🔧 Services Status:[39m
2025-11-09 18:48:00:480 [32minfo[39m: [32m   • Database:     ✅ Connected[39m
2025-11-09 18:48:00:480 [32minfo[39m: [32m   • Cache:        ✅ Connected[39m
2025-11-09 18:48:00:480 [32minfo[39m: [32m   • Analytics:    ⚠️  Disabled[39m
2025-11-09 18:48:00:480 [32minfo[39m: [32m[39m
[32m━━━━━━━━━━━━━━━━━━━━━━━━━━━━━━━━━━━━━━━━━━━━━━━━━━━━━━━━━[39m
2025-11-09 18:48:00:480 [32minfo[39m: [32m✅ FreeTune Backend is ready to serve requests![39m
2025-11-09 18:48:00:480 [32minfo[39m: [32m━━━━━━━━━━━━━━━━━━━━━━━━━━━━━━━━━━━━━━━━━━━━━━━━━━━━━━━━━[39m
[32m[39m
2025-11-09 18:48:32:4832 [32minfo[39m: [32m━━━━━━━━━━━━━━━━━━━━━━━━━━━━━━━━━━━━━━━━━━━━━━━━━━━━━━━━━[39m
2025-11-09 18:48:32:4832 [32minfo[39m: [32mSTEP 1: Environment Validation[39m
2025-11-09 18:48:32:4832 [32minfo[39m: [32m━━━━━━━━━━━━━━━━━━━━━━━━━━━━━━━━━━━━━━━━━━━━━━━━━━━━━━━━━[39m
2025-11-09 18:48:32:4832 [32minfo[39m: [32m🔍 Validating environment variables...[39m
2025-11-09 18:48:32:4832 [32minfo[39m: [32m✅ Environment variables validated[39m
2025-11-09 18:48:32:4832 [32minfo[39m: [32m[39m
[32m━━━━━━━━━━━━━━━━━━━━━━━━━━━━━━━━━━━━━━━━━━━━━━━━━━━━━━━━━[39m
2025-11-09 18:48:32:4832 [32minfo[39m: [32mSTEP 2: Database Connections[39m
2025-11-09 18:48:32:4832 [32minfo[39m: [32m━━━━━━━━━━━━━━━━━━━━━━━━━━━━━━━━━━━━━━━━━━━━━━━━━━━━━━━━━[39m
2025-11-09 18:48:32:4832 [32minfo[39m: [32m🔌 Checking database connections...[39m
2025-11-09 18:48:32:4832 [32minfo[39m: [32mSupabase client initialized[39m
2025-11-09 18:48:38:4838 [32minfo[39m: [32m━━━━━━━━━━━━━━━━━━━━━━━━━━━━━━━━━━━━━━━━━━━━━━━━━━━━━━━━━[39m
2025-11-09 18:48:38:4838 [32minfo[39m: [32mSTEP 1: Environment Validation[39m
2025-11-09 18:48:38:4838 [32minfo[39m: [32m━━━━━━━━━━━━━━━━━━━━━━━━━━━━━━━━━━━━━━━━━━━━━━━━━━━━━━━━━[39m
2025-11-09 18:48:38:4838 [32minfo[39m: [32m🔍 Validating environment variables...[39m
2025-11-09 18:48:38:4838 [32minfo[39m: [32m✅ Environment variables validated[39m
2025-11-09 18:48:38:4838 [32minfo[39m: [32m[39m
[32m━━━━━━━━━━━━━━━━━━━━━━━━━━━━━━━━━━━━━━━━━━━━━━━━━━━━━━━━━[39m
2025-11-09 18:48:38:4838 [32minfo[39m: [32mSTEP 2: Database Connections[39m
2025-11-09 18:48:38:4838 [32minfo[39m: [32m━━━━━━━━━━━━━━━━━━━━━━━━━━━━━━━━━━━━━━━━━━━━━━━━━━━━━━━━━[39m
2025-11-09 18:48:38:4838 [32minfo[39m: [32m🔌 Checking database connections...[39m
2025-11-09 18:48:38:4838 [32minfo[39m: [32mSupabase client initialized[39m
2025-11-09 18:48:39:4839 [32minfo[39m: [32m  ✅ Supabase (PostgreSQL) connected[39m
2025-11-09 18:48:39:4839 [32minfo[39m: [32mUpstash Redis initialized[39m
2025-11-09 18:48:39:4839 [32minfo[39m: [32m  ✅ Redis (Upstash) connected[39m
2025-11-09 18:48:39:4839 [31merror[39m: [31mMongoose connection error: Cannot read properties of undefined (reading 'dbName')[39m
2025-11-09 18:48:39:4839 [31merror[39m: [31m  ❌ MongoDB (Mongoose) URI set but connection failed[39m
2025-11-09 18:48:39:4839 [32minfo[39m: [32m[39m
[32m━━━━━━━━━━━━━━━━━━━━━━━━━━━━━━━━━━━━━━━━━━━━━━━━━━━━━━━━━[39m
2025-11-09 18:48:39:4839 [32minfo[39m: [32mSTEP 3: Service Configuration[39m
2025-11-09 18:48:39:4839 [32minfo[39m: [32m━━━━━━━━━━━━━━━━━━━━━━━━━━━━━━━━━━━━━━━━━━━━━━━━━━━━━━━━━[39m
2025-11-09 18:48:39:4839 [32minfo[39m: [32m🔧 Checking service configurations...[39m
2025-11-09 18:48:39:4839 [32minfo[39m: [32m  ✅ Cloudflare R2 configured[39m
2025-11-09 18:48:39:4839 [32minfo[39m: [32m  ✅ JWT authentication configured[39m
2025-11-09 18:48:39:4839 [32minfo[39m: [32m  ✅ CORS configured (2 origins)[39m
2025-11-09 18:48:39:4839 [32minfo[39m: [32m✅ Service configurations checked[39m
2025-11-09 18:48:39:4839 [32minfo[39m: [32m[39m
[32m━━━━━━━━━━━━━━━━━━━━━━━━━━━━━━━━━━━━━━━━━━━━━━━━━━━━━━━━━[39m
2025-11-09 18:48:39:4839 [32minfo[39m: [32mSTEP 4: System Information[39m
2025-11-09 18:48:39:4839 [32minfo[39m: [32m━━━━━━━━━━━━━━━━━━━━━━━━━━━━━━━━━━━━━━━━━━━━━━━━━━━━━━━━━[39m
2025-11-09 18:48:39:4839 [32minfo[39m: [32m📊 System Information:[39m
2025-11-09 18:48:39:4839 [32minfo[39m: [32m  • Node.js: v22.20.0[39m
2025-11-09 18:48:39:4839 [32minfo[39m: [32m  • Platform: linux[39m
2025-11-09 18:48:39:4839 [32minfo[39m: [32m  • Architecture: x64[39m
2025-11-09 18:48:39:4839 [32minfo[39m: [32m  • Memory: 39MB[39m
2025-11-09 18:48:39:4839 [32minfo[39m: [32m  • Environment: development[39m
2025-11-09 18:48:39:4839 [32minfo[39m: [32m  • Port: 3000[39m
2025-11-09 18:48:39:4839 [32minfo[39m: [32m[39m
[32m━━━━━━━━━━━━━━━━━━━━━━━━━━━━━━━━━━━━━━━━━━━━━━━━━━━━━━━━━[39m
2025-11-09 18:48:39:4839 [32minfo[39m: [32mSTEP 5: Starting HTTP Server[39m
2025-11-09 18:48:39:4839 [32minfo[39m: [32m━━━━━━━━━━━━━━━━━━━━━━━━━━━━━━━━━━━━━━━━━━━━━━━━━━━━━━━━━[39m
2025-11-09 18:48:39:4839 [32minfo[39m: [32m[39m
[32m🚀 Server started successfully![39m
2025-11-09 18:48:39:4839 [32minfo[39m: [32m[39m
[32m📍 Endpoints:[39m
2025-11-09 18:48:39:4839 [32minfo[39m: [32m   • Health Check: http://localhost:3000/health[39m
2025-11-09 18:48:39:4839 [32minfo[39m: [32m   • API Info:     http://localhost:3000/api[39m
2025-11-09 18:48:39:4839 [32minfo[39m: [32m   • API Base:     http://localhost:3000/api/*[39m
2025-11-09 18:48:39:4839 [32minfo[39m: [32m[39m
[32m🔧 Services Status:[39m
2025-11-09 18:48:39:4839 [32minfo[39m: [32m   • Database:     ✅ Connected[39m
2025-11-09 18:48:39:4839 [32minfo[39m: [32m   • Cache:        ✅ Connected[39m
2025-11-09 18:48:39:4839 [32minfo[39m: [32m   • Analytics:    ⚠️  Disabled[39m
2025-11-09 18:48:39:4839 [32minfo[39m: [32m[39m
[32m━━━━━━━━━━━━━━━━━━━━━━━━━━━━━━━━━━━━━━━━━━━━━━━━━━━━━━━━━[39m
2025-11-09 18:48:39:4839 [32minfo[39m: [32m✅ FreeTune Backend is ready to serve requests![39m
2025-11-09 18:48:39:4839 [32minfo[39m: [32m━━━━━━━━━━━━━━━━━━━━━━━━━━━━━━━━━━━━━━━━━━━━━━━━━━━━━━━━━[39m
[32m[39m
2025-11-09 18:48:45:4845 [32minfo[39m: [32m━━━━━━━━━━━━━━━━━━━━━━━━━━━━━━━━━━━━━━━━━━━━━━━━━━━━━━━━━[39m
2025-11-09 18:48:45:4845 [32minfo[39m: [32mSTEP 1: Environment Validation[39m
2025-11-09 18:48:45:4845 [32minfo[39m: [32m━━━━━━━━━━━━━━━━━━━━━━━━━━━━━━━━━━━━━━━━━━━━━━━━━━━━━━━━━[39m
2025-11-09 18:48:45:4845 [32minfo[39m: [32m🔍 Validating environment variables...[39m
2025-11-09 18:48:45:4845 [32minfo[39m: [32m✅ Environment variables validated[39m
2025-11-09 18:48:45:4845 [32minfo[39m: [32m[39m
[32m━━━━━━━━━━━━━━━━━━━━━━━━━━━━━━━━━━━━━━━━━━━━━━━━━━━━━━━━━[39m
2025-11-09 18:48:45:4845 [32minfo[39m: [32mSTEP 2: Database Connections[39m
2025-11-09 18:48:45:4845 [32minfo[39m: [32m━━━━━━━━━━━━━━━━━━━━━━━━━━━━━━━━━━━━━━━━━━━━━━━━━━━━━━━━━[39m
2025-11-09 18:48:45:4845 [32minfo[39m: [32m🔌 Checking database connections...[39m
2025-11-09 18:48:45:4845 [32minfo[39m: [32mSupabase client initialized[39m
2025-11-09 18:48:46:4846 [32minfo[39m: [32m  ✅ Supabase (PostgreSQL) connected[39m
2025-11-09 18:48:46:4846 [32minfo[39m: [32mUpstash Redis initialized[39m
2025-11-09 18:48:46:4846 [32minfo[39m: [32m  ✅ Redis (Upstash) connected[39m
2025-11-09 18:48:46:4846 [31merror[39m: [31mMongoose connection error: Cannot read properties of undefined (reading 'dbName')[39m
2025-11-09 18:48:46:4846 [31merror[39m: [31m  ❌ MongoDB (Mongoose) URI set but connection failed[39m
2025-11-09 18:48:46:4846 [32minfo[39m: [32m[39m
[32m━━━━━━━━━━━━━━━━━━━━━━━━━━━━━━━━━━━━━━━━━━━━━━━━━━━━━━━━━[39m
2025-11-09 18:48:46:4846 [32minfo[39m: [32mSTEP 3: Service Configuration[39m
2025-11-09 18:48:46:4846 [32minfo[39m: [32m━━━━━━━━━━━━━━━━━━━━━━━━━━━━━━━━━━━━━━━━━━━━━━━━━━━━━━━━━[39m
2025-11-09 18:48:46:4846 [32minfo[39m: [32m🔧 Checking service configurations...[39m
2025-11-09 18:48:46:4846 [32minfo[39m: [32m  ✅ Cloudflare R2 configured[39m
2025-11-09 18:48:46:4846 [32minfo[39m: [32m  ✅ JWT authentication configured[39m
2025-11-09 18:48:46:4846 [32minfo[39m: [32m  ✅ CORS configured (2 origins)[39m
2025-11-09 18:48:46:4846 [32minfo[39m: [32m✅ Service configurations checked[39m
2025-11-09 18:48:46:4846 [32minfo[39m: [32m[39m
[32m━━━━━━━━━━━━━━━━━━━━━━━━━━━━━━━━━━━━━━━━━━━━━━━━━━━━━━━━━[39m
2025-11-09 18:48:46:4846 [32minfo[39m: [32mSTEP 4: System Information[39m
2025-11-09 18:48:46:4846 [32minfo[39m: [32m━━━━━━━━━━━━━━━━━━━━━━━━━━━━━━━━━━━━━━━━━━━━━━━━━━━━━━━━━[39m
2025-11-09 18:48:46:4846 [32minfo[39m: [32m📊 System Information:[39m
2025-11-09 18:48:46:4846 [32minfo[39m: [32m  • Node.js: v22.20.0[39m
2025-11-09 18:48:46:4846 [32minfo[39m: [32m  • Platform: linux[39m
2025-11-09 18:48:46:4846 [32minfo[39m: [32m  • Architecture: x64[39m
2025-11-09 18:48:46:4846 [32minfo[39m: [32m  • Memory: 39MB[39m
2025-11-09 18:48:46:4846 [32minfo[39m: [32m  • Environment: development[39m
2025-11-09 18:48:46:4846 [32minfo[39m: [32m  • Port: 3000[39m
2025-11-09 18:48:46:4846 [32minfo[39m: [32m[39m
[32m━━━━━━━━━━━━━━━━━━━━━━━━━━━━━━━━━━━━━━━━━━━━━━━━━━━━━━━━━[39m
2025-11-09 18:48:46:4846 [32minfo[39m: [32mSTEP 5: Starting HTTP Server[39m
2025-11-09 18:48:46:4846 [32minfo[39m: [32m━━━━━━━━━━━━━━━━━━━━━━━━━━━━━━━━━━━━━━━━━━━━━━━━━━━━━━━━━[39m
2025-11-09 18:48:46:4846 [32minfo[39m: [32m[39m
[32m🚀 Server started successfully![39m
2025-11-09 18:48:46:4846 [32minfo[39m: [32m[39m
[32m📍 Endpoints:[39m
2025-11-09 18:48:46:4846 [32minfo[39m: [32m   • Health Check: http://localhost:3000/health[39m
2025-11-09 18:48:46:4846 [32minfo[39m: [32m   • API Info:     http://localhost:3000/api[39m
2025-11-09 18:48:46:4846 [32minfo[39m: [32m   • API Base:     http://localhost:3000/api/*[39m
2025-11-09 18:48:46:4846 [32minfo[39m: [32m[39m
[32m🔧 Services Status:[39m
2025-11-09 18:48:46:4846 [32minfo[39m: [32m   • Database:     ✅ Connected[39m
2025-11-09 18:48:46:4846 [32minfo[39m: [32m   • Cache:        ✅ Connected[39m
2025-11-09 18:48:46:4846 [32minfo[39m: [32m   • Analytics:    ⚠️  Disabled[39m
2025-11-09 18:48:46:4846 [32minfo[39m: [32m[39m
[32m━━━━━━━━━━━━━━━━━━━━━━━━━━━━━━━━━━━━━━━━━━━━━━━━━━━━━━━━━[39m
2025-11-09 18:48:46:4846 [32minfo[39m: [32m✅ FreeTune Backend is ready to serve requests![39m
2025-11-09 18:48:46:4846 [32minfo[39m: [32m━━━━━━━━━━━━━━━━━━━━━━━━━━━━━━━━━━━━━━━━━━━━━━━━━━━━━━━━━[39m
[32m[39m
2025-11-09 18:49:33:4933 [32minfo[39m: [32m━━━━━━━━━━━━━━━━━━━━━━━━━━━━━━━━━━━━━━━━━━━━━━━━━━━━━━━━━[39m
2025-11-09 18:49:33:4933 [32minfo[39m: [32mSTEP 1: Environment Validation[39m
2025-11-09 18:49:33:4933 [32minfo[39m: [32m━━━━━━━━━━━━━━━━━━━━━━━━━━━━━━━━━━━━━━━━━━━━━━━━━━━━━━━━━[39m
2025-11-09 18:49:33:4933 [32minfo[39m: [32m🔍 Validating environment variables...[39m
2025-11-09 18:49:33:4933 [32minfo[39m: [32m✅ Environment variables validated[39m
2025-11-09 18:49:33:4933 [32minfo[39m: [32m[39m
[32m━━━━━━━━━━━━━━━━━━━━━━━━━━━━━━━━━━━━━━━━━━━━━━━━━━━━━━━━━[39m
2025-11-09 18:49:33:4933 [32minfo[39m: [32mSTEP 2: Database Connections[39m
2025-11-09 18:49:33:4933 [32minfo[39m: [32m━━━━━━━━━━━━━━━━━━━━━━━━━━━━━━━━━━━━━━━━━━━━━━━━━━━━━━━━━[39m
2025-11-09 18:49:33:4933 [32minfo[39m: [32m🔌 Checking database connections...[39m
2025-11-09 18:49:33:4933 [32minfo[39m: [32mSupabase client initialized[39m
2025-11-09 18:49:34:4934 [32minfo[39m: [32m  ✅ Supabase (PostgreSQL) connected[39m
2025-11-09 18:49:34:4934 [32minfo[39m: [32mUpstash Redis initialized[39m
2025-11-09 18:49:35:4935 [32minfo[39m: [32m  ✅ Redis (Upstash) connected[39m
2025-11-09 18:49:35:4935 [31merror[39m: [31mMongoose connection error: Cannot read properties of undefined (reading 'dbName')[39m
2025-11-09 18:49:35:4935 [31merror[39m: [31m  ❌ MongoDB (Mongoose) URI set but connection failed[39m
2025-11-09 18:49:35:4935 [32minfo[39m: [32m[39m
[32m━━━━━━━━━━━━━━━━━━━━━━━━━━━━━━━━━━━━━━━━━━━━━━━━━━━━━━━━━[39m
2025-11-09 18:49:35:4935 [32minfo[39m: [32mSTEP 3: Service Configuration[39m
2025-11-09 18:49:35:4935 [32minfo[39m: [32m━━━━━━━━━━━━━━━━━━━━━━━━━━━━━━━━━━━━━━━━━━━━━━━━━━━━━━━━━[39m
2025-11-09 18:49:35:4935 [32minfo[39m: [32m🔧 Checking service configurations...[39m
2025-11-09 18:49:35:4935 [32minfo[39m: [32m  ✅ Cloudflare R2 configured[39m
2025-11-09 18:49:35:4935 [32minfo[39m: [32m  ✅ JWT authentication configured[39m
2025-11-09 18:49:35:4935 [32minfo[39m: [32m  ✅ CORS configured (2 origins)[39m
2025-11-09 18:49:35:4935 [32minfo[39m: [32m✅ Service configurations checked[39m
2025-11-09 18:49:35:4935 [32minfo[39m: [32m[39m
[32m━━━━━━━━━━━━━━━━━━━━━━━━━━━━━━━━━━━━━━━━━━━━━━━━━━━━━━━━━[39m
2025-11-09 18:49:35:4935 [32minfo[39m: [32mSTEP 4: System Information[39m
2025-11-09 18:49:35:4935 [32minfo[39m: [32m━━━━━━━━━━━━━━━━━━━━━━━━━━━━━━━━━━━━━━━━━━━━━━━━━━━━━━━━━[39m
2025-11-09 18:49:35:4935 [32minfo[39m: [32m📊 System Information:[39m
2025-11-09 18:49:35:4935 [32minfo[39m: [32m  • Node.js: v22.20.0[39m
2025-11-09 18:49:35:4935 [32minfo[39m: [32m  • Platform: linux[39m
2025-11-09 18:49:35:4935 [32minfo[39m: [32m  • Architecture: x64[39m
2025-11-09 18:49:35:4935 [32minfo[39m: [32m  • Memory: 39MB[39m
2025-11-09 18:49:35:4935 [32minfo[39m: [32m  • Environment: development[39m
2025-11-09 18:49:35:4935 [32minfo[39m: [32m  • Port: 3000[39m
2025-11-09 18:49:35:4935 [32minfo[39m: [32m[39m
[32m━━━━━━━━━━━━━━━━━━━━━━━━━━━━━━━━━━━━━━━━━━━━━━━━━━━━━━━━━[39m
2025-11-09 18:49:35:4935 [32minfo[39m: [32mSTEP 5: Starting HTTP Server[39m
2025-11-09 18:49:35:4935 [32minfo[39m: [32m━━━━━━━━━━━━━━━━━━━━━━━━━━━━━━━━━━━━━━━━━━━━━━━━━━━━━━━━━[39m
2025-11-09 18:49:35:4935 [32minfo[39m: [32m[39m
[32m🚀 Server started successfully![39m
2025-11-09 18:49:35:4935 [32minfo[39m: [32m[39m
[32m📍 Endpoints:[39m
2025-11-09 18:49:35:4935 [32minfo[39m: [32m   • Health Check: http://localhost:3000/health[39m
2025-11-09 18:49:35:4935 [32minfo[39m: [32m   • API Info:     http://localhost:3000/api[39m
2025-11-09 18:49:35:4935 [32minfo[39m: [32m   • API Base:     http://localhost:3000/api/*[39m
2025-11-09 18:49:35:4935 [32minfo[39m: [32m[39m
[32m🔧 Services Status:[39m
2025-11-09 18:49:35:4935 [32minfo[39m: [32m   • Database:     ✅ Connected[39m
2025-11-09 18:49:35:4935 [32minfo[39m: [32m   • Cache:        ✅ Connected[39m
2025-11-09 18:49:35:4935 [32minfo[39m: [32m   • Analytics:    ⚠️  Disabled[39m
2025-11-09 18:49:35:4935 [32minfo[39m: [32m[39m
[32m━━━━━━━━━━━━━━━━━━━━━━━━━━━━━━━━━━━━━━━━━━━━━━━━━━━━━━━━━[39m
2025-11-09 18:49:35:4935 [32minfo[39m: [32m✅ FreeTune Backend is ready to serve requests![39m
2025-11-09 18:49:35:4935 [32minfo[39m: [32m━━━━━━━━━━━━━━━━━━━━━━━━━━━━━━━━━━━━━━━━━━━━━━━━━━━━━━━━━[39m
[32m[39m
2025-11-09 18:49:44:4944 [32minfo[39m: [32mSIGINT received, starting graceful shutdown...[39m
2025-11-09 18:49:47:4947 [32minfo[39m: [32m━━━━━━━━━━━━━━━━━━━━━━━━━━━━━━━━━━━━━━━━━━━━━━━━━━━━━━━━━[39m
2025-11-09 18:49:47:4947 [32minfo[39m: [32mSTEP 1: Environment Validation[39m
2025-11-09 18:49:47:4947 [32minfo[39m: [32m━━━━━━━━━━━━━━━━━━━━━━━━━━━━━━━━━━━━━━━━━━━━━━━━━━━━━━━━━[39m
2025-11-09 18:49:47:4947 [32minfo[39m: [32m🔍 Validating environment variables...[39m
2025-11-09 18:49:47:4947 [32minfo[39m: [32m✅ Environment variables validated[39m
2025-11-09 18:49:47:4947 [32minfo[39m: [32m[39m
[32m━━━━━━━━━━━━━━━━━━━━━━━━━━━━━━━━━━━━━━━━━━━━━━━━━━━━━━━━━[39m
2025-11-09 18:49:47:4947 [32minfo[39m: [32mSTEP 2: Database Connections[39m
2025-11-09 18:49:47:4947 [32minfo[39m: [32m━━━━━━━━━━━━━━━━━━━━━━━━━━━━━━━━━━━━━━━━━━━━━━━━━━━━━━━━━[39m
2025-11-09 18:49:47:4947 [32minfo[39m: [32m🔌 Checking database connections...[39m
2025-11-09 18:49:47:4947 [32minfo[39m: [32mSupabase client initialized[39m
2025-11-09 18:49:48:4948 [32minfo[39m: [32m  ✅ Supabase (PostgreSQL) connected[39m
2025-11-09 18:49:48:4948 [32minfo[39m: [32mUpstash Redis initialized[39m
2025-11-09 18:49:48:4948 [32minfo[39m: [32m  ✅ Redis (Upstash) connected[39m
2025-11-09 18:49:48:4948 [31merror[39m: [31mMongoose connection error: Cannot read properties of undefined (reading 'dbName')[39m
2025-11-09 18:49:48:4948 [31merror[39m: [31m  ❌ MongoDB (Mongoose) URI set but connection failed[39m
2025-11-09 18:49:48:4948 [32minfo[39m: [32m[39m
[32m━━━━━━━━━━━━━━━━━━━━━━━━━━━━━━━━━━━━━━━━━━━━━━━━━━━━━━━━━[39m
2025-11-09 18:49:48:4948 [32minfo[39m: [32mSTEP 3: Service Configuration[39m
2025-11-09 18:49:48:4948 [32minfo[39m: [32m━━━━━━━━━━━━━━━━━━━━━━━━━━━━━━━━━━━━━━━━━━━━━━━━━━━━━━━━━[39m
2025-11-09 18:49:48:4948 [32minfo[39m: [32m🔧 Checking service configurations...[39m
2025-11-09 18:49:48:4948 [32minfo[39m: [32m  ✅ Cloudflare R2 configured[39m
2025-11-09 18:49:48:4948 [32minfo[39m: [32m  ✅ JWT authentication configured[39m
2025-11-09 18:49:48:4948 [32minfo[39m: [32m  ✅ CORS configured (2 origins)[39m
2025-11-09 18:49:48:4948 [32minfo[39m: [32m✅ Service configurations checked[39m
2025-11-09 18:49:48:4948 [32minfo[39m: [32m[39m
[32m━━━━━━━━━━━━━━━━━━━━━━━━━━━━━━━━━━━━━━━━━━━━━━━━━━━━━━━━━[39m
2025-11-09 18:49:48:4948 [32minfo[39m: [32mSTEP 4: System Information[39m
2025-11-09 18:49:48:4948 [32minfo[39m: [32m━━━━━━━━━━━━━━━━━━━━━━━━━━━━━━━━━━━━━━━━━━━━━━━━━━━━━━━━━[39m
2025-11-09 18:49:48:4948 [32minfo[39m: [32m📊 System Information:[39m
2025-11-09 18:49:48:4948 [32minfo[39m: [32m  • Node.js: v22.20.0[39m
2025-11-09 18:49:48:4948 [32minfo[39m: [32m  • Platform: linux[39m
2025-11-09 18:49:48:4948 [32minfo[39m: [32m  • Architecture: x64[39m
2025-11-09 18:49:48:4948 [32minfo[39m: [32m  • Memory: 39MB[39m
2025-11-09 18:49:48:4948 [32minfo[39m: [32m  • Environment: development[39m
2025-11-09 18:49:48:4948 [32minfo[39m: [32m  • Port: 3000[39m
2025-11-09 18:49:48:4948 [32minfo[39m: [32m[39m
[32m━━━━━━━━━━━━━━━━━━━━━━━━━━━━━━━━━━━━━━━━━━━━━━━━━━━━━━━━━[39m
2025-11-09 18:49:48:4948 [32minfo[39m: [32mSTEP 5: Starting HTTP Server[39m
2025-11-09 18:49:48:4948 [32minfo[39m: [32m━━━━━━━━━━━━━━━━━━━━━━━━━━━━━━━━━━━━━━━━━━━━━━━━━━━━━━━━━[39m
2025-11-09 18:49:48:4948 [32minfo[39m: [32m[39m
[32m🚀 Server started successfully![39m
2025-11-09 18:49:48:4948 [32minfo[39m: [32m[39m
[32m📍 Endpoints:[39m
2025-11-09 18:49:48:4948 [32minfo[39m: [32m   • Health Check: http://localhost:3000/health[39m
2025-11-09 18:49:48:4948 [32minfo[39m: [32m   • API Info:     http://localhost:3000/api[39m
2025-11-09 18:49:48:4948 [32minfo[39m: [32m   • API Base:     http://localhost:3000/api/*[39m
2025-11-09 18:49:48:4948 [32minfo[39m: [32m[39m
[32m🔧 Services Status:[39m
2025-11-09 18:49:48:4948 [32minfo[39m: [32m   • Database:     ✅ Connected[39m
2025-11-09 18:49:48:4948 [32minfo[39m: [32m   • Cache:        ✅ Connected[39m
2025-11-09 18:49:48:4948 [32minfo[39m: [32m   • Analytics:    ⚠️  Disabled[39m
2025-11-09 18:49:48:4948 [32minfo[39m: [32m[39m
[32m━━━━━━━━━━━━━━━━━━━━━━━━━━━━━━━━━━━━━━━━━━━━━━━━━━━━━━━━━[39m
2025-11-09 18:49:48:4948 [32minfo[39m: [32m✅ FreeTune Backend is ready to serve requests![39m
2025-11-09 18:49:48:4948 [32minfo[39m: [32m━━━━━━━━━━━━━━━━━━━━━━━━━━━━━━━━━━━━━━━━━━━━━━━━━━━━━━━━━[39m
[32m[39m
2025-11-09 18:51:11:5111 [32minfo[39m: [32m━━━━━━━━━━━━━━━━━━━━━━━━━━━━━━━━━━━━━━━━━━━━━━━━━━━━━━━━━[39m
2025-11-09 18:51:11:5111 [32minfo[39m: [32mSTEP 1: Environment Validation[39m
2025-11-09 18:51:11:5111 [32minfo[39m: [32m━━━━━━━━━━━━━━━━━━━━━━━━━━━━━━━━━━━━━━━━━━━━━━━━━━━━━━━━━[39m
2025-11-09 18:51:11:5111 [32minfo[39m: [32m🔍 Validating environment variables...[39m
2025-11-09 18:51:11:5111 [32minfo[39m: [32m✅ Environment variables validated[39m
2025-11-09 18:51:11:5111 [32minfo[39m: [32m[39m
[32m━━━━━━━━━━━━━━━━━━━━━━━━━━━━━━━━━━━━━━━━━━━━━━━━━━━━━━━━━[39m
2025-11-09 18:51:11:5111 [32minfo[39m: [32mSTEP 2: Database Connections[39m
2025-11-09 18:51:11:5111 [32minfo[39m: [32m━━━━━━━━━━━━━━━━━━━━━━━━━━━━━━━━━━━━━━━━━━━━━━━━━━━━━━━━━[39m
2025-11-09 18:51:11:5111 [32minfo[39m: [32m🔌 Checking database connections...[39m
2025-11-09 18:51:11:5111 [32minfo[39m: [32mSupabase client initialized[39m
2025-11-09 18:51:13:5113 [32minfo[39m: [32m  ✅ Supabase (PostgreSQL) connected[39m
2025-11-09 18:51:13:5113 [32minfo[39m: [32mUpstash Redis initialized[39m
2025-11-09 18:51:14:5114 [32minfo[39m: [32m  ✅ Redis (Upstash) connected[39m
2025-11-09 18:51:14:5114 [31merror[39m: [31mMongoose connection error: Cannot read properties of undefined (reading 'dbName')[39m
2025-11-09 18:51:14:5114 [31merror[39m: [31m  ❌ MongoDB (Mongoose) URI set but connection failed[39m
2025-11-09 18:51:14:5114 [32minfo[39m: [32m[39m
[32m━━━━━━━━━━━━━━━━━━━━━━━━━━━━━━━━━━━━━━━━━━━━━━━━━━━━━━━━━[39m
2025-11-09 18:51:14:5114 [32minfo[39m: [32mSTEP 3: Service Configuration[39m
2025-11-09 18:51:14:5114 [32minfo[39m: [32m━━━━━━━━━━━━━━━━━━━━━━━━━━━━━━━━━━━━━━━━━━━━━━━━━━━━━━━━━[39m
2025-11-09 18:51:14:5114 [32minfo[39m: [32m🔧 Checking service configurations...[39m
2025-11-09 18:51:14:5114 [32minfo[39m: [32m  ✅ Cloudflare R2 configured[39m
2025-11-09 18:51:14:5114 [32minfo[39m: [32m  ✅ JWT authentication configured[39m
2025-11-09 18:51:14:5114 [32minfo[39m: [32m  ✅ CORS configured (2 origins)[39m
2025-11-09 18:51:14:5114 [32minfo[39m: [32m✅ Service configurations checked[39m
2025-11-09 18:51:14:5114 [32minfo[39m: [32m[39m
[32m━━━━━━━━━━━━━━━━━━━━━━━━━━━━━━━━━━━━━━━━━━━━━━━━━━━━━━━━━[39m
2025-11-09 18:51:14:5114 [32minfo[39m: [32mSTEP 4: System Information[39m
2025-11-09 18:51:14:5114 [32minfo[39m: [32m━━━━━━━━━━━━━━━━━━━━━━━━━━━━━━━━━━━━━━━━━━━━━━━━━━━━━━━━━[39m
2025-11-09 18:51:14:5114 [32minfo[39m: [32m📊 System Information:[39m
2025-11-09 18:51:14:5114 [32minfo[39m: [32m  • Node.js: v22.20.0[39m
2025-11-09 18:51:14:5114 [32minfo[39m: [32m  • Platform: linux[39m
2025-11-09 18:51:14:5114 [32minfo[39m: [32m  • Architecture: x64[39m
2025-11-09 18:51:14:5114 [32minfo[39m: [32m  • Memory: 39MB[39m
2025-11-09 18:51:14:5114 [32minfo[39m: [32m  • Environment: development[39m
2025-11-09 18:51:14:5114 [32minfo[39m: [32m  • Port: 3000[39m
2025-11-09 18:51:14:5114 [32minfo[39m: [32m[39m
[32m━━━━━━━━━━━━━━━━━━━━━━━━━━━━━━━━━━━━━━━━━━━━━━━━━━━━━━━━━[39m
2025-11-09 18:51:14:5114 [32minfo[39m: [32mSTEP 5: Starting HTTP Server[39m
2025-11-09 18:51:14:5114 [32minfo[39m: [32m━━━━━━━━━━━━━━━━━━━━━━━━━━━━━━━━━━━━━━━━━━━━━━━━━━━━━━━━━[39m
2025-11-09 18:51:14:5114 [32minfo[39m: [32m[39m
[32m🚀 Server started successfully![39m
2025-11-09 18:51:14:5114 [32minfo[39m: [32m[39m
[32m📍 Endpoints:[39m
2025-11-09 18:51:14:5114 [32minfo[39m: [32m   • Health Check: http://localhost:3000/health[39m
2025-11-09 18:51:14:5114 [32minfo[39m: [32m   • API Info:     http://localhost:3000/api[39m
2025-11-09 18:51:14:5114 [32minfo[39m: [32m   • API Base:     http://localhost:3000/api/*[39m
2025-11-09 18:51:14:5114 [32minfo[39m: [32m[39m
[32m🔧 Services Status:[39m
2025-11-09 18:51:14:5114 [32minfo[39m: [32m   • Database:     ✅ Connected[39m
2025-11-09 18:51:14:5114 [32minfo[39m: [32m   • Cache:        ✅ Connected[39m
2025-11-09 18:51:14:5114 [32minfo[39m: [32m   • Analytics:    ⚠️  Disabled[39m
2025-11-09 18:51:14:5114 [32minfo[39m: [32m[39m
[32m━━━━━━━━━━━━━━━━━━━━━━━━━━━━━━━━━━━━━━━━━━━━━━━━━━━━━━━━━[39m
2025-11-09 18:51:14:5114 [32minfo[39m: [32m✅ FreeTune Backend is ready to serve requests![39m
2025-11-09 18:51:14:5114 [32minfo[39m: [32m━━━━━━━━━━━━━━━━━━━━━━━━━━━━━━━━━━━━━━━━━━━━━━━━━━━━━━━━━[39m
[32m[39m
2025-11-09 18:51:16:5116 [32minfo[39m: [32m━━━━━━━━━━━━━━━━━━━━━━━━━━━━━━━━━━━━━━━━━━━━━━━━━━━━━━━━━[39m
2025-11-09 18:51:16:5116 [32minfo[39m: [32mSTEP 1: Environment Validation[39m
2025-11-09 18:51:16:5116 [32minfo[39m: [32m━━━━━━━━━━━━━━━━━━━━━━━━━━━━━━━━━━━━━━━━━━━━━━━━━━━━━━━━━[39m
2025-11-09 18:51:16:5116 [32minfo[39m: [32m🔍 Validating environment variables...[39m
2025-11-09 18:51:16:5116 [32minfo[39m: [32m✅ Environment variables validated[39m
2025-11-09 18:51:16:5116 [32minfo[39m: [32m[39m
[32m━━━━━━━━━━━━━━━━━━━━━━━━━━━━━━━━━━━━━━━━━━━━━━━━━━━━━━━━━[39m
2025-11-09 18:51:16:5116 [32minfo[39m: [32mSTEP 2: Database Connections[39m
2025-11-09 18:51:16:5116 [32minfo[39m: [32m━━━━━━━━━━━━━━━━━━━━━━━━━━━━━━━━━━━━━━━━━━━━━━━━━━━━━━━━━[39m
2025-11-09 18:51:16:5116 [32minfo[39m: [32m🔌 Checking database connections...[39m
2025-11-09 18:51:16:5116 [32minfo[39m: [32mSupabase client initialized[39m
2025-11-09 18:51:17:5117 [32minfo[39m: [32m  ✅ Supabase (PostgreSQL) connected[39m
2025-11-09 18:51:17:5117 [32minfo[39m: [32mUpstash Redis initialized[39m
2025-11-09 18:51:19:5119 [32minfo[39m: [32m━━━━━━━━━━━━━━━━━━━━━━━━━━━━━━━━━━━━━━━━━━━━━━━━━━━━━━━━━[39m
2025-11-09 18:51:19:5119 [32minfo[39m: [32mSTEP 1: Environment Validation[39m
2025-11-09 18:51:19:5119 [32minfo[39m: [32m━━━━━━━━━━━━━━━━━━━━━━━━━━━━━━━━━━━━━━━━━━━━━━━━━━━━━━━━━[39m
2025-11-09 18:51:19:5119 [32minfo[39m: [32m🔍 Validating environment variables...[39m
2025-11-09 18:51:19:5119 [32minfo[39m: [32m✅ Environment variables validated[39m
2025-11-09 18:51:19:5119 [32minfo[39m: [32m[39m
[32m━━━━━━━━━━━━━━━━━━━━━━━━━━━━━━━━━━━━━━━━━━━━━━━━━━━━━━━━━[39m
2025-11-09 18:51:19:5119 [32minfo[39m: [32mSTEP 2: Database Connections[39m
2025-11-09 18:51:19:5119 [32minfo[39m: [32m━━━━━━━━━━━━━━━━━━━━━━━━━━━━━━━━━━━━━━━━━━━━━━━━━━━━━━━━━[39m
2025-11-09 18:51:19:5119 [32minfo[39m: [32m🔌 Checking database connections...[39m
2025-11-09 18:51:19:5119 [32minfo[39m: [32mSupabase client initialized[39m
2025-11-09 18:51:19:5119 [32minfo[39m: [32m  ✅ Supabase (PostgreSQL) connected[39m
2025-11-09 18:51:19:5119 [32minfo[39m: [32mUpstash Redis initialized[39m
2025-11-09 18:51:20:5120 [32minfo[39m: [32m  ✅ Redis (Upstash) connected[39m
2025-11-09 18:51:20:5120 [31merror[39m: [31mMongoose connection error: Cannot read properties of undefined (reading 'dbName')[39m
2025-11-09 18:51:20:5120 [31merror[39m: [31m  ❌ MongoDB (Mongoose) URI set but connection failed[39m
2025-11-09 18:51:20:5120 [32minfo[39m: [32m[39m
[32m━━━━━━━━━━━━━━━━━━━━━━━━━━━━━━━━━━━━━━━━━━━━━━━━━━━━━━━━━[39m
2025-11-09 18:51:20:5120 [32minfo[39m: [32mSTEP 3: Service Configuration[39m
2025-11-09 18:51:20:5120 [32minfo[39m: [32m━━━━━━━━━━━━━━━━━━━━━━━━━━━━━━━━━━━━━━━━━━━━━━━━━━━━━━━━━[39m
2025-11-09 18:51:20:5120 [32minfo[39m: [32m🔧 Checking service configurations...[39m
2025-11-09 18:51:20:5120 [32minfo[39m: [32m  ✅ Cloudflare R2 configured[39m
2025-11-09 18:51:20:5120 [32minfo[39m: [32m  ✅ JWT authentication configured[39m
2025-11-09 18:51:20:5120 [32minfo[39m: [32m  ✅ CORS configured (2 origins)[39m
2025-11-09 18:51:20:5120 [32minfo[39m: [32m✅ Service configurations checked[39m
2025-11-09 18:51:20:5120 [32minfo[39m: [32m[39m
[32m━━━━━━━━━━━━━━━━━━━━━━━━━━━━━━━━━━━━━━━━━━━━━━━━━━━━━━━━━[39m
2025-11-09 18:51:20:5120 [32minfo[39m: [32mSTEP 4: System Information[39m
2025-11-09 18:51:20:5120 [32minfo[39m: [32m━━━━━━━━━━━━━━━━━━━━━━━━━━━━━━━━━━━━━━━━━━━━━━━━━━━━━━━━━[39m
2025-11-09 18:51:20:5120 [32minfo[39m: [32m📊 System Information:[39m
2025-11-09 18:51:20:5120 [32minfo[39m: [32m  • Node.js: v22.20.0[39m
2025-11-09 18:51:20:5120 [32minfo[39m: [32m  • Platform: linux[39m
2025-11-09 18:51:20:5120 [32minfo[39m: [32m  • Architecture: x64[39m
2025-11-09 18:51:20:5120 [32minfo[39m: [32m  • Memory: 39MB[39m
2025-11-09 18:51:20:5120 [32minfo[39m: [32m  • Environment: development[39m
2025-11-09 18:51:20:5120 [32minfo[39m: [32m  • Port: 3000[39m
2025-11-09 18:51:20:5120 [32minfo[39m: [32m[39m
[32m━━━━━━━━━━━━━━━━━━━━━━━━━━━━━━━━━━━━━━━━━━━━━━━━━━━━━━━━━[39m
2025-11-09 18:51:20:5120 [32minfo[39m: [32mSTEP 5: Starting HTTP Server[39m
2025-11-09 18:51:20:5120 [32minfo[39m: [32m━━━━━━━━━━━━━━━━━━━━━━━━━━━━━━━━━━━━━━━━━━━━━━━━━━━━━━━━━[39m
2025-11-09 18:51:20:5120 [32minfo[39m: [32m[39m
[32m🚀 Server started successfully![39m
2025-11-09 18:51:20:5120 [32minfo[39m: [32m[39m
[32m📍 Endpoints:[39m
2025-11-09 18:51:20:5120 [32minfo[39m: [32m   • Health Check: http://localhost:3000/health[39m
2025-11-09 18:51:20:5120 [32minfo[39m: [32m   • API Info:     http://localhost:3000/api[39m
2025-11-09 18:51:20:5120 [32minfo[39m: [32m   • API Base:     http://localhost:3000/api/*[39m
2025-11-09 18:51:20:5120 [32minfo[39m: [32m[39m
[32m🔧 Services Status:[39m
2025-11-09 18:51:20:5120 [32minfo[39m: [32m   • Database:     ✅ Connected[39m
2025-11-09 18:51:20:5120 [32minfo[39m: [32m   • Cache:        ✅ Connected[39m
2025-11-09 18:51:20:5120 [32minfo[39m: [32m   • Analytics:    ⚠️  Disabled[39m
2025-11-09 18:51:20:5120 [32minfo[39m: [32m[39m
[32m━━━━━━━━━━━━━━━━━━━━━━━━━━━━━━━━━━━━━━━━━━━━━━━━━━━━━━━━━[39m
2025-11-09 18:51:20:5120 [32minfo[39m: [32m✅ FreeTune Backend is ready to serve requests![39m
2025-11-09 18:51:20:5120 [32minfo[39m: [32m━━━━━━━━━━━━━━━━━━━━━━━━━━━━━━━━━━━━━━━━━━━━━━━━━━━━━━━━━[39m
[32m[39m
2025-11-09 18:51:24:5124 [32minfo[39m: [32m━━━━━━━━━━━━━━━━━━━━━━━━━━━━━━━━━━━━━━━━━━━━━━━━━━━━━━━━━[39m
2025-11-09 18:51:24:5124 [32minfo[39m: [32mSTEP 1: Environment Validation[39m
2025-11-09 18:51:24:5124 [32minfo[39m: [32m━━━━━━━━━━━━━━━━━━━━━━━━━━━━━━━━━━━━━━━━━━━━━━━━━━━━━━━━━[39m
2025-11-09 18:51:24:5124 [32minfo[39m: [32m🔍 Validating environment variables...[39m
2025-11-09 18:51:24:5124 [32minfo[39m: [32m✅ Environment variables validated[39m
2025-11-09 18:51:24:5124 [32minfo[39m: [32m[39m
[32m━━━━━━━━━━━━━━━━━━━━━━━━━━━━━━━━━━━━━━━━━━━━━━━━━━━━━━━━━[39m
2025-11-09 18:51:24:5124 [32minfo[39m: [32mSTEP 2: Database Connections[39m
2025-11-09 18:51:24:5124 [32minfo[39m: [32m━━━━━━━━━━━━━━━━━━━━━━━━━━━━━━━━━━━━━━━━━━━━━━━━━━━━━━━━━[39m
2025-11-09 18:51:24:5124 [32minfo[39m: [32m🔌 Checking database connections...[39m
2025-11-09 18:51:24:5124 [32minfo[39m: [32mSupabase client initialized[39m
2025-11-09 18:51:24:5124 [32minfo[39m: [32m  ✅ Supabase (PostgreSQL) connected[39m
2025-11-09 18:51:24:5124 [32minfo[39m: [32mUpstash Redis initialized[39m
2025-11-09 18:51:25:5125 [32minfo[39m: [32m  ✅ Redis (Upstash) connected[39m
2025-11-09 18:51:25:5125 [31merror[39m: [31mMongoose connection error: Cannot read properties of undefined (reading 'dbName')[39m
2025-11-09 18:51:25:5125 [31merror[39m: [31m  ❌ MongoDB (Mongoose) URI set but connection failed[39m
2025-11-09 18:51:25:5125 [32minfo[39m: [32m[39m
[32m━━━━━━━━━━━━━━━━━━━━━━━━━━━━━━━━━━━━━━━━━━━━━━━━━━━━━━━━━[39m
2025-11-09 18:51:25:5125 [32minfo[39m: [32mSTEP 3: Service Configuration[39m
2025-11-09 18:51:25:5125 [32minfo[39m: [32m━━━━━━━━━━━━━━━━━━━━━━━━━━━━━━━━━━━━━━━━━━━━━━━━━━━━━━━━━[39m
2025-11-09 18:51:25:5125 [32minfo[39m: [32m🔧 Checking service configurations...[39m
2025-11-09 18:51:25:5125 [32minfo[39m: [32m  ✅ Cloudflare R2 configured[39m
2025-11-09 18:51:25:5125 [32minfo[39m: [32m  ✅ JWT authentication configured[39m
2025-11-09 18:51:25:5125 [32minfo[39m: [32m  ✅ CORS configured (2 origins)[39m
2025-11-09 18:51:25:5125 [32minfo[39m: [32m✅ Service configurations checked[39m
2025-11-09 18:51:25:5125 [32minfo[39m: [32m[39m
[32m━━━━━━━━━━━━━━━━━━━━━━━━━━━━━━━━━━━━━━━━━━━━━━━━━━━━━━━━━[39m
2025-11-09 18:51:25:5125 [32minfo[39m: [32mSTEP 4: System Information[39m
2025-11-09 18:51:25:5125 [32minfo[39m: [32m━━━━━━━━━━━━━━━━━━━━━━━━━━━━━━━━━━━━━━━━━━━━━━━━━━━━━━━━━[39m
2025-11-09 18:51:25:5125 [32minfo[39m: [32m📊 System Information:[39m
2025-11-09 18:51:25:5125 [32minfo[39m: [32m  • Node.js: v22.20.0[39m
2025-11-09 18:51:25:5125 [32minfo[39m: [32m  • Platform: linux[39m
2025-11-09 18:51:25:5125 [32minfo[39m: [32m  • Architecture: x64[39m
2025-11-09 18:51:25:5125 [32minfo[39m: [32m  • Memory: 39MB[39m
2025-11-09 18:51:25:5125 [32minfo[39m: [32m  • Environment: development[39m
2025-11-09 18:51:25:5125 [32minfo[39m: [32m  • Port: 3000[39m
2025-11-09 18:51:25:5125 [32minfo[39m: [32m[39m
[32m━━━━━━━━━━━━━━━━━━━━━━━━━━━━━━━━━━━━━━━━━━━━━━━━━━━━━━━━━[39m
2025-11-09 18:51:25:5125 [32minfo[39m: [32mSTEP 5: Starting HTTP Server[39m
2025-11-09 18:51:25:5125 [32minfo[39m: [32m━━━━━━━━━━━━━━━━━━━━━━━━━━━━━━━━━━━━━━━━━━━━━━━━━━━━━━━━━[39m
2025-11-09 18:51:25:5125 [32minfo[39m: [32m[39m
[32m🚀 Server started successfully![39m
2025-11-09 18:51:25:5125 [32minfo[39m: [32m[39m
[32m📍 Endpoints:[39m
2025-11-09 18:51:25:5125 [32minfo[39m: [32m   • Health Check: http://localhost:3000/health[39m
2025-11-09 18:51:25:5125 [32minfo[39m: [32m   • API Info:     http://localhost:3000/api[39m
2025-11-09 18:51:25:5125 [32minfo[39m: [32m   • API Base:     http://localhost:3000/api/*[39m
2025-11-09 18:51:25:5125 [32minfo[39m: [32m[39m
[32m🔧 Services Status:[39m
2025-11-09 18:51:25:5125 [32minfo[39m: [32m   • Database:     ✅ Connected[39m
2025-11-09 18:51:25:5125 [32minfo[39m: [32m   • Cache:        ✅ Connected[39m
2025-11-09 18:51:25:5125 [32minfo[39m: [32m   • Analytics:    ⚠️  Disabled[39m
2025-11-09 18:51:25:5125 [32minfo[39m: [32m[39m
[32m━━━━━━━━━━━━━━━━━━━━━━━━━━━━━━━━━━━━━━━━━━━━━━━━━━━━━━━━━[39m
2025-11-09 18:51:25:5125 [32minfo[39m: [32m✅ FreeTune Backend is ready to serve requests![39m
2025-11-09 18:51:25:5125 [32minfo[39m: [32m━━━━━━━━━━━━━━━━━━━━━━━━━━━━━━━━━━━━━━━━━━━━━━━━━━━━━━━━━[39m
[32m[39m
2025-11-09 18:51:33:5133 [32minfo[39m: [32m━━━━━━━━━━━━━━━━━━━━━━━━━━━━━━━━━━━━━━━━━━━━━━━━━━━━━━━━━[39m
2025-11-09 18:51:33:5133 [32minfo[39m: [32mSTEP 1: Environment Validation[39m
2025-11-09 18:51:33:5133 [32minfo[39m: [32m━━━━━━━━━━━━━━━━━━━━━━━━━━━━━━━━━━━━━━━━━━━━━━━━━━━━━━━━━[39m
2025-11-09 18:51:33:5133 [32minfo[39m: [32m🔍 Validating environment variables...[39m
2025-11-09 18:51:33:5133 [32minfo[39m: [32m✅ Environment variables validated[39m
2025-11-09 18:51:33:5133 [32minfo[39m: [32m[39m
[32m━━━━━━━━━━━━━━━━━━━━━━━━━━━━━━━━━━━━━━━━━━━━━━━━━━━━━━━━━[39m
2025-11-09 18:51:33:5133 [32minfo[39m: [32mSTEP 2: Database Connections[39m
2025-11-09 18:51:33:5133 [32minfo[39m: [32m━━━━━━━━━━━━━━━━━━━━━━━━━━━━━━━━━━━━━━━━━━━━━━━━━━━━━━━━━[39m
2025-11-09 18:51:33:5133 [32minfo[39m: [32m🔌 Checking database connections...[39m
2025-11-09 18:51:33:5133 [32minfo[39m: [32mSupabase client initialized[39m
2025-11-09 18:51:34:5134 [32minfo[39m: [32m  ✅ Supabase (PostgreSQL) connected[39m
2025-11-09 18:51:34:5134 [32minfo[39m: [32mUpstash Redis initialized[39m
2025-11-09 18:51:35:5135 [32minfo[39m: [32m  ✅ Redis (Upstash) connected[39m
2025-11-09 18:51:35:5135 [31merror[39m: [31mMongoose connection error: Cannot read properties of undefined (reading 'dbName')[39m
2025-11-09 18:51:35:5135 [31merror[39m: [31m  ❌ MongoDB (Mongoose) URI set but connection failed[39m
2025-11-09 18:51:35:5135 [32minfo[39m: [32m[39m
[32m━━━━━━━━━━━━━━━━━━━━━━━━━━━━━━━━━━━━━━━━━━━━━━━━━━━━━━━━━[39m
2025-11-09 18:51:35:5135 [32minfo[39m: [32mSTEP 3: Service Configuration[39m
2025-11-09 18:51:35:5135 [32minfo[39m: [32m━━━━━━━━━━━━━━━━━━━━━━━━━━━━━━━━━━━━━━━━━━━━━━━━━━━━━━━━━[39m
2025-11-09 18:51:35:5135 [32minfo[39m: [32m🔧 Checking service configurations...[39m
2025-11-09 18:51:35:5135 [32minfo[39m: [32m  ✅ Cloudflare R2 configured[39m
2025-11-09 18:51:35:5135 [32minfo[39m: [32m  ✅ JWT authentication configured[39m
2025-11-09 18:51:35:5135 [32minfo[39m: [32m  ✅ CORS configured (2 origins)[39m
2025-11-09 18:51:35:5135 [32minfo[39m: [32m✅ Service configurations checked[39m
2025-11-09 18:51:35:5135 [32minfo[39m: [32m[39m
[32m━━━━━━━━━━━━━━━━━━━━━━━━━━━━━━━━━━━━━━━━━━━━━━━━━━━━━━━━━[39m
2025-11-09 18:51:35:5135 [32minfo[39m: [32mSTEP 4: System Information[39m
2025-11-09 18:51:35:5135 [32minfo[39m: [32m━━━━━━━━━━━━━━━━━━━━━━━━━━━━━━━━━━━━━━━━━━━━━━━━━━━━━━━━━[39m
2025-11-09 18:51:35:5135 [32minfo[39m: [32m📊 System Information:[39m
2025-11-09 18:51:35:5135 [32minfo[39m: [32m  • Node.js: v22.20.0[39m
2025-11-09 18:51:35:5135 [32minfo[39m: [32m  • Platform: linux[39m
2025-11-09 18:51:35:5135 [32minfo[39m: [32m  • Architecture: x64[39m
2025-11-09 18:51:35:5135 [32minfo[39m: [32m  • Memory: 39MB[39m
2025-11-09 18:51:35:5135 [32minfo[39m: [32m  • Environment: development[39m
2025-11-09 18:51:35:5135 [32minfo[39m: [32m  • Port: 3000[39m
2025-11-09 18:51:35:5135 [32minfo[39m: [32m[39m
[32m━━━━━━━━━━━━━━━━━━━━━━━━━━━━━━━━━━━━━━━━━━━━━━━━━━━━━━━━━[39m
2025-11-09 18:51:35:5135 [32minfo[39m: [32mSTEP 5: Starting HTTP Server[39m
2025-11-09 18:51:35:5135 [32minfo[39m: [32m━━━━━━━━━━━━━━━━━━━━━━━━━━━━━━━━━━━━━━━━━━━━━━━━━━━━━━━━━[39m
2025-11-09 18:51:35:5135 [32minfo[39m: [32m[39m
[32m🚀 Server started successfully![39m
2025-11-09 18:51:35:5135 [32minfo[39m: [32m[39m
[32m📍 Endpoints:[39m
2025-11-09 18:51:35:5135 [32minfo[39m: [32m   • Health Check: http://localhost:3000/health[39m
2025-11-09 18:51:35:5135 [32minfo[39m: [32m   • API Info:     http://localhost:3000/api[39m
2025-11-09 18:51:35:5135 [32minfo[39m: [32m   • API Base:     http://localhost:3000/api/*[39m
2025-11-09 18:51:35:5135 [32minfo[39m: [32m[39m
[32m🔧 Services Status:[39m
2025-11-09 18:51:35:5135 [32minfo[39m: [32m   • Database:     ✅ Connected[39m
2025-11-09 18:51:35:5135 [32minfo[39m: [32m   • Cache:        ✅ Connected[39m
2025-11-09 18:51:35:5135 [32minfo[39m: [32m   • Analytics:    ⚠️  Disabled[39m
2025-11-09 18:51:35:5135 [32minfo[39m: [32m[39m
[32m━━━━━━━━━━━━━━━━━━━━━━━━━━━━━━━━━━━━━━━━━━━━━━━━━━━━━━━━━[39m
2025-11-09 18:51:35:5135 [32minfo[39m: [32m✅ FreeTune Backend is ready to serve requests![39m
2025-11-09 18:51:35:5135 [32minfo[39m: [32m━━━━━━━━━━━━━━━━━━━━━━━━━━━━━━━━━━━━━━━━━━━━━━━━━━━━━━━━━[39m
[32m[39m
2025-11-09 18:51:49:5149 [32minfo[39m: [32m━━━━━━━━━━━━━━━━━━━━━━━━━━━━━━━━━━━━━━━━━━━━━━━━━━━━━━━━━[39m
2025-11-09 18:51:49:5149 [32minfo[39m: [32mSTEP 1: Environment Validation[39m
2025-11-09 18:51:49:5149 [32minfo[39m: [32m━━━━━━━━━━━━━━━━━━━━━━━━━━━━━━━━━━━━━━━━━━━━━━━━━━━━━━━━━[39m
2025-11-09 18:51:49:5149 [32minfo[39m: [32m🔍 Validating environment variables...[39m
2025-11-09 18:51:49:5149 [32minfo[39m: [32m✅ Environment variables validated[39m
2025-11-09 18:51:49:5149 [32minfo[39m: [32m[39m
[32m━━━━━━━━━━━━━━━━━━━━━━━━━━━━━━━━━━━━━━━━━━━━━━━━━━━━━━━━━[39m
2025-11-09 18:51:49:5149 [32minfo[39m: [32mSTEP 2: Database Connections[39m
2025-11-09 18:51:49:5149 [32minfo[39m: [32m━━━━━━━━━━━━━━━━━━━━━━━━━━━━━━━━━━━━━━━━━━━━━━━━━━━━━━━━━[39m
2025-11-09 18:51:49:5149 [32minfo[39m: [32m🔌 Checking database connections...[39m
2025-11-09 18:51:49:5149 [32minfo[39m: [32mSupabase client initialized[39m
2025-11-09 18:51:50:5150 [32minfo[39m: [32m  ✅ Supabase (PostgreSQL) connected[39m
2025-11-09 18:51:50:5150 [32minfo[39m: [32mUpstash Redis initialized[39m
2025-11-09 18:51:50:5150 [32minfo[39m: [32m  ✅ Redis (Upstash) connected[39m
2025-11-09 18:51:50:5150 [31merror[39m: [31mMongoose connection error: Cannot read properties of undefined (reading 'dbName')[39m
2025-11-09 18:51:50:5150 [31merror[39m: [31m  ❌ MongoDB (Mongoose) URI set but connection failed[39m
2025-11-09 18:51:50:5150 [32minfo[39m: [32m[39m
[32m━━━━━━━━━━━━━━━━━━━━━━━━━━━━━━━━━━━━━━━━━━━━━━━━━━━━━━━━━[39m
2025-11-09 18:51:50:5150 [32minfo[39m: [32mSTEP 3: Service Configuration[39m
2025-11-09 18:51:50:5150 [32minfo[39m: [32m━━━━━━━━━━━━━━━━━━━━━━━━━━━━━━━━━━━━━━━━━━━━━━━━━━━━━━━━━[39m
2025-11-09 18:51:50:5150 [32minfo[39m: [32m🔧 Checking service configurations...[39m
2025-11-09 18:51:50:5150 [32minfo[39m: [32m  ✅ Cloudflare R2 configured[39m
2025-11-09 18:51:50:5150 [32minfo[39m: [32m  ✅ JWT authentication configured[39m
2025-11-09 18:51:50:5150 [32minfo[39m: [32m  ✅ CORS configured (2 origins)[39m
2025-11-09 18:51:50:5150 [32minfo[39m: [32m✅ Service configurations checked[39m
2025-11-09 18:51:50:5150 [32minfo[39m: [32m[39m
[32m━━━━━━━━━━━━━━━━━━━━━━━━━━━━━━━━━━━━━━━━━━━━━━━━━━━━━━━━━[39m
2025-11-09 18:51:50:5150 [32minfo[39m: [32mSTEP 4: System Information[39m
2025-11-09 18:51:50:5150 [32minfo[39m: [32m━━━━━━━━━━━━━━━━━━━━━━━━━━━━━━━━━━━━━━━━━━━━━━━━━━━━━━━━━[39m
2025-11-09 18:51:50:5150 [32minfo[39m: [32m📊 System Information:[39m
2025-11-09 18:51:50:5150 [32minfo[39m: [32m  • Node.js: v22.20.0[39m
2025-11-09 18:51:50:5150 [32minfo[39m: [32m  • Platform: linux[39m
2025-11-09 18:51:50:5150 [32minfo[39m: [32m  • Architecture: x64[39m
2025-11-09 18:51:50:5150 [32minfo[39m: [32m  • Memory: 39MB[39m
2025-11-09 18:51:50:5150 [32minfo[39m: [32m  • Environment: development[39m
2025-11-09 18:51:50:5150 [32minfo[39m: [32m  • Port: 3000[39m
2025-11-09 18:51:50:5150 [32minfo[39m: [32m[39m
[32m━━━━━━━━━━━━━━━━━━━━━━━━━━━━━━━━━━━━━━━━━━━━━━━━━━━━━━━━━[39m
2025-11-09 18:51:50:5150 [32minfo[39m: [32mSTEP 5: Starting HTTP Server[39m
2025-11-09 18:51:50:5150 [32minfo[39m: [32m━━━━━━━━━━━━━━━━━━━━━━━━━━━━━━━━━━━━━━━━━━━━━━━━━━━━━━━━━[39m
2025-11-09 18:51:50:5150 [32minfo[39m: [32m[39m
[32m🚀 Server started successfully![39m
2025-11-09 18:51:50:5150 [32minfo[39m: [32m[39m
[32m📍 Endpoints:[39m
2025-11-09 18:51:50:5150 [32minfo[39m: [32m   • Health Check: http://localhost:3000/health[39m
2025-11-09 18:51:50:5150 [32minfo[39m: [32m   • API Info:     http://localhost:3000/api[39m
2025-11-09 18:51:50:5150 [32minfo[39m: [32m   • API Base:     http://localhost:3000/api/*[39m
2025-11-09 18:51:50:5150 [32minfo[39m: [32m[39m
[32m🔧 Services Status:[39m
2025-11-09 18:51:50:5150 [32minfo[39m: [32m   • Database:     ✅ Connected[39m
2025-11-09 18:51:50:5150 [32minfo[39m: [32m   • Cache:        ✅ Connected[39m
2025-11-09 18:51:50:5150 [32minfo[39m: [32m   • Analytics:    ⚠️  Disabled[39m
2025-11-09 18:51:50:5150 [32minfo[39m: [32m[39m
[32m━━━━━━━━━━━━━━━━━━━━━━━━━━━━━━━━━━━━━━━━━━━━━━━━━━━━━━━━━[39m
2025-11-09 18:51:50:5150 [32minfo[39m: [32m✅ FreeTune Backend is ready to serve requests![39m
2025-11-09 18:51:50:5150 [32minfo[39m: [32m━━━━━━━━━━━━━━━━━━━━━━━━━━━━━━━━━━━━━━━━━━━━━━━━━━━━━━━━━[39m
[32m[39m
2025-11-09 18:51:56:5156 [32minfo[39m: [32m━━━━━━━━━━━━━━━━━━━━━━━━━━━━━━━━━━━━━━━━━━━━━━━━━━━━━━━━━[39m
2025-11-09 18:51:56:5156 [32minfo[39m: [32mSTEP 1: Environment Validation[39m
2025-11-09 18:51:56:5156 [32minfo[39m: [32m━━━━━━━━━━━━━━━━━━━━━━━━━━━━━━━━━━━━━━━━━━━━━━━━━━━━━━━━━[39m
2025-11-09 18:51:56:5156 [32minfo[39m: [32m🔍 Validating environment variables...[39m
2025-11-09 18:51:56:5156 [32minfo[39m: [32m✅ Environment variables validated[39m
2025-11-09 18:51:56:5156 [32minfo[39m: [32m[39m
[32m━━━━━━━━━━━━━━━━━━━━━━━━━━━━━━━━━━━━━━━━━━━━━━━━━━━━━━━━━[39m
2025-11-09 18:51:56:5156 [32minfo[39m: [32mSTEP 2: Database Connections[39m
2025-11-09 18:51:56:5156 [32minfo[39m: [32m━━━━━━━━━━━━━━━━━━━━━━━━━━━━━━━━━━━━━━━━━━━━━━━━━━━━━━━━━[39m
2025-11-09 18:51:56:5156 [32minfo[39m: [32m🔌 Checking database connections...[39m
2025-11-09 18:51:56:5156 [32minfo[39m: [32mSupabase client initialized[39m
2025-11-09 18:51:56:5156 [32minfo[39m: [32m  ✅ Supabase (PostgreSQL) connected[39m
2025-11-09 18:51:56:5156 [32minfo[39m: [32mUpstash Redis initialized[39m
2025-11-09 18:51:57:5157 [32minfo[39m: [32m  ✅ Redis (Upstash) connected[39m
2025-11-09 18:51:57:5157 [31merror[39m: [31mMongoose connection error: Cannot read properties of undefined (reading 'dbName')[39m
2025-11-09 18:51:57:5157 [31merror[39m: [31m  ❌ MongoDB (Mongoose) URI set but connection failed[39m
2025-11-09 18:51:57:5157 [32minfo[39m: [32m[39m
[32m━━━━━━━━━━━━━━━━━━━━━━━━━━━━━━━━━━━━━━━━━━━━━━━━━━━━━━━━━[39m
2025-11-09 18:51:57:5157 [32minfo[39m: [32mSTEP 3: Service Configuration[39m
2025-11-09 18:51:57:5157 [32minfo[39m: [32m━━━━━━━━━━━━━━━━━━━━━━━━━━━━━━━━━━━━━━━━━━━━━━━━━━━━━━━━━[39m
2025-11-09 18:51:57:5157 [32minfo[39m: [32m🔧 Checking service configurations...[39m
2025-11-09 18:51:57:5157 [32minfo[39m: [32m  ✅ Cloudflare R2 configured[39m
2025-11-09 18:51:57:5157 [32minfo[39m: [32m  ✅ JWT authentication configured[39m
2025-11-09 18:51:57:5157 [32minfo[39m: [32m  ✅ CORS configured (2 origins)[39m
2025-11-09 18:51:57:5157 [32minfo[39m: [32m✅ Service configurations checked[39m
2025-11-09 18:51:57:5157 [32minfo[39m: [32m[39m
[32m━━━━━━━━━━━━━━━━━━━━━━━━━━━━━━━━━━━━━━━━━━━━━━━━━━━━━━━━━[39m
2025-11-09 18:51:57:5157 [32minfo[39m: [32mSTEP 4: System Information[39m
2025-11-09 18:51:57:5157 [32minfo[39m: [32m━━━━━━━━━━━━━━━━━━━━━━━━━━━━━━━━━━━━━━━━━━━━━━━━━━━━━━━━━[39m
2025-11-09 18:51:57:5157 [32minfo[39m: [32m📊 System Information:[39m
2025-11-09 18:51:57:5157 [32minfo[39m: [32m  • Node.js: v22.20.0[39m
2025-11-09 18:51:57:5157 [32minfo[39m: [32m  • Platform: linux[39m
2025-11-09 18:51:57:5157 [32minfo[39m: [32m  • Architecture: x64[39m
2025-11-09 18:51:57:5157 [32minfo[39m: [32m  • Memory: 39MB[39m
2025-11-09 18:51:57:5157 [32minfo[39m: [32m  • Environment: development[39m
2025-11-09 18:51:57:5157 [32minfo[39m: [32m  • Port: 3000[39m
2025-11-09 18:51:57:5157 [32minfo[39m: [32m[39m
[32m━━━━━━━━━━━━━━━━━━━━━━━━━━━━━━━━━━━━━━━━━━━━━━━━━━━━━━━━━[39m
2025-11-09 18:51:57:5157 [32minfo[39m: [32mSTEP 5: Starting HTTP Server[39m
2025-11-09 18:51:57:5157 [32minfo[39m: [32m━━━━━━━━━━━━━━━━━━━━━━━━━━━━━━━━━━━━━━━━━━━━━━━━━━━━━━━━━[39m
2025-11-09 18:51:57:5157 [32minfo[39m: [32m[39m
[32m🚀 Server started successfully![39m
2025-11-09 18:51:57:5157 [32minfo[39m: [32m[39m
[32m📍 Endpoints:[39m
2025-11-09 18:51:57:5157 [32minfo[39m: [32m   • Health Check: http://localhost:3000/health[39m
2025-11-09 18:51:57:5157 [32minfo[39m: [32m   • API Info:     http://localhost:3000/api[39m
2025-11-09 18:51:57:5157 [32minfo[39m: [32m   • API Base:     http://localhost:3000/api/*[39m
2025-11-09 18:51:57:5157 [32minfo[39m: [32m[39m
[32m🔧 Services Status:[39m
2025-11-09 18:51:57:5157 [32minfo[39m: [32m   • Database:     ✅ Connected[39m
2025-11-09 18:51:57:5157 [32minfo[39m: [32m   • Cache:        ✅ Connected[39m
2025-11-09 18:51:57:5157 [32minfo[39m: [32m   • Analytics:    ⚠️  Disabled[39m
2025-11-09 18:51:57:5157 [32minfo[39m: [32m[39m
[32m━━━━━━━━━━━━━━━━━━━━━━━━━━━━━━━━━━━━━━━━━━━━━━━━━━━━━━━━━[39m
2025-11-09 18:51:57:5157 [32minfo[39m: [32m✅ FreeTune Backend is ready to serve requests![39m
2025-11-09 18:51:57:5157 [32minfo[39m: [32m━━━━━━━━━━━━━━━━━━━━━━━━━━━━━━━━━━━━━━━━━━━━━━━━━━━━━━━━━[39m
[32m[39m
2025-11-09 18:52:04:524 [32minfo[39m: [32m━━━━━━━━━━━━━━━━━━━━━━━━━━━━━━━━━━━━━━━━━━━━━━━━━━━━━━━━━[39m
2025-11-09 18:52:04:524 [32minfo[39m: [32mSTEP 1: Environment Validation[39m
2025-11-09 18:52:04:524 [32minfo[39m: [32m━━━━━━━━━━━━━━━━━━━━━━━━━━━━━━━━━━━━━━━━━━━━━━━━━━━━━━━━━[39m
2025-11-09 18:52:04:524 [32minfo[39m: [32m🔍 Validating environment variables...[39m
2025-11-09 18:52:04:524 [32minfo[39m: [32m✅ Environment variables validated[39m
2025-11-09 18:52:04:524 [32minfo[39m: [32m[39m
[32m━━━━━━━━━━━━━━━━━━━━━━━━━━━━━━━━━━━━━━━━━━━━━━━━━━━━━━━━━[39m
2025-11-09 18:52:04:524 [32minfo[39m: [32mSTEP 2: Database Connections[39m
2025-11-09 18:52:04:524 [32minfo[39m: [32m━━━━━━━━━━━━━━━━━━━━━━━━━━━━━━━━━━━━━━━━━━━━━━━━━━━━━━━━━[39m
2025-11-09 18:52:04:524 [32minfo[39m: [32m🔌 Checking database connections...[39m
2025-11-09 18:52:04:524 [32minfo[39m: [32mSupabase client initialized[39m
2025-11-09 18:52:04:524 [32minfo[39m: [32m  ✅ Supabase (PostgreSQL) connected[39m
2025-11-09 18:52:04:524 [32minfo[39m: [32mUpstash Redis initialized[39m
2025-11-09 18:52:05:525 [32minfo[39m: [32m  ✅ Redis (Upstash) connected[39m
2025-11-09 18:52:05:525 [31merror[39m: [31mMongoose connection error: Cannot read properties of undefined (reading 'dbName')[39m
2025-11-09 18:52:05:525 [31merror[39m: [31m  ❌ MongoDB (Mongoose) URI set but connection failed[39m
2025-11-09 18:52:05:525 [32minfo[39m: [32m[39m
[32m━━━━━━━━━━━━━━━━━━━━━━━━━━━━━━━━━━━━━━━━━━━━━━━━━━━━━━━━━[39m
2025-11-09 18:52:05:525 [32minfo[39m: [32mSTEP 3: Service Configuration[39m
2025-11-09 18:52:05:525 [32minfo[39m: [32m━━━━━━━━━━━━━━━━━━━━━━━━━━━━━━━━━━━━━━━━━━━━━━━━━━━━━━━━━[39m
2025-11-09 18:52:05:525 [32minfo[39m: [32m🔧 Checking service configurations...[39m
2025-11-09 18:52:05:525 [32minfo[39m: [32m  ✅ Cloudflare R2 configured[39m
2025-11-09 18:52:05:525 [32minfo[39m: [32m  ✅ JWT authentication configured[39m
2025-11-09 18:52:05:525 [32minfo[39m: [32m  ✅ CORS configured (2 origins)[39m
2025-11-09 18:52:05:525 [32minfo[39m: [32m✅ Service configurations checked[39m
2025-11-09 18:52:05:525 [32minfo[39m: [32m[39m
[32m━━━━━━━━━━━━━━━━━━━━━━━━━━━━━━━━━━━━━━━━━━━━━━━━━━━━━━━━━[39m
2025-11-09 18:52:05:525 [32minfo[39m: [32mSTEP 4: System Information[39m
2025-11-09 18:52:05:525 [32minfo[39m: [32m━━━━━━━━━━━━━━━━━━━━━━━━━━━━━━━━━━━━━━━━━━━━━━━━━━━━━━━━━[39m
2025-11-09 18:52:05:525 [32minfo[39m: [32m📊 System Information:[39m
2025-11-09 18:52:05:525 [32minfo[39m: [32m  • Node.js: v22.20.0[39m
2025-11-09 18:52:05:525 [32minfo[39m: [32m  • Platform: linux[39m
2025-11-09 18:52:05:525 [32minfo[39m: [32m  • Architecture: x64[39m
2025-11-09 18:52:05:525 [32minfo[39m: [32m  • Memory: 39MB[39m
2025-11-09 18:52:05:525 [32minfo[39m: [32m  • Environment: development[39m
2025-11-09 18:52:05:525 [32minfo[39m: [32m  • Port: 3000[39m
2025-11-09 18:52:05:525 [32minfo[39m: [32m[39m
[32m━━━━━━━━━━━━━━━━━━━━━━━━━━━━━━━━━━━━━━━━━━━━━━━━━━━━━━━━━[39m
2025-11-09 18:52:05:525 [32minfo[39m: [32mSTEP 5: Starting HTTP Server[39m
2025-11-09 18:52:05:525 [32minfo[39m: [32m━━━━━━━━━━━━━━━━━━━━━━━━━━━━━━━━━━━━━━━━━━━━━━━━━━━━━━━━━[39m
2025-11-09 18:52:05:525 [32minfo[39m: [32m[39m
[32m🚀 Server started successfully![39m
2025-11-09 18:52:05:525 [32minfo[39m: [32m[39m
[32m📍 Endpoints:[39m
2025-11-09 18:52:05:525 [32minfo[39m: [32m   • Health Check: http://localhost:3000/health[39m
2025-11-09 18:52:05:525 [32minfo[39m: [32m   • API Info:     http://localhost:3000/api[39m
2025-11-09 18:52:05:525 [32minfo[39m: [32m   • API Base:     http://localhost:3000/api/*[39m
2025-11-09 18:52:05:525 [32minfo[39m: [32m[39m
[32m🔧 Services Status:[39m
2025-11-09 18:52:05:525 [32minfo[39m: [32m   • Database:     ✅ Connected[39m
2025-11-09 18:52:05:525 [32minfo[39m: [32m   • Cache:        ✅ Connected[39m
2025-11-09 18:52:05:525 [32minfo[39m: [32m   • Analytics:    ⚠️  Disabled[39m
2025-11-09 18:52:05:525 [32minfo[39m: [32m[39m
[32m━━━━━━━━━━━━━━━━━━━━━━━━━━━━━━━━━━━━━━━━━━━━━━━━━━━━━━━━━[39m
2025-11-09 18:52:05:525 [32minfo[39m: [32m✅ FreeTune Backend is ready to serve requests![39m
2025-11-09 18:52:05:525 [32minfo[39m: [32m━━━━━━━━━━━━━━━━━━━━━━━━━━━━━━━━━━━━━━━━━━━━━━━━━━━━━━━━━[39m
[32m[39m
2025-11-09 19:13:50:1350 [32minfo[39m: [32m━━━━━━━━━━━━━━━━━━━━━━━━━━━━━━━━━━━━━━━━━━━━━━━━━━━━━━━━━[39m
2025-11-09 19:13:50:1350 [32minfo[39m: [32mSTEP 1: Environment Validation[39m
2025-11-09 19:13:50:1350 [32minfo[39m: [32m━━━━━━━━━━━━━━━━━━━━━━━━━━━━━━━━━━━━━━━━━━━━━━━━━━━━━━━━━[39m
2025-11-09 19:13:50:1350 [32minfo[39m: [32m🔍 Validating environment variables...[39m
2025-11-09 19:13:50:1350 [32minfo[39m: [32m✅ Environment variables validated[39m
2025-11-09 19:13:50:1350 [32minfo[39m: [32m[39m
[32m━━━━━━━━━━━━━━━━━━━━━━━━━━━━━━━━━━━━━━━━━━━━━━━━━━━━━━━━━[39m
2025-11-09 19:13:50:1350 [32minfo[39m: [32mSTEP 2: Database Connections[39m
2025-11-09 19:13:50:1350 [32minfo[39m: [32m━━━━━━━━━━━━━━━━━━━━━━━━━━━━━━━━━━━━━━━━━━━━━━━━━━━━━━━━━[39m
2025-11-09 19:13:50:1350 [32minfo[39m: [32m🔌 Checking database connections...[39m
2025-11-09 19:13:50:1350 [32minfo[39m: [32mSupabase client initialized[39m
2025-11-09 19:13:51:1351 [32minfo[39m: [32m  ✅ Supabase (PostgreSQL) connected[39m
2025-11-09 19:13:51:1351 [32minfo[39m: [32mUpstash Redis initialized[39m
2025-11-09 19:13:52:1352 [32minfo[39m: [32m  ✅ Redis (Upstash) connected[39m
2025-11-09 19:13:52:1352 [31merror[39m: [31mMongoose connection error: Cannot read properties of undefined (reading 'dbName')[39m
2025-11-09 19:13:52:1352 [31merror[39m: [31m  ❌ MongoDB (Mongoose) URI set but connection failed[39m
2025-11-09 19:13:52:1352 [32minfo[39m: [32m[39m
[32m━━━━━━━━━━━━━━━━━━━━━━━━━━━━━━━━━━━━━━━━━━━━━━━━━━━━━━━━━[39m
2025-11-09 19:13:52:1352 [32minfo[39m: [32mSTEP 3: Service Configuration[39m
2025-11-09 19:13:52:1352 [32minfo[39m: [32m━━━━━━━━━━━━━━━━━━━━━━━━━━━━━━━━━━━━━━━━━━━━━━━━━━━━━━━━━[39m
2025-11-09 19:13:52:1352 [32minfo[39m: [32m🔧 Checking service configurations...[39m
2025-11-09 19:13:52:1352 [32minfo[39m: [32m  ✅ Cloudflare R2 configured[39m
2025-11-09 19:13:52:1352 [32minfo[39m: [32m  ✅ JWT authentication configured[39m
2025-11-09 19:13:52:1352 [32minfo[39m: [32m  ✅ CORS configured (2 origins)[39m
2025-11-09 19:13:52:1352 [32minfo[39m: [32m✅ Service configurations checked[39m
2025-11-09 19:13:52:1352 [32minfo[39m: [32m[39m
[32m━━━━━━━━━━━━━━━━━━━━━━━━━━━━━━━━━━━━━━━━━━━━━━━━━━━━━━━━━[39m
2025-11-09 19:13:52:1352 [32minfo[39m: [32mSTEP 4: System Information[39m
2025-11-09 19:13:52:1352 [32minfo[39m: [32m━━━━━━━━━━━━━━━━━━━━━━━━━━━━━━━━━━━━━━━━━━━━━━━━━━━━━━━━━[39m
2025-11-09 19:13:52:1352 [32minfo[39m: [32m📊 System Information:[39m
2025-11-09 19:13:52:1352 [32minfo[39m: [32m  • Node.js: v22.20.0[39m
2025-11-09 19:13:52:1352 [32minfo[39m: [32m  • Platform: linux[39m
2025-11-09 19:13:52:1352 [32minfo[39m: [32m  • Architecture: x64[39m
2025-11-09 19:13:52:1352 [32minfo[39m: [32m  • Memory: 39MB[39m
2025-11-09 19:13:52:1352 [32minfo[39m: [32m  • Environment: development[39m
2025-11-09 19:13:52:1352 [32minfo[39m: [32m  • Port: 3000[39m
2025-11-09 19:13:52:1352 [32minfo[39m: [32m[39m
[32m━━━━━━━━━━━━━━━━━━━━━━━━━━━━━━━━━━━━━━━━━━━━━━━━━━━━━━━━━[39m
2025-11-09 19:13:52:1352 [32minfo[39m: [32mSTEP 5: Starting HTTP Server[39m
2025-11-09 19:13:52:1352 [32minfo[39m: [32m━━━━━━━━━━━━━━━━━━━━━━━━━━━━━━━━━━━━━━━━━━━━━━━━━━━━━━━━━[39m
2025-11-09 19:13:52:1352 [32minfo[39m: [32m[39m
[32m🚀 Server started successfully![39m
2025-11-09 19:13:52:1352 [32minfo[39m: [32m[39m
[32m📍 Endpoints:[39m
2025-11-09 19:13:52:1352 [32minfo[39m: [32m   • Health Check: http://localhost:3000/health[39m
2025-11-09 19:13:52:1352 [32minfo[39m: [32m   • API Info:     http://localhost:3000/api[39m
2025-11-09 19:13:52:1352 [32minfo[39m: [32m   • API Base:     http://localhost:3000/api/*[39m
2025-11-09 19:13:52:1352 [32minfo[39m: [32m[39m
[32m🔧 Services Status:[39m
2025-11-09 19:13:52:1352 [32minfo[39m: [32m   • Database:     ✅ Connected[39m
2025-11-09 19:13:52:1352 [32minfo[39m: [32m   • Cache:        ✅ Connected[39m
2025-11-09 19:13:52:1352 [32minfo[39m: [32m   • Analytics:    ⚠️  Disabled[39m
2025-11-09 19:13:52:1352 [32minfo[39m: [32m[39m
[32m━━━━━━━━━━━━━━━━━━━━━━━━━━━━━━━━━━━━━━━━━━━━━━━━━━━━━━━━━[39m
2025-11-09 19:13:52:1352 [32minfo[39m: [32m✅ FreeTune Backend is ready to serve requests![39m
2025-11-09 19:13:52:1352 [32minfo[39m: [32m━━━━━━━━━━━━━━━━━━━━━━━━━━━━━━━━━━━━━━━━━━━━━━━━━━━━━━━━━[39m
[32m[39m
2025-11-09 19:14:14:1414 [32minfo[39m: [32m━━━━━━━━━━━━━━━━━━━━━━━━━━━━━━━━━━━━━━━━━━━━━━━━━━━━━━━━━[39m
2025-11-09 19:14:14:1414 [32minfo[39m: [32mSTEP 1: Environment Validation[39m
2025-11-09 19:14:14:1414 [32minfo[39m: [32m━━━━━━━━━━━━━━━━━━━━━━━━━━━━━━━━━━━━━━━━━━━━━━━━━━━━━━━━━[39m
2025-11-09 19:14:14:1414 [32minfo[39m: [32m🔍 Validating environment variables...[39m
2025-11-09 19:14:14:1414 [32minfo[39m: [32m✅ Environment variables validated[39m
2025-11-09 19:14:14:1414 [32minfo[39m: [32m[39m
[32m━━━━━━━━━━━━━━━━━━━━━━━━━━━━━━━━━━━━━━━━━━━━━━━━━━━━━━━━━[39m
2025-11-09 19:14:14:1414 [32minfo[39m: [32mSTEP 2: Database Connections[39m
2025-11-09 19:14:14:1414 [32minfo[39m: [32m━━━━━━━━━━━━━━━━━━━━━━━━━━━━━━━━━━━━━━━━━━━━━━━━━━━━━━━━━[39m
2025-11-09 19:14:14:1414 [32minfo[39m: [32m🔌 Checking database connections...[39m
2025-11-09 19:14:14:1414 [32minfo[39m: [32mSupabase client initialized[39m
2025-11-09 19:14:14:1414 [32minfo[39m: [32m  ✅ Supabase (PostgreSQL) connected[39m
2025-11-09 19:14:14:1414 [32minfo[39m: [32mUpstash Redis initialized[39m
2025-11-09 19:14:15:1415 [32minfo[39m: [32m  ✅ Redis (Upstash) connected[39m
2025-11-09 19:14:21:1421 [32minfo[39m: [32mMongoose (MongoDB) connected successfully[39m
2025-11-09 19:14:21:1421 [32minfo[39m: [32m  ✅ MongoDB (Mongoose) connected[39m
2025-11-09 19:14:21:1421 [32minfo[39m: [32m[39m
[32m━━━━━━━━━━━━━━━━━━━━━━━━━━━━━━━━━━━━━━━━━━━━━━━━━━━━━━━━━[39m
2025-11-09 19:14:21:1421 [32minfo[39m: [32mSTEP 3: Service Configuration[39m
2025-11-09 19:14:21:1421 [32minfo[39m: [32m━━━━━━━━━━━━━━━━━━━━━━━━━━━━━━━━━━━━━━━━━━━━━━━━━━━━━━━━━[39m
2025-11-09 19:14:21:1421 [32minfo[39m: [32m🔧 Checking service configurations...[39m
2025-11-09 19:14:21:1421 [32minfo[39m: [32m  ✅ Cloudflare R2 configured[39m
2025-11-09 19:14:21:1421 [32minfo[39m: [32m  ✅ JWT authentication configured[39m
2025-11-09 19:14:21:1421 [32minfo[39m: [32m  ✅ CORS configured (2 origins)[39m
2025-11-09 19:14:21:1421 [32minfo[39m: [32m✅ Service configurations checked[39m
2025-11-09 19:14:21:1421 [32minfo[39m: [32m[39m
[32m━━━━━━━━━━━━━━━━━━━━━━━━━━━━━━━━━━━━━━━━━━━━━━━━━━━━━━━━━[39m
2025-11-09 19:14:21:1421 [32minfo[39m: [32mSTEP 4: System Information[39m
2025-11-09 19:14:21:1421 [32minfo[39m: [32m━━━━━━━━━━━━━━━━━━━━━━━━━━━━━━━━━━━━━━━━━━━━━━━━━━━━━━━━━[39m
2025-11-09 19:14:21:1421 [32minfo[39m: [32m📊 System Information:[39m
2025-11-09 19:14:21:1421 [32minfo[39m: [32m  • Node.js: v22.20.0[39m
2025-11-09 19:14:21:1421 [32minfo[39m: [32m  • Platform: linux[39m
2025-11-09 19:14:21:1421 [32minfo[39m: [32m  • Architecture: x64[39m
2025-11-09 19:14:21:1421 [32minfo[39m: [32m  • Memory: 42MB[39m
2025-11-09 19:14:21:1421 [32minfo[39m: [32m  • Environment: development[39m
2025-11-09 19:14:21:1421 [32minfo[39m: [32m  • Port: 3000[39m
2025-11-09 19:14:21:1421 [32minfo[39m: [32m[39m
[32m━━━━━━━━━━━━━━━━━━━━━━━━━━━━━━━━━━━━━━━━━━━━━━━━━━━━━━━━━[39m
2025-11-09 19:14:21:1421 [32minfo[39m: [32mSTEP 5: Starting HTTP Server[39m
2025-11-09 19:14:21:1421 [32minfo[39m: [32m━━━━━━━━━━━━━━━━━━━━━━━━━━━━━━━━━━━━━━━━━━━━━━━━━━━━━━━━━[39m
2025-11-09 19:14:21:1421 [32minfo[39m: [32m[39m
[32m🚀 Server started successfully![39m
2025-11-09 19:14:21:1421 [32minfo[39m: [32m[39m
[32m📍 Endpoints:[39m
2025-11-09 19:14:21:1421 [32minfo[39m: [32m   • Health Check: http://localhost:3000/health[39m
2025-11-09 19:14:21:1421 [32minfo[39m: [32m   • API Info:     http://localhost:3000/api[39m
2025-11-09 19:14:21:1421 [32minfo[39m: [32m   • API Base:     http://localhost:3000/api/*[39m
2025-11-09 19:14:21:1421 [32minfo[39m: [32m[39m
[32m🔧 Services Status:[39m
2025-11-09 19:14:21:1421 [32minfo[39m: [32m   • Database:     ✅ Connected[39m
2025-11-09 19:14:21:1421 [32minfo[39m: [32m   • Cache:        ✅ Connected[39m
2025-11-09 19:14:21:1421 [32minfo[39m: [32m   • Analytics:    ✅ Connected[39m
2025-11-09 19:14:21:1421 [32minfo[39m: [32m[39m
[32m━━━━━━━━━━━━━━━━━━━━━━━━━━━━━━━━━━━━━━━━━━━━━━━━━━━━━━━━━[39m
2025-11-09 19:14:21:1421 [32minfo[39m: [32m✅ FreeTune Backend is ready to serve requests![39m
2025-11-09 19:14:21:1421 [32minfo[39m: [32m━━━━━━━━━━━━━━━━━━━━━━━━━━━━━━━━━━━━━━━━━━━━━━━━━━━━━━━━━[39m
[32m[39m
2025-11-09 19:14:32:1432 [32minfo[39m: [32m━━━━━━━━━━━━━━━━━━━━━━━━━━━━━━━━━━━━━━━━━━━━━━━━━━━━━━━━━[39m
2025-11-09 19:14:32:1432 [32minfo[39m: [32mSTEP 1: Environment Validation[39m
2025-11-09 19:14:32:1432 [32minfo[39m: [32m━━━━━━━━━━━━━━━━━━━━━━━━━━━━━━━━━━━━━━━━━━━━━━━━━━━━━━━━━[39m
2025-11-09 19:14:32:1432 [32minfo[39m: [32m🔍 Validating environment variables...[39m
2025-11-09 19:14:32:1432 [32minfo[39m: [32m✅ Environment variables validated[39m
2025-11-09 19:14:32:1432 [32minfo[39m: [32m[39m
[32m━━━━━━━━━━━━━━━━━━━━━━━━━━━━━━━━━━━━━━━━━━━━━━━━━━━━━━━━━[39m
2025-11-09 19:14:32:1432 [32minfo[39m: [32mSTEP 2: Database Connections[39m
2025-11-09 19:14:32:1432 [32minfo[39m: [32m━━━━━━━━━━━━━━━━━━━━━━━━━━━━━━━━━━━━━━━━━━━━━━━━━━━━━━━━━[39m
2025-11-09 19:14:32:1432 [32minfo[39m: [32m🔌 Checking database connections...[39m
2025-11-09 19:14:32:1432 [32minfo[39m: [32mSupabase client initialized[39m
2025-11-09 19:14:32:1432 [32minfo[39m: [32m  ✅ Supabase (PostgreSQL) connected[39m
2025-11-09 19:14:32:1432 [32minfo[39m: [32mUpstash Redis initialized[39m
2025-11-09 19:14:33:1433 [32minfo[39m: [32m  ✅ Redis (Upstash) connected[39m
2025-11-09 19:14:34:1434 [32minfo[39m: [32mMongoose (MongoDB) connected successfully[39m
2025-11-09 19:14:34:1434 [32minfo[39m: [32m  ✅ MongoDB (Mongoose) connected[39m
2025-11-09 19:14:34:1434 [32minfo[39m: [32m[39m
[32m━━━━━━━━━━━━━━━━━━━━━━━━━━━━━━━━━━━━━━━━━━━━━━━━━━━━━━━━━[39m
2025-11-09 19:14:34:1434 [32minfo[39m: [32mSTEP 3: Service Configuration[39m
2025-11-09 19:14:34:1434 [32minfo[39m: [32m━━━━━━━━━━━━━━━━━━━━━━━━━━━━━━━━━━━━━━━━━━━━━━━━━━━━━━━━━[39m
2025-11-09 19:14:34:1434 [32minfo[39m: [32m🔧 Checking service configurations...[39m
2025-11-09 19:14:34:1434 [32minfo[39m: [32m  ✅ Cloudflare R2 configured[39m
2025-11-09 19:14:34:1434 [32minfo[39m: [32m  ✅ JWT authentication configured[39m
2025-11-09 19:14:34:1434 [32minfo[39m: [32m  ✅ CORS configured (2 origins)[39m
2025-11-09 19:14:34:1434 [32minfo[39m: [32m✅ Service configurations checked[39m
2025-11-09 19:14:34:1434 [32minfo[39m: [32m[39m
[32m━━━━━━━━━━━━━━━━━━━━━━━━━━━━━━━━━━━━━━━━━━━━━━━━━━━━━━━━━[39m
2025-11-09 19:14:34:1434 [32minfo[39m: [32mSTEP 4: System Information[39m
2025-11-09 19:14:34:1434 [32minfo[39m: [32m━━━━━━━━━━━━━━━━━━━━━━━━━━━━━━━━━━━━━━━━━━━━━━━━━━━━━━━━━[39m
2025-11-09 19:14:34:1434 [32minfo[39m: [32m📊 System Information:[39m
2025-11-09 19:14:34:1434 [32minfo[39m: [32m  • Node.js: v22.20.0[39m
2025-11-09 19:14:34:1434 [32minfo[39m: [32m  • Platform: linux[39m
2025-11-09 19:14:34:1434 [32minfo[39m: [32m  • Architecture: x64[39m
2025-11-09 19:14:34:1434 [32minfo[39m: [32m  • Memory: 42MB[39m
2025-11-09 19:14:34:1434 [32minfo[39m: [32m  • Environment: development[39m
2025-11-09 19:14:34:1434 [32minfo[39m: [32m  • Port: 3000[39m
2025-11-09 19:14:34:1434 [32minfo[39m: [32m[39m
[32m━━━━━━━━━━━━━━━━━━━━━━━━━━━━━━━━━━━━━━━━━━━━━━━━━━━━━━━━━[39m
2025-11-09 19:14:34:1434 [32minfo[39m: [32mSTEP 5: Starting HTTP Server[39m
2025-11-09 19:14:34:1434 [32minfo[39m: [32m━━━━━━━━━━━━━━━━━━━━━━━━━━━━━━━━━━━━━━━━━━━━━━━━━━━━━━━━━[39m
2025-11-09 19:14:34:1434 [32minfo[39m: [32m[39m
[32m🚀 Server started successfully![39m
2025-11-09 19:14:34:1434 [32minfo[39m: [32m[39m
[32m📍 Endpoints:[39m
2025-11-09 19:14:34:1434 [32minfo[39m: [32m   • Health Check: http://localhost:3000/health[39m
2025-11-09 19:14:34:1434 [32minfo[39m: [32m   • API Info:     http://localhost:3000/api[39m
2025-11-09 19:14:34:1434 [32minfo[39m: [32m   • API Base:     http://localhost:3000/api/*[39m
2025-11-09 19:14:34:1434 [32minfo[39m: [32m[39m
[32m🔧 Services Status:[39m
2025-11-09 19:14:34:1434 [32minfo[39m: [32m   • Database:     ✅ Connected[39m
2025-11-09 19:14:34:1434 [32minfo[39m: [32m   • Cache:        ✅ Connected[39m
2025-11-09 19:14:34:1434 [32minfo[39m: [32m   • Analytics:    ✅ Connected[39m
2025-11-09 19:14:34:1434 [32minfo[39m: [32m[39m
[32m━━━━━━━━━━━━━━━━━━━━━━━━━━━━━━━━━━━━━━━━━━━━━━━━━━━━━━━━━[39m
2025-11-09 19:14:34:1434 [32minfo[39m: [32m✅ FreeTune Backend is ready to serve requests![39m
2025-11-09 19:14:34:1434 [32minfo[39m: [32m━━━━━━━━━━━━━━━━━━━━━━━━━━━━━━━━━━━━━━━━━━━━━━━━━━━━━━━━━[39m
[32m[39m
2025-11-09 19:14:39:1439 [32minfo[39m: [32m━━━━━━━━━━━━━━━━━━━━━━━━━━━━━━━━━━━━━━━━━━━━━━━━━━━━━━━━━[39m
2025-11-09 19:14:39:1439 [32minfo[39m: [32mSTEP 1: Environment Validation[39m
2025-11-09 19:14:39:1439 [32minfo[39m: [32m━━━━━━━━━━━━━━━━━━━━━━━━━━━━━━━━━━━━━━━━━━━━━━━━━━━━━━━━━[39m
2025-11-09 19:14:39:1439 [32minfo[39m: [32m🔍 Validating environment variables...[39m
2025-11-09 19:14:39:1439 [32minfo[39m: [32m✅ Environment variables validated[39m
2025-11-09 19:14:39:1439 [32minfo[39m: [32m[39m
[32m━━━━━━━━━━━━━━━━━━━━━━━━━━━━━━━━━━━━━━━━━━━━━━━━━━━━━━━━━[39m
2025-11-09 19:14:39:1439 [32minfo[39m: [32mSTEP 2: Database Connections[39m
2025-11-09 19:14:39:1439 [32minfo[39m: [32m━━━━━━━━━━━━━━━━━━━━━━━━━━━━━━━━━━━━━━━━━━━━━━━━━━━━━━━━━[39m
2025-11-09 19:14:39:1439 [32minfo[39m: [32m🔌 Checking database connections...[39m
2025-11-09 19:14:39:1439 [32minfo[39m: [32mSupabase client initialized[39m
2025-11-09 19:14:39:1439 [32minfo[39m: [32m  ✅ Supabase (PostgreSQL) connected[39m
2025-11-09 19:14:39:1439 [32minfo[39m: [32mUpstash Redis initialized[39m
2025-11-09 19:14:40:1440 [32minfo[39m: [32m  ✅ Redis (Upstash) connected[39m
2025-11-09 19:14:41:1441 [32minfo[39m: [32mMongoose (MongoDB) connected successfully[39m
2025-11-09 19:14:41:1441 [32minfo[39m: [32m  ✅ MongoDB (Mongoose) connected[39m
2025-11-09 19:14:41:1441 [32minfo[39m: [32m[39m
[32m━━━━━━━━━━━━━━━━━━━━━━━━━━━━━━━━━━━━━━━━━━━━━━━━━━━━━━━━━[39m
2025-11-09 19:14:41:1441 [32minfo[39m: [32mSTEP 3: Service Configuration[39m
2025-11-09 19:14:41:1441 [32minfo[39m: [32m━━━━━━━━━━━━━━━━━━━━━━━━━━━━━━━━━━━━━━━━━━━━━━━━━━━━━━━━━[39m
2025-11-09 19:14:41:1441 [32minfo[39m: [32m🔧 Checking service configurations...[39m
2025-11-09 19:14:41:1441 [32minfo[39m: [32m  ✅ Cloudflare R2 configured[39m
2025-11-09 19:14:41:1441 [32minfo[39m: [32m  ✅ JWT authentication configured[39m
2025-11-09 19:14:41:1441 [32minfo[39m: [32m  ✅ CORS configured (2 origins)[39m
2025-11-09 19:14:41:1441 [32minfo[39m: [32m✅ Service configurations checked[39m
2025-11-09 19:14:41:1441 [32minfo[39m: [32m[39m
[32m━━━━━━━━━━━━━━━━━━━━━━━━━━━━━━━━━━━━━━━━━━━━━━━━━━━━━━━━━[39m
2025-11-09 19:14:41:1441 [32minfo[39m: [32mSTEP 4: System Information[39m
2025-11-09 19:14:41:1441 [32minfo[39m: [32m━━━━━━━━━━━━━━━━━━━━━━━━━━━━━━━━━━━━━━━━━━━━━━━━━━━━━━━━━[39m
2025-11-09 19:14:41:1441 [32minfo[39m: [32m📊 System Information:[39m
2025-11-09 19:14:41:1441 [32minfo[39m: [32m  • Node.js: v22.20.0[39m
2025-11-09 19:14:41:1441 [32minfo[39m: [32m  • Platform: linux[39m
2025-11-09 19:14:41:1441 [32minfo[39m: [32m  • Architecture: x64[39m
2025-11-09 19:14:41:1441 [32minfo[39m: [32m  • Memory: 42MB[39m
2025-11-09 19:14:41:1441 [32minfo[39m: [32m  • Environment: development[39m
2025-11-09 19:14:41:1441 [32minfo[39m: [32m  • Port: 3000[39m
2025-11-09 19:14:41:1441 [32minfo[39m: [32m[39m
[32m━━━━━━━━━━━━━━━━━━━━━━━━━━━━━━━━━━━━━━━━━━━━━━━━━━━━━━━━━[39m
2025-11-09 19:14:41:1441 [32minfo[39m: [32mSTEP 5: Starting HTTP Server[39m
2025-11-09 19:14:41:1441 [32minfo[39m: [32m━━━━━━━━━━━━━━━━━━━━━━━━━━━━━━━━━━━━━━━━━━━━━━━━━━━━━━━━━[39m
2025-11-09 19:14:41:1441 [32minfo[39m: [32m[39m
[32m🚀 Server started successfully![39m
2025-11-09 19:14:41:1441 [32minfo[39m: [32m[39m
[32m📍 Endpoints:[39m
2025-11-09 19:14:41:1441 [32minfo[39m: [32m   • Health Check: http://localhost:3000/health[39m
2025-11-09 19:14:41:1441 [32minfo[39m: [32m   • API Info:     http://localhost:3000/api[39m
2025-11-09 19:14:41:1441 [32minfo[39m: [32m   • API Base:     http://localhost:3000/api/*[39m
2025-11-09 19:14:41:1441 [32minfo[39m: [32m[39m
[32m🔧 Services Status:[39m
2025-11-09 19:14:41:1441 [32minfo[39m: [32m   • Database:     ✅ Connected[39m
2025-11-09 19:14:41:1441 [32minfo[39m: [32m   • Cache:        ✅ Connected[39m
2025-11-09 19:14:41:1441 [32minfo[39m: [32m   • Analytics:    ✅ Connected[39m
2025-11-09 19:14:41:1441 [32minfo[39m: [32m[39m
[32m━━━━━━━━━━━━━━━━━━━━━━━━━━━━━━━━━━━━━━━━━━━━━━━━━━━━━━━━━[39m
2025-11-09 19:14:41:1441 [32minfo[39m: [32m✅ FreeTune Backend is ready to serve requests![39m
2025-11-09 19:14:41:1441 [32minfo[39m: [32m━━━━━━━━━━━━━━━━━━━━━━━━━━━━━━━━━━━━━━━━━━━━━━━━━━━━━━━━━[39m
[32m[39m
2025-11-09 19:15:12:1512 [32minfo[39m: [32m━━━━━━━━━━━━━━━━━━━━━━━━━━━━━━━━━━━━━━━━━━━━━━━━━━━━━━━━━[39m
2025-11-09 19:15:12:1512 [32minfo[39m: [32mSTEP 1: Environment Validation[39m
2025-11-09 19:15:12:1512 [32minfo[39m: [32m━━━━━━━━━━━━━━━━━━━━━━━━━━━━━━━━━━━━━━━━━━━━━━━━━━━━━━━━━[39m
2025-11-09 19:15:12:1512 [32minfo[39m: [32m🔍 Validating environment variables...[39m
2025-11-09 19:15:12:1512 [32minfo[39m: [32m✅ Environment variables validated[39m
2025-11-09 19:15:12:1512 [32minfo[39m: [32m[39m
[32m━━━━━━━━━━━━━━━━━━━━━━━━━━━━━━━━━━━━━━━━━━━━━━━━━━━━━━━━━[39m
2025-11-09 19:15:12:1512 [32minfo[39m: [32mSTEP 2: Database Connections[39m
2025-11-09 19:15:12:1512 [32minfo[39m: [32m━━━━━━━━━━━━━━━━━━━━━━━━━━━━━━━━━━━━━━━━━━━━━━━━━━━━━━━━━[39m
2025-11-09 19:15:12:1512 [32minfo[39m: [32m🔌 Checking database connections...[39m
2025-11-09 19:15:12:1512 [32minfo[39m: [32mSupabase client initialized[39m
2025-11-09 19:15:13:1513 [32minfo[39m: [32m  ✅ Supabase (PostgreSQL) connected[39m
2025-11-09 19:15:13:1513 [32minfo[39m: [32mUpstash Redis initialized[39m
2025-11-09 19:15:13:1513 [32minfo[39m: [32m  ✅ Redis (Upstash) connected[39m
2025-11-09 19:15:13:1513 [33mwarn[39m: [33m  ⚠️  Mongoose connection failed (analytics disabled):[39m
2025-11-09 19:15:13:1513 [32minfo[39m: [32m[39m
[32m━━━━━━━━━━━━━━━━━━━━━━━━━━━━━━━━━━━━━━━━━━━━━━━━━━━━━━━━━[39m
2025-11-09 19:15:13:1513 [32minfo[39m: [32mSTEP 3: Service Configuration[39m
2025-11-09 19:15:13:1513 [32minfo[39m: [32m━━━━━━━━━━━━━━━━━━━━━━━━━━━━━━━━━━━━━━━━━━━━━━━━━━━━━━━━━[39m
2025-11-09 19:15:13:1513 [32minfo[39m: [32m🔧 Checking service configurations...[39m
2025-11-09 19:15:13:1513 [32minfo[39m: [32m  ✅ Cloudflare R2 configured[39m
2025-11-09 19:15:13:1513 [32minfo[39m: [32m  ✅ JWT authentication configured[39m
2025-11-09 19:15:13:1513 [32minfo[39m: [32m  ✅ CORS configured (2 origins)[39m
2025-11-09 19:15:13:1513 [32minfo[39m: [32m✅ Service configurations checked[39m
2025-11-09 19:15:13:1513 [32minfo[39m: [32m[39m
[32m━━━━━━━━━━━━━━━━━━━━━━━━━━━━━━━━━━━━━━━━━━━━━━━━━━━━━━━━━[39m
2025-11-09 19:15:13:1513 [32minfo[39m: [32mSTEP 4: System Information[39m
2025-11-09 19:15:13:1513 [32minfo[39m: [32m━━━━━━━━━━━━━━━━━━━━━━━━━━━━━━━━━━━━━━━━━━━━━━━━━━━━━━━━━[39m
2025-11-09 19:15:13:1513 [32minfo[39m: [32m📊 System Information:[39m
2025-11-09 19:15:13:1513 [32minfo[39m: [32m  • Node.js: v22.20.0[39m
2025-11-09 19:15:13:1513 [32minfo[39m: [32m  • Platform: linux[39m
2025-11-09 19:15:13:1513 [32minfo[39m: [32m  • Architecture: x64[39m
2025-11-09 19:15:13:1513 [32minfo[39m: [32m  • Memory: 39MB[39m
2025-11-09 19:15:13:1513 [32minfo[39m: [32m  • Environment: development[39m
2025-11-09 19:15:13:1513 [32minfo[39m: [32m  • Port: 3000[39m
2025-11-09 19:15:13:1513 [32minfo[39m: [32m[39m
[32m━━━━━━━━━━━━━━━━━━━━━━━━━━━━━━━━━━━━━━━━━━━━━━━━━━━━━━━━━[39m
2025-11-09 19:15:13:1513 [32minfo[39m: [32mSTEP 5: Starting HTTP Server[39m
2025-11-09 19:15:13:1513 [32minfo[39m: [32m━━━━━━━━━━━━━━━━━━━━━━━━━━━━━━━━━━━━━━━━━━━━━━━━━━━━━━━━━[39m
2025-11-09 19:15:13:1513 [32minfo[39m: [32m[39m
[32m🚀 Server started successfully![39m
2025-11-09 19:15:13:1513 [32minfo[39m: [32m[39m
[32m📍 Endpoints:[39m
2025-11-09 19:15:13:1513 [32minfo[39m: [32m   • Health Check: http://localhost:3000/health[39m
2025-11-09 19:15:13:1513 [32minfo[39m: [32m   • API Info:     http://localhost:3000/api[39m
2025-11-09 19:15:13:1513 [32minfo[39m: [32m   • API Base:     http://localhost:3000/api/*[39m
2025-11-09 19:15:13:1513 [32minfo[39m: [32m[39m
[32m🔧 Services Status:[39m
2025-11-09 19:15:13:1513 [32minfo[39m: [32m   • Database:     ✅ Connected[39m
2025-11-09 19:15:13:1513 [32minfo[39m: [32m   • Cache:        ✅ Connected[39m
2025-11-09 19:15:13:1513 [32minfo[39m: [32m   • Analytics:    ⚠️  Disabled[39m
2025-11-09 19:15:13:1513 [32minfo[39m: [32m[39m
[32m━━━━━━━━━━━━━━━━━━━━━━━━━━━━━━━━━━━━━━━━━━━━━━━━━━━━━━━━━[39m
2025-11-09 19:15:13:1513 [32minfo[39m: [32m✅ FreeTune Backend is ready to serve requests![39m
2025-11-09 19:15:13:1513 [32minfo[39m: [32m━━━━━━━━━━━━━━━━━━━━━━━━━━━━━━━━━━━━━━━━━━━━━━━━━━━━━━━━━[39m
[32m[39m
2025-11-09 19:15:17:1517 [32minfo[39m: [32m━━━━━━━━━━━━━━━━━━━━━━━━━━━━━━━━━━━━━━━━━━━━━━━━━━━━━━━━━[39m
2025-11-09 19:15:17:1517 [32minfo[39m: [32mSTEP 1: Environment Validation[39m
2025-11-09 19:15:17:1517 [32minfo[39m: [32m━━━━━━━━━━━━━━━━━━━━━━━━━━━━━━━━━━━━━━━━━━━━━━━━━━━━━━━━━[39m
2025-11-09 19:15:17:1517 [32minfo[39m: [32m🔍 Validating environment variables...[39m
2025-11-09 19:15:17:1517 [32minfo[39m: [32m✅ Environment variables validated[39m
2025-11-09 19:15:17:1517 [32minfo[39m: [32m[39m
[32m━━━━━━━━━━━━━━━━━━━━━━━━━━━━━━━━━━━━━━━━━━━━━━━━━━━━━━━━━[39m
2025-11-09 19:15:17:1517 [32minfo[39m: [32mSTEP 2: Database Connections[39m
2025-11-09 19:15:17:1517 [32minfo[39m: [32m━━━━━━━━━━━━━━━━━━━━━━━━━━━━━━━━━━━━━━━━━━━━━━━━━━━━━━━━━[39m
2025-11-09 19:15:17:1517 [32minfo[39m: [32m🔌 Checking database connections...[39m
2025-11-09 19:15:17:1517 [32minfo[39m: [32mSupabase client initialized[39m
2025-11-09 19:15:18:1518 [32minfo[39m: [32m  ✅ Supabase (PostgreSQL) connected[39m
2025-11-09 19:15:18:1518 [32minfo[39m: [32mUpstash Redis initialized[39m
2025-11-09 19:15:18:1518 [32minfo[39m: [32m  ✅ Redis (Upstash) connected[39m
2025-11-09 19:15:18:1518 [33mwarn[39m: [33m  ⚠️  Mongoose connection failed (analytics disabled):[39m
2025-11-09 19:15:18:1518 [32minfo[39m: [32m[39m
[32m━━━━━━━━━━━━━━━━━━━━━━━━━━━━━━━━━━━━━━━━━━━━━━━━━━━━━━━━━[39m
2025-11-09 19:15:18:1518 [32minfo[39m: [32mSTEP 3: Service Configuration[39m
2025-11-09 19:15:18:1518 [32minfo[39m: [32m━━━━━━━━━━━━━━━━━━━━━━━━━━━━━━━━━━━━━━━━━━━━━━━━━━━━━━━━━[39m
2025-11-09 19:15:18:1518 [32minfo[39m: [32m🔧 Checking service configurations...[39m
2025-11-09 19:15:18:1518 [32minfo[39m: [32m  ✅ Cloudflare R2 configured[39m
2025-11-09 19:15:18:1518 [32minfo[39m: [32m  ✅ JWT authentication configured[39m
2025-11-09 19:15:18:1518 [32minfo[39m: [32m  ✅ CORS configured (2 origins)[39m
2025-11-09 19:15:18:1518 [32minfo[39m: [32m✅ Service configurations checked[39m
2025-11-09 19:15:18:1518 [32minfo[39m: [32m[39m
[32m━━━━━━━━━━━━━━━━━━━━━━━━━━━━━━━━━━━━━━━━━━━━━━━━━━━━━━━━━[39m
2025-11-09 19:15:18:1518 [32minfo[39m: [32mSTEP 4: System Information[39m
2025-11-09 19:15:18:1518 [32minfo[39m: [32m━━━━━━━━━━━━━━━━━━━━━━━━━━━━━━━━━━━━━━━━━━━━━━━━━━━━━━━━━[39m
2025-11-09 19:15:18:1518 [32minfo[39m: [32m📊 System Information:[39m
2025-11-09 19:15:18:1518 [32minfo[39m: [32m  • Node.js: v22.20.0[39m
2025-11-09 19:15:18:1518 [32minfo[39m: [32m  • Platform: linux[39m
2025-11-09 19:15:18:1518 [32minfo[39m: [32m  • Architecture: x64[39m
2025-11-09 19:15:18:1518 [32minfo[39m: [32m  • Memory: 39MB[39m
2025-11-09 19:15:18:1518 [32minfo[39m: [32m  • Environment: development[39m
2025-11-09 19:15:18:1518 [32minfo[39m: [32m  • Port: 3000[39m
2025-11-09 19:15:18:1518 [32minfo[39m: [32m[39m
[32m━━━━━━━━━━━━━━━━━━━━━━━━━━━━━━━━━━━━━━━━━━━━━━━━━━━━━━━━━[39m
2025-11-09 19:15:18:1518 [32minfo[39m: [32mSTEP 5: Starting HTTP Server[39m
2025-11-09 19:15:18:1518 [32minfo[39m: [32m━━━━━━━━━━━━━━━━━━━━━━━━━━━━━━━━━━━━━━━━━━━━━━━━━━━━━━━━━[39m
2025-11-09 19:15:18:1518 [32minfo[39m: [32m[39m
[32m🚀 Server started successfully![39m
2025-11-09 19:15:18:1518 [32minfo[39m: [32m[39m
[32m📍 Endpoints:[39m
2025-11-09 19:15:18:1518 [32minfo[39m: [32m   • Health Check: http://localhost:3000/health[39m
2025-11-09 19:15:18:1518 [32minfo[39m: [32m   • API Info:     http://localhost:3000/api[39m
2025-11-09 19:15:18:1518 [32minfo[39m: [32m   • API Base:     http://localhost:3000/api/*[39m
2025-11-09 19:15:18:1518 [32minfo[39m: [32m[39m
[32m🔧 Services Status:[39m
2025-11-09 19:15:18:1518 [32minfo[39m: [32m   • Database:     ✅ Connected[39m
2025-11-09 19:15:18:1518 [32minfo[39m: [32m   • Cache:        ✅ Connected[39m
2025-11-09 19:15:18:1518 [32minfo[39m: [32m   • Analytics:    ⚠️  Disabled[39m
2025-11-09 19:15:18:1518 [32minfo[39m: [32m[39m
[32m━━━━━━━━━━━━━━━━━━━━━━━━━━━━━━━━━━━━━━━━━━━━━━━━━━━━━━━━━[39m
2025-11-09 19:15:18:1518 [32minfo[39m: [32m✅ FreeTune Backend is ready to serve requests![39m
2025-11-09 19:15:18:1518 [32minfo[39m: [32m━━━━━━━━━━━━━━━━━━━━━━━━━━━━━━━━━━━━━━━━━━━━━━━━━━━━━━━━━[39m
[32m[39m
2025-11-09 19:15:34:1534 [32minfo[39m: [32m━━━━━━━━━━━━━━━━━━━━━━━━━━━━━━━━━━━━━━━━━━━━━━━━━━━━━━━━━[39m
2025-11-09 19:15:34:1534 [32minfo[39m: [32mSTEP 1: Environment Validation[39m
2025-11-09 19:15:34:1534 [32minfo[39m: [32m━━━━━━━━━━━━━━━━━━━━━━━━━━━━━━━━━━━━━━━━━━━━━━━━━━━━━━━━━[39m
2025-11-09 19:15:34:1534 [32minfo[39m: [32m🔍 Validating environment variables...[39m
2025-11-09 19:15:34:1534 [32minfo[39m: [32m✅ Environment variables validated[39m
2025-11-09 19:15:34:1534 [32minfo[39m: [32m[39m
[32m━━━━━━━━━━━━━━━━━━━━━━━━━━━━━━━━━━━━━━━━━━━━━━━━━━━━━━━━━[39m
2025-11-09 19:15:34:1534 [32minfo[39m: [32mSTEP 2: Database Connections[39m
2025-11-09 19:15:34:1534 [32minfo[39m: [32m━━━━━━━━━━━━━━━━━━━━━━━━━━━━━━━━━━━━━━━━━━━━━━━━━━━━━━━━━[39m
2025-11-09 19:15:34:1534 [32minfo[39m: [32m🔌 Checking database connections...[39m
2025-11-09 19:15:34:1534 [32minfo[39m: [32mSupabase client initialized[39m
2025-11-09 19:15:35:1535 [32minfo[39m: [32m  ✅ Supabase (PostgreSQL) connected[39m
2025-11-09 19:15:35:1535 [32minfo[39m: [32mUpstash Redis initialized[39m
2025-11-09 19:15:36:1536 [32minfo[39m: [32m  ✅ Redis (Upstash) connected[39m
2025-11-09 19:15:36:1536 [33mwarn[39m: [33m  ⚠️  Mongoose connection failed (analytics disabled):[39m
2025-11-09 19:15:36:1536 [32minfo[39m: [32m[39m
[32m━━━━━━━━━━━━━━━━━━━━━━━━━━━━━━━━━━━━━━━━━━━━━━━━━━━━━━━━━[39m
2025-11-09 19:15:36:1536 [32minfo[39m: [32mSTEP 3: Service Configuration[39m
2025-11-09 19:15:36:1536 [32minfo[39m: [32m━━━━━━━━━━━━━━━━━━━━━━━━━━━━━━━━━━━━━━━━━━━━━━━━━━━━━━━━━[39m
2025-11-09 19:15:36:1536 [32minfo[39m: [32m🔧 Checking service configurations...[39m
2025-11-09 19:15:36:1536 [32minfo[39m: [32m  ✅ Cloudflare R2 configured[39m
2025-11-09 19:15:36:1536 [32minfo[39m: [32m  ✅ JWT authentication configured[39m
2025-11-09 19:15:36:1536 [32minfo[39m: [32m  ✅ CORS configured (2 origins)[39m
2025-11-09 19:15:36:1536 [32minfo[39m: [32m✅ Service configurations checked[39m
2025-11-09 19:15:36:1536 [32minfo[39m: [32m[39m
[32m━━━━━━━━━━━━━━━━━━━━━━━━━━━━━━━━━━━━━━━━━━━━━━━━━━━━━━━━━[39m
2025-11-09 19:15:36:1536 [32minfo[39m: [32mSTEP 4: System Information[39m
2025-11-09 19:15:36:1536 [32minfo[39m: [32m━━━━━━━━━━━━━━━━━━━━━━━━━━━━━━━━━━━━━━━━━━━━━━━━━━━━━━━━━[39m
2025-11-09 19:15:36:1536 [32minfo[39m: [32m📊 System Information:[39m
2025-11-09 19:15:36:1536 [32minfo[39m: [32m  • Node.js: v22.20.0[39m
2025-11-09 19:15:36:1536 [32minfo[39m: [32m  • Platform: linux[39m
2025-11-09 19:15:36:1536 [32minfo[39m: [32m  • Architecture: x64[39m
2025-11-09 19:15:36:1536 [32minfo[39m: [32m  • Memory: 39MB[39m
2025-11-09 19:15:36:1536 [32minfo[39m: [32m  • Environment: development[39m
2025-11-09 19:15:36:1536 [32minfo[39m: [32m  • Port: 3000[39m
2025-11-09 19:15:36:1536 [32minfo[39m: [32m[39m
[32m━━━━━━━━━━━━━━━━━━━━━━━━━━━━━━━━━━━━━━━━━━━━━━━━━━━━━━━━━[39m
2025-11-09 19:15:36:1536 [32minfo[39m: [32mSTEP 5: Starting HTTP Server[39m
2025-11-09 19:15:36:1536 [32minfo[39m: [32m━━━━━━━━━━━━━━━━━━━━━━━━━━━━━━━━━━━━━━━━━━━━━━━━━━━━━━━━━[39m
2025-11-09 19:15:36:1536 [32minfo[39m: [32m[39m
[32m🚀 Server started successfully![39m
2025-11-09 19:15:36:1536 [32minfo[39m: [32m[39m
[32m📍 Endpoints:[39m
2025-11-09 19:15:36:1536 [32minfo[39m: [32m   • Health Check: http://localhost:3000/health[39m
2025-11-09 19:15:36:1536 [32minfo[39m: [32m   • API Info:     http://localhost:3000/api[39m
2025-11-09 19:15:36:1536 [32minfo[39m: [32m   • API Base:     http://localhost:3000/api/*[39m
2025-11-09 19:15:36:1536 [32minfo[39m: [32m[39m
[32m🔧 Services Status:[39m
2025-11-09 19:15:36:1536 [32minfo[39m: [32m   • Database:     ✅ Connected[39m
2025-11-09 19:15:36:1536 [32minfo[39m: [32m   • Cache:        ✅ Connected[39m
2025-11-09 19:15:36:1536 [32minfo[39m: [32m   • Analytics:    ⚠️  Disabled[39m
2025-11-09 19:15:36:1536 [32minfo[39m: [32m[39m
[32m━━━━━━━━━━━━━━━━━━━━━━━━━━━━━━━━━━━━━━━━━━━━━━━━━━━━━━━━━[39m
2025-11-09 19:15:36:1536 [32minfo[39m: [32m✅ FreeTune Backend is ready to serve requests![39m
2025-11-09 19:15:36:1536 [32minfo[39m: [32m━━━━━━━━━━━━━━━━━━━━━━━━━━━━━━━━━━━━━━━━━━━━━━━━━━━━━━━━━[39m
[32m[39m
2025-11-09 19:16:00:160 [32minfo[39m: [32m━━━━━━━━━━━━━━━━━━━━━━━━━━━━━━━━━━━━━━━━━━━━━━━━━━━━━━━━━[39m
2025-11-09 19:16:00:160 [32minfo[39m: [32mSTEP 1: Environment Validation[39m
2025-11-09 19:16:00:160 [32minfo[39m: [32m━━━━━━━━━━━━━━━━━━━━━━━━━━━━━━━━━━━━━━━━━━━━━━━━━━━━━━━━━[39m
2025-11-09 19:16:00:160 [32minfo[39m: [32m🔍 Validating environment variables...[39m
2025-11-09 19:16:00:160 [32minfo[39m: [32m✅ Environment variables validated[39m
2025-11-09 19:16:00:160 [32minfo[39m: [32m[39m
[32m━━━━━━━━━━━━━━━━━━━━━━━━━━━━━━━━━━━━━━━━━━━━━━━━━━━━━━━━━[39m
2025-11-09 19:16:00:160 [32minfo[39m: [32mSTEP 2: Database Connections[39m
2025-11-09 19:16:00:160 [32minfo[39m: [32m━━━━━━━━━━━━━━━━━━━━━━━━━━━━━━━━━━━━━━━━━━━━━━━━━━━━━━━━━[39m
2025-11-09 19:16:00:160 [32minfo[39m: [32m🔌 Checking database connections...[39m
2025-11-09 19:16:00:160 [32minfo[39m: [32mSupabase client initialized[39m
2025-11-09 19:16:01:161 [32minfo[39m: [32m  ✅ Supabase (PostgreSQL) connected[39m
2025-11-09 19:16:01:161 [32minfo[39m: [32mUpstash Redis initialized[39m
2025-11-09 19:16:01:161 [32minfo[39m: [32m  ✅ Redis (Upstash) connected[39m
2025-11-09 19:16:01:161 [33mwarn[39m: [33m  ⚠️  Mongoose connection failed (analytics disabled):[39m
2025-11-09 19:16:01:161 [32minfo[39m: [32m[39m
[32m━━━━━━━━━━━━━━━━━━━━━━━━━━━━━━━━━━━━━━━━━━━━━━━━━━━━━━━━━[39m
2025-11-09 19:16:01:161 [32minfo[39m: [32mSTEP 3: Service Configuration[39m
2025-11-09 19:16:01:161 [32minfo[39m: [32m━━━━━━━━━━━━━━━━━━━━━━━━━━━━━━━━━━━━━━━━━━━━━━━━━━━━━━━━━[39m
2025-11-09 19:16:01:161 [32minfo[39m: [32m🔧 Checking service configurations...[39m
2025-11-09 19:16:01:161 [32minfo[39m: [32m  ✅ Cloudflare R2 configured[39m
2025-11-09 19:16:01:161 [32minfo[39m: [32m  ✅ JWT authentication configured[39m
2025-11-09 19:16:01:161 [32minfo[39m: [32m  ✅ CORS configured (2 origins)[39m
2025-11-09 19:16:01:161 [32minfo[39m: [32m✅ Service configurations checked[39m
2025-11-09 19:16:01:161 [32minfo[39m: [32m[39m
[32m━━━━━━━━━━━━━━━━━━━━━━━━━━━━━━━━━━━━━━━━━━━━━━━━━━━━━━━━━[39m
2025-11-09 19:16:01:161 [32minfo[39m: [32mSTEP 4: System Information[39m
2025-11-09 19:16:01:161 [32minfo[39m: [32m━━━━━━━━━━━━━━━━━━━━━━━━━━━━━━━━━━━━━━━━━━━━━━━━━━━━━━━━━[39m
2025-11-09 19:16:01:161 [32minfo[39m: [32m📊 System Information:[39m
2025-11-09 19:16:01:161 [32minfo[39m: [32m  • Node.js: v22.20.0[39m
2025-11-09 19:16:01:161 [32minfo[39m: [32m  • Platform: linux[39m
2025-11-09 19:16:01:161 [32minfo[39m: [32m  • Architecture: x64[39m
2025-11-09 19:16:01:161 [32minfo[39m: [32m  • Memory: 39MB[39m
2025-11-09 19:16:01:161 [32minfo[39m: [32m  • Environment: development[39m
2025-11-09 19:16:01:161 [32minfo[39m: [32m  • Port: 3000[39m
2025-11-09 19:16:01:161 [32minfo[39m: [32m[39m
[32m━━━━━━━━━━━━━━━━━━━━━━━━━━━━━━━━━━━━━━━━━━━━━━━━━━━━━━━━━[39m
2025-11-09 19:16:01:161 [32minfo[39m: [32mSTEP 5: Starting HTTP Server[39m
2025-11-09 19:16:01:161 [32minfo[39m: [32m━━━━━━━━━━━━━━━━━━━━━━━━━━━━━━━━━━━━━━━━━━━━━━━━━━━━━━━━━[39m
2025-11-09 19:16:01:161 [32minfo[39m: [32m[39m
[32m🚀 Server started successfully![39m
2025-11-09 19:16:01:161 [32minfo[39m: [32m[39m
[32m📍 Endpoints:[39m
2025-11-09 19:16:01:161 [32minfo[39m: [32m   • Health Check: http://localhost:3000/health[39m
2025-11-09 19:16:01:161 [32minfo[39m: [32m   • API Info:     http://localhost:3000/api[39m
2025-11-09 19:16:01:161 [32minfo[39m: [32m   • API Base:     http://localhost:3000/api/*[39m
2025-11-09 19:16:01:161 [32minfo[39m: [32m[39m
[32m🔧 Services Status:[39m
2025-11-09 19:16:01:161 [32minfo[39m: [32m   • Database:     ✅ Connected[39m
2025-11-09 19:16:01:161 [32minfo[39m: [32m   • Cache:        ✅ Connected[39m
2025-11-09 19:16:01:161 [32minfo[39m: [32m   • Analytics:    ⚠️  Disabled[39m
2025-11-09 19:16:01:161 [32minfo[39m: [32m[39m
[32m━━━━━━━━━━━━━━━━━━━━━━━━━━━━━━━━━━━━━━━━━━━━━━━━━━━━━━━━━[39m
2025-11-09 19:16:01:161 [32minfo[39m: [32m✅ FreeTune Backend is ready to serve requests![39m
2025-11-09 19:16:01:161 [32minfo[39m: [32m━━━━━━━━━━━━━━━━━━━━━━━━━━━━━━━━━━━━━━━━━━━━━━━━━━━━━━━━━[39m
[32m[39m
2025-11-09 19:16:09:169 [32minfo[39m: [32m━━━━━━━━━━━━━━━━━━━━━━━━━━━━━━━━━━━━━━━━━━━━━━━━━━━━━━━━━[39m
2025-11-09 19:16:09:169 [32minfo[39m: [32mSTEP 1: Environment Validation[39m
2025-11-09 19:16:09:169 [32minfo[39m: [32m━━━━━━━━━━━━━━━━━━━━━━━━━━━━━━━━━━━━━━━━━━━━━━━━━━━━━━━━━[39m
2025-11-09 19:16:09:169 [32minfo[39m: [32m🔍 Validating environment variables...[39m
2025-11-09 19:16:09:169 [32minfo[39m: [32m✅ Environment variables validated[39m
2025-11-09 19:16:09:169 [32minfo[39m: [32m[39m
[32m━━━━━━━━━━━━━━━━━━━━━━━━━━━━━━━━━━━━━━━━━━━━━━━━━━━━━━━━━[39m
2025-11-09 19:16:09:169 [32minfo[39m: [32mSTEP 2: Database Connections[39m
2025-11-09 19:16:09:169 [32minfo[39m: [32m━━━━━━━━━━━━━━━━━━━━━━━━━━━━━━━━━━━━━━━━━━━━━━━━━━━━━━━━━[39m
2025-11-09 19:16:09:169 [32minfo[39m: [32m🔌 Checking database connections...[39m
2025-11-09 19:16:09:169 [32minfo[39m: [32mSupabase client initialized[39m
2025-11-09 19:16:10:1610 [32minfo[39m: [32m  ✅ Supabase (PostgreSQL) connected[39m
2025-11-09 19:16:10:1610 [32minfo[39m: [32mUpstash Redis initialized[39m
2025-11-09 19:16:10:1610 [32minfo[39m: [32m  ✅ Redis (Upstash) connected[39m
2025-11-09 19:16:10:1610 [33mwarn[39m: [33m  ⚠️  Mongoose connection failed (analytics disabled):[39m
2025-11-09 19:16:10:1610 [32minfo[39m: [32m[39m
[32m━━━━━━━━━━━━━━━━━━━━━━━━━━━━━━━━━━━━━━━━━━━━━━━━━━━━━━━━━[39m
2025-11-09 19:16:10:1610 [32minfo[39m: [32mSTEP 3: Service Configuration[39m
2025-11-09 19:16:10:1610 [32minfo[39m: [32m━━━━━━━━━━━━━━━━━━━━━━━━━━━━━━━━━━━━━━━━━━━━━━━━━━━━━━━━━[39m
2025-11-09 19:16:10:1610 [32minfo[39m: [32m🔧 Checking service configurations...[39m
2025-11-09 19:16:10:1610 [32minfo[39m: [32m  ✅ Cloudflare R2 configured[39m
2025-11-09 19:16:10:1610 [32minfo[39m: [32m  ✅ JWT authentication configured[39m
2025-11-09 19:16:10:1610 [32minfo[39m: [32m  ✅ CORS configured (2 origins)[39m
2025-11-09 19:16:10:1610 [32minfo[39m: [32m✅ Service configurations checked[39m
2025-11-09 19:16:10:1610 [32minfo[39m: [32m[39m
[32m━━━━━━━━━━━━━━━━━━━━━━━━━━━━━━━━━━━━━━━━━━━━━━━━━━━━━━━━━[39m
2025-11-09 19:16:10:1610 [32minfo[39m: [32mSTEP 4: System Information[39m
2025-11-09 19:16:10:1610 [32minfo[39m: [32m━━━━━━━━━━━━━━━━━━━━━━━━━━━━━━━━━━━━━━━━━━━━━━━━━━━━━━━━━[39m
2025-11-09 19:16:10:1610 [32minfo[39m: [32m📊 System Information:[39m
2025-11-09 19:16:10:1610 [32minfo[39m: [32m  • Node.js: v22.20.0[39m
2025-11-09 19:16:10:1610 [32minfo[39m: [32m  • Platform: linux[39m
2025-11-09 19:16:10:1610 [32minfo[39m: [32m  • Architecture: x64[39m
2025-11-09 19:16:10:1610 [32minfo[39m: [32m  • Memory: 39MB[39m
2025-11-09 19:16:10:1610 [32minfo[39m: [32m  • Environment: development[39m
2025-11-09 19:16:10:1610 [32minfo[39m: [32m  • Port: 3000[39m
2025-11-09 19:16:10:1610 [32minfo[39m: [32m[39m
[32m━━━━━━━━━━━━━━━━━━━━━━━━━━━━━━━━━━━━━━━━━━━━━━━━━━━━━━━━━[39m
2025-11-09 19:16:10:1610 [32minfo[39m: [32mSTEP 5: Starting HTTP Server[39m
2025-11-09 19:16:10:1610 [32minfo[39m: [32m━━━━━━━━━━━━━━━━━━━━━━━━━━━━━━━━━━━━━━━━━━━━━━━━━━━━━━━━━[39m
2025-11-09 19:16:10:1610 [32minfo[39m: [32m[39m
[32m🚀 Server started successfully![39m
2025-11-09 19:16:10:1610 [32minfo[39m: [32m[39m
[32m📍 Endpoints:[39m
2025-11-09 19:16:10:1610 [32minfo[39m: [32m   • Health Check: http://localhost:3000/health[39m
2025-11-09 19:16:10:1610 [32minfo[39m: [32m   • API Info:     http://localhost:3000/api[39m
2025-11-09 19:16:10:1610 [32minfo[39m: [32m   • API Base:     http://localhost:3000/api/*[39m
2025-11-09 19:16:10:1610 [32minfo[39m: [32m[39m
[32m🔧 Services Status:[39m
2025-11-09 19:16:10:1610 [32minfo[39m: [32m   • Database:     ✅ Connected[39m
2025-11-09 19:16:10:1610 [32minfo[39m: [32m   • Cache:        ✅ Connected[39m
2025-11-09 19:16:10:1610 [32minfo[39m: [32m   • Analytics:    ⚠️  Disabled[39m
2025-11-09 19:16:10:1610 [32minfo[39m: [32m[39m
[32m━━━━━━━━━━━━━━━━━━━━━━━━━━━━━━━━━━━━━━━━━━━━━━━━━━━━━━━━━[39m
2025-11-09 19:16:10:1610 [32minfo[39m: [32m✅ FreeTune Backend is ready to serve requests![39m
2025-11-09 19:16:10:1610 [32minfo[39m: [32m━━━━━━━━━━━━━━━━━━━━━━━━━━━━━━━━━━━━━━━━━━━━━━━━━━━━━━━━━[39m
[32m[39m
2025-11-09 19:16:16:1616 [32minfo[39m: [32m━━━━━━━━━━━━━━━━━━━━━━━━━━━━━━━━━━━━━━━━━━━━━━━━━━━━━━━━━[39m
2025-11-09 19:16:16:1616 [32minfo[39m: [32mSTEP 1: Environment Validation[39m
2025-11-09 19:16:16:1616 [32minfo[39m: [32m━━━━━━━━━━━━━━━━━━━━━━━━━━━━━━━━━━━━━━━━━━━━━━━━━━━━━━━━━[39m
2025-11-09 19:16:16:1616 [32minfo[39m: [32m🔍 Validating environment variables...[39m
2025-11-09 19:16:16:1616 [32minfo[39m: [32m✅ Environment variables validated[39m
2025-11-09 19:16:16:1616 [32minfo[39m: [32m[39m
[32m━━━━━━━━━━━━━━━━━━━━━━━━━━━━━━━━━━━━━━━━━━━━━━━━━━━━━━━━━[39m
2025-11-09 19:16:16:1616 [32minfo[39m: [32mSTEP 2: Database Connections[39m
2025-11-09 19:16:16:1616 [32minfo[39m: [32m━━━━━━━━━━━━━━━━━━━━━━━━━━━━━━━━━━━━━━━━━━━━━━━━━━━━━━━━━[39m
2025-11-09 19:16:16:1616 [32minfo[39m: [32m🔌 Checking database connections...[39m
2025-11-09 19:16:16:1616 [32minfo[39m: [32mSupabase client initialized[39m
2025-11-09 19:16:17:1617 [32minfo[39m: [32m  ✅ Supabase (PostgreSQL) connected[39m
2025-11-09 19:16:17:1617 [32minfo[39m: [32mUpstash Redis initialized[39m
2025-11-09 19:16:17:1617 [32minfo[39m: [32m  ✅ Redis (Upstash) connected[39m
2025-11-09 19:16:17:1617 [33mwarn[39m: [33m  ⚠️  Mongoose connection failed (analytics disabled):[39m
2025-11-09 19:16:17:1617 [32minfo[39m: [32m[39m
[32m━━━━━━━━━━━━━━━━━━━━━━━━━━━━━━━━━━━━━━━━━━━━━━━━━━━━━━━━━[39m
2025-11-09 19:16:17:1617 [32minfo[39m: [32mSTEP 3: Service Configuration[39m
2025-11-09 19:16:17:1617 [32minfo[39m: [32m━━━━━━━━━━━━━━━━━━━━━━━━━━━━━━━━━━━━━━━━━━━━━━━━━━━━━━━━━[39m
2025-11-09 19:16:17:1617 [32minfo[39m: [32m🔧 Checking service configurations...[39m
2025-11-09 19:16:17:1617 [32minfo[39m: [32m  ✅ Cloudflare R2 configured[39m
2025-11-09 19:16:17:1617 [32minfo[39m: [32m  ✅ JWT authentication configured[39m
2025-11-09 19:16:17:1617 [32minfo[39m: [32m  ✅ CORS configured (2 origins)[39m
2025-11-09 19:16:17:1617 [32minfo[39m: [32m✅ Service configurations checked[39m
2025-11-09 19:16:17:1617 [32minfo[39m: [32m[39m
[32m━━━━━━━━━━━━━━━━━━━━━━━━━━━━━━━━━━━━━━━━━━━━━━━━━━━━━━━━━[39m
2025-11-09 19:16:17:1617 [32minfo[39m: [32mSTEP 4: System Information[39m
2025-11-09 19:16:17:1617 [32minfo[39m: [32m━━━━━━━━━━━━━━━━━━━━━━━━━━━━━━━━━━━━━━━━━━━━━━━━━━━━━━━━━[39m
2025-11-09 19:16:17:1617 [32minfo[39m: [32m📊 System Information:[39m
2025-11-09 19:16:17:1617 [32minfo[39m: [32m  • Node.js: v22.20.0[39m
2025-11-09 19:16:17:1617 [32minfo[39m: [32m  • Platform: linux[39m
2025-11-09 19:16:17:1617 [32minfo[39m: [32m  • Architecture: x64[39m
2025-11-09 19:16:17:1617 [32minfo[39m: [32m  • Memory: 39MB[39m
2025-11-09 19:16:17:1617 [32minfo[39m: [32m  • Environment: development[39m
2025-11-09 19:16:17:1617 [32minfo[39m: [32m  • Port: 3000[39m
2025-11-09 19:16:17:1617 [32minfo[39m: [32m[39m
[32m━━━━━━━━━━━━━━━━━━━━━━━━━━━━━━━━━━━━━━━━━━━━━━━━━━━━━━━━━[39m
2025-11-09 19:16:17:1617 [32minfo[39m: [32mSTEP 5: Starting HTTP Server[39m
2025-11-09 19:16:17:1617 [32minfo[39m: [32m━━━━━━━━━━━━━━━━━━━━━━━━━━━━━━━━━━━━━━━━━━━━━━━━━━━━━━━━━[39m
2025-11-09 19:16:17:1617 [32minfo[39m: [32m[39m
[32m🚀 Server started successfully![39m
2025-11-09 19:16:17:1617 [32minfo[39m: [32m[39m
[32m📍 Endpoints:[39m
2025-11-09 19:16:17:1617 [32minfo[39m: [32m   • Health Check: http://localhost:3000/health[39m
2025-11-09 19:16:17:1617 [32minfo[39m: [32m   • API Info:     http://localhost:3000/api[39m
2025-11-09 19:16:17:1617 [32minfo[39m: [32m   • API Base:     http://localhost:3000/api/*[39m
2025-11-09 19:16:17:1617 [32minfo[39m: [32m[39m
[32m🔧 Services Status:[39m
2025-11-09 19:16:17:1617 [32minfo[39m: [32m   • Database:     ✅ Connected[39m
2025-11-09 19:16:17:1617 [32minfo[39m: [32m   • Cache:        ✅ Connected[39m
2025-11-09 19:16:17:1617 [32minfo[39m: [32m   • Analytics:    ⚠️  Disabled[39m
2025-11-09 19:16:17:1617 [32minfo[39m: [32m[39m
[32m━━━━━━━━━━━━━━━━━━━━━━━━━━━━━━━━━━━━━━━━━━━━━━━━━━━━━━━━━[39m
2025-11-09 19:16:17:1617 [32minfo[39m: [32m✅ FreeTune Backend is ready to serve requests![39m
2025-11-09 19:16:17:1617 [32minfo[39m: [32m━━━━━━━━━━━━━━━━━━━━━━━━━━━━━━━━━━━━━━━━━━━━━━━━━━━━━━━━━[39m
[32m[39m
2025-11-09 19:16:48:1648 [32minfo[39m: [32m━━━━━━━━━━━━━━━━━━━━━━━━━━━━━━━━━━━━━━━━━━━━━━━━━━━━━━━━━[39m
2025-11-09 19:16:48:1648 [32minfo[39m: [32mSTEP 1: Environment Validation[39m
2025-11-09 19:16:48:1648 [32minfo[39m: [32m━━━━━━━━━━━━━━━━━━━━━━━━━━━━━━━━━━━━━━━━━━━━━━━━━━━━━━━━━[39m
2025-11-09 19:16:48:1648 [32minfo[39m: [32m🔍 Validating environment variables...[39m
2025-11-09 19:16:48:1648 [32minfo[39m: [32m✅ Environment variables validated[39m
2025-11-09 19:16:48:1648 [32minfo[39m: [32m[39m
[32m━━━━━━━━━━━━━━━━━━━━━━━━━━━━━━━━━━━━━━━━━━━━━━━━━━━━━━━━━[39m
2025-11-09 19:16:48:1648 [32minfo[39m: [32mSTEP 2: Database Connections[39m
2025-11-09 19:16:48:1648 [32minfo[39m: [32m━━━━━━━━━━━━━━━━━━━━━━━━━━━━━━━━━━━━━━━━━━━━━━━━━━━━━━━━━[39m
2025-11-09 19:16:48:1648 [32minfo[39m: [32m🔌 Checking database connections...[39m
2025-11-09 19:16:48:1648 [32minfo[39m: [32mSupabase client initialized[39m
2025-11-09 19:16:48:1648 [32minfo[39m: [32m  ✅ Supabase (PostgreSQL) connected[39m
2025-11-09 19:16:48:1648 [32minfo[39m: [32mUpstash Redis initialized[39m
2025-11-09 19:16:49:1649 [32minfo[39m: [32m  ✅ Redis (Upstash) connected[39m
2025-11-09 19:16:51:1651 [32minfo[39m: [32mMongoose (MongoDB) connected successfully[39m
2025-11-09 19:16:51:1651 [32minfo[39m: [32m  ✅ MongoDB (Mongoose) connected[39m
2025-11-09 19:16:51:1651 [32minfo[39m: [32m[39m
[32m━━━━━━━━━━━━━━━━━━━━━━━━━━━━━━━━━━━━━━━━━━━━━━━━━━━━━━━━━[39m
2025-11-09 19:16:51:1651 [32minfo[39m: [32mSTEP 3: Service Configuration[39m
2025-11-09 19:16:51:1651 [32minfo[39m: [32m━━━━━━━━━━━━━━━━━━━━━━━━━━━━━━━━━━━━━━━━━━━━━━━━━━━━━━━━━[39m
2025-11-09 19:16:51:1651 [32minfo[39m: [32m🔧 Checking service configurations...[39m
2025-11-09 19:16:51:1651 [32minfo[39m: [32m  ✅ Cloudflare R2 configured[39m
2025-11-09 19:16:51:1651 [32minfo[39m: [32m  ✅ JWT authentication configured[39m
2025-11-09 19:16:51:1651 [32minfo[39m: [32m  ✅ CORS configured (2 origins)[39m
2025-11-09 19:16:51:1651 [32minfo[39m: [32m✅ Service configurations checked[39m
2025-11-09 19:16:51:1651 [32minfo[39m: [32m[39m
[32m━━━━━━━━━━━━━━━━━━━━━━━━━━━━━━━━━━━━━━━━━━━━━━━━━━━━━━━━━[39m
2025-11-09 19:16:51:1651 [32minfo[39m: [32mSTEP 4: System Information[39m
2025-11-09 19:16:51:1651 [32minfo[39m: [32m━━━━━━━━━━━━━━━━━━━━━━━━━━━━━━━━━━━━━━━━━━━━━━━━━━━━━━━━━[39m
2025-11-09 19:16:51:1651 [32minfo[39m: [32m📊 System Information:[39m
2025-11-09 19:16:51:1651 [32minfo[39m: [32m  • Node.js: v22.20.0[39m
2025-11-09 19:16:51:1651 [32minfo[39m: [32m  • Platform: linux[39m
2025-11-09 19:16:51:1651 [32minfo[39m: [32m  • Architecture: x64[39m
2025-11-09 19:16:51:1651 [32minfo[39m: [32m  • Memory: 42MB[39m
2025-11-09 19:16:51:1651 [32minfo[39m: [32m  • Environment: development[39m
2025-11-09 19:16:51:1651 [32minfo[39m: [32m  • Port: 3000[39m
2025-11-09 19:16:51:1651 [32minfo[39m: [32m[39m
[32m━━━━━━━━━━━━━━━━━━━━━━━━━━━━━━━━━━━━━━━━━━━━━━━━━━━━━━━━━[39m
2025-11-09 19:16:51:1651 [32minfo[39m: [32mSTEP 5: Starting HTTP Server[39m
2025-11-09 19:16:51:1651 [32minfo[39m: [32m━━━━━━━━━━━━━━━━━━━━━━━━━━━━━━━━━━━━━━━━━━━━━━━━━━━━━━━━━[39m
2025-11-09 19:16:51:1651 [32minfo[39m: [32m[39m
[32m🚀 Server started successfully![39m
2025-11-09 19:16:51:1651 [32minfo[39m: [32m[39m
[32m📍 Endpoints:[39m
2025-11-09 19:16:51:1651 [32minfo[39m: [32m   • Health Check: http://localhost:3000/health[39m
2025-11-09 19:16:51:1651 [32minfo[39m: [32m   • API Info:     http://localhost:3000/api[39m
2025-11-09 19:16:51:1651 [32minfo[39m: [32m   • API Base:     http://localhost:3000/api/*[39m
2025-11-09 19:16:51:1651 [32minfo[39m: [32m[39m
[32m🔧 Services Status:[39m
2025-11-09 19:16:51:1651 [32minfo[39m: [32m   • Database:     ✅ Connected[39m
2025-11-09 19:16:51:1651 [32minfo[39m: [32m   • Cache:        ✅ Connected[39m
2025-11-09 19:16:51:1651 [32minfo[39m: [32m   • Analytics:    ✅ Connected[39m
2025-11-09 19:16:51:1651 [32minfo[39m: [32m[39m
[32m━━━━━━━━━━━━━━━━━━━━━━━━━━━━━━━━━━━━━━━━━━━━━━━━━━━━━━━━━[39m
2025-11-09 19:16:51:1651 [32minfo[39m: [32m✅ FreeTune Backend is ready to serve requests![39m
2025-11-09 19:16:51:1651 [32minfo[39m: [32m━━━━━━━━━━━━━━━━━━━━━━━━━━━━━━━━━━━━━━━━━━━━━━━━━━━━━━━━━[39m
[32m[39m
2025-11-09 19:17:10:1710 [32minfo[39m: [32m━━━━━━━━━━━━━━━━━━━━━━━━━━━━━━━━━━━━━━━━━━━━━━━━━━━━━━━━━[39m
2025-11-09 19:17:10:1710 [32minfo[39m: [32mSTEP 1: Environment Validation[39m
2025-11-09 19:17:10:1710 [32minfo[39m: [32m━━━━━━━━━━━━━━━━━━━━━━━━━━━━━━━━━━━━━━━━━━━━━━━━━━━━━━━━━[39m
2025-11-09 19:17:10:1710 [32minfo[39m: [32m🔍 Validating environment variables...[39m
2025-11-09 19:17:10:1710 [32minfo[39m: [32m✅ Environment variables validated[39m
2025-11-09 19:17:10:1710 [32minfo[39m: [32m[39m
[32m━━━━━━━━━━━━━━━━━━━━━━━━━━━━━━━━━━━━━━━━━━━━━━━━━━━━━━━━━[39m
2025-11-09 19:17:10:1710 [32minfo[39m: [32mSTEP 2: Database Connections[39m
2025-11-09 19:17:10:1710 [32minfo[39m: [32m━━━━━━━━━━━━━━━━━━━━━━━━━━━━━━━━━━━━━━━━━━━━━━━━━━━━━━━━━[39m
2025-11-09 19:17:10:1710 [32minfo[39m: [32m🔌 Checking database connections...[39m
2025-11-09 19:17:10:1710 [32minfo[39m: [32mSupabase client initialized[39m
2025-11-09 19:17:11:1711 [32minfo[39m: [32m  ✅ Supabase (PostgreSQL) connected[39m
2025-11-09 19:17:11:1711 [32minfo[39m: [32mUpstash Redis initialized[39m
2025-11-09 19:17:12:1712 [32minfo[39m: [32m  ✅ Redis (Upstash) connected[39m
2025-11-09 19:17:21:1721 [32minfo[39m: [32mMongoose (MongoDB) connected successfully[39m
2025-11-09 19:17:21:1721 [32minfo[39m: [32m  ✅ MongoDB (Mongoose) connected[39m
2025-11-09 19:17:21:1721 [32minfo[39m: [32m[39m
[32m━━━━━━━━━━━━━━━━━━━━━━━━━━━━━━━━━━━━━━━━━━━━━━━━━━━━━━━━━[39m
2025-11-09 19:17:21:1721 [32minfo[39m: [32mSTEP 3: Service Configuration[39m
2025-11-09 19:17:21:1721 [32minfo[39m: [32m━━━━━━━━━━━━━━━━━━━━━━━━━━━━━━━━━━━━━━━━━━━━━━━━━━━━━━━━━[39m
2025-11-09 19:17:21:1721 [32minfo[39m: [32m🔧 Checking service configurations...[39m
2025-11-09 19:17:21:1721 [32minfo[39m: [32m  ✅ Cloudflare R2 configured[39m
2025-11-09 19:17:21:1721 [32minfo[39m: [32m  ✅ JWT authentication configured[39m
2025-11-09 19:17:21:1721 [32minfo[39m: [32m  ✅ CORS configured (2 origins)[39m
2025-11-09 19:17:21:1721 [32minfo[39m: [32m✅ Service configurations checked[39m
2025-11-09 19:17:21:1721 [32minfo[39m: [32m[39m
[32m━━━━━━━━━━━━━━━━━━━━━━━━━━━━━━━━━━━━━━━━━━━━━━━━━━━━━━━━━[39m
2025-11-09 19:17:21:1721 [32minfo[39m: [32mSTEP 4: System Information[39m
2025-11-09 19:17:21:1721 [32minfo[39m: [32m━━━━━━━━━━━━━━━━━━━━━━━━━━━━━━━━━━━━━━━━━━━━━━━━━━━━━━━━━[39m
2025-11-09 19:17:21:1721 [32minfo[39m: [32m📊 System Information:[39m
2025-11-09 19:17:21:1721 [32minfo[39m: [32m  • Node.js: v22.20.0[39m
2025-11-09 19:17:21:1721 [32minfo[39m: [32m  • Platform: linux[39m
2025-11-09 19:17:21:1721 [32minfo[39m: [32m  • Architecture: x64[39m
2025-11-09 19:17:21:1721 [32minfo[39m: [32m  • Memory: 42MB[39m
2025-11-09 19:17:21:1721 [32minfo[39m: [32m  • Environment: development[39m
2025-11-09 19:17:21:1721 [32minfo[39m: [32m  • Port: 3000[39m
2025-11-09 19:17:21:1721 [32minfo[39m: [32m[39m
[32m━━━━━━━━━━━━━━━━━━━━━━━━━━━━━━━━━━━━━━━━━━━━━━━━━━━━━━━━━[39m
2025-11-09 19:17:21:1721 [32minfo[39m: [32mSTEP 5: Starting HTTP Server[39m
2025-11-09 19:17:21:1721 [32minfo[39m: [32m━━━━━━━━━━━━━━━━━━━━━━━━━━━━━━━━━━━━━━━━━━━━━━━━━━━━━━━━━[39m
2025-11-09 19:17:21:1721 [32minfo[39m: [32m[39m
[32m🚀 Server started successfully![39m
2025-11-09 19:17:21:1721 [32minfo[39m: [32m[39m
[32m📍 Endpoints:[39m
2025-11-09 19:17:21:1721 [32minfo[39m: [32m   • Health Check: http://localhost:3000/health[39m
2025-11-09 19:17:21:1721 [32minfo[39m: [32m   • API Info:     http://localhost:3000/api[39m
2025-11-09 19:17:21:1721 [32minfo[39m: [32m   • API Base:     http://localhost:3000/api/*[39m
2025-11-09 19:17:21:1721 [32minfo[39m: [32m[39m
[32m🔧 Services Status:[39m
2025-11-09 19:17:21:1721 [32minfo[39m: [32m   • Database:     ✅ Connected[39m
2025-11-09 19:17:21:1721 [32minfo[39m: [32m   • Cache:        ✅ Connected[39m
2025-11-09 19:17:21:1721 [32minfo[39m: [32m   • Analytics:    ✅ Connected[39m
2025-11-09 19:17:21:1721 [32minfo[39m: [32m[39m
[32m━━━━━━━━━━━━━━━━━━━━━━━━━━━━━━━━━━━━━━━━━━━━━━━━━━━━━━━━━[39m
2025-11-09 19:17:21:1721 [32minfo[39m: [32m✅ FreeTune Backend is ready to serve requests![39m
2025-11-09 19:17:21:1721 [32minfo[39m: [32m━━━━━━━━━━━━━━━━━━━━━━━━━━━━━━━━━━━━━━━━━━━━━━━━━━━━━━━━━[39m
[32m[39m
2025-11-09 19:17:23:1723 [32minfo[39m: [32m━━━━━━━━━━━━━━━━━━━━━━━━━━━━━━━━━━━━━━━━━━━━━━━━━━━━━━━━━[39m
2025-11-09 19:17:23:1723 [32minfo[39m: [32mSTEP 1: Environment Validation[39m
2025-11-09 19:17:23:1723 [32minfo[39m: [32m━━━━━━━━━━━━━━━━━━━━━━━━━━━━━━━━━━━━━━━━━━━━━━━━━━━━━━━━━[39m
2025-11-09 19:17:23:1723 [32minfo[39m: [32m🔍 Validating environment variables...[39m
2025-11-09 19:17:23:1723 [32minfo[39m: [32m✅ Environment variables validated[39m
2025-11-09 19:17:23:1723 [32minfo[39m: [32m[39m
[32m━━━━━━━━━━━━━━━━━━━━━━━━━━━━━━━━━━━━━━━━━━━━━━━━━━━━━━━━━[39m
2025-11-09 19:17:23:1723 [32minfo[39m: [32mSTEP 2: Database Connections[39m
2025-11-09 19:17:23:1723 [32minfo[39m: [32m━━━━━━━━━━━━━━━━━━━━━━━━━━━━━━━━━━━━━━━━━━━━━━━━━━━━━━━━━[39m
2025-11-09 19:17:23:1723 [32minfo[39m: [32m🔌 Checking database connections...[39m
2025-11-09 19:17:23:1723 [32minfo[39m: [32mSupabase client initialized[39m
2025-11-09 19:17:34:1734 [31merror[39m: [31m  ❌ Supabase connection failed:[39m
2025-11-09 19:18:05:185 [32minfo[39m: [32m━━━━━━━━━━━━━━━━━━━━━━━━━━━━━━━━━━━━━━━━━━━━━━━━━━━━━━━━━[39m
2025-11-09 19:18:05:185 [32minfo[39m: [32mSTEP 1: Environment Validation[39m
2025-11-09 19:18:05:185 [32minfo[39m: [32m━━━━━━━━━━━━━━━━━━━━━━━━━━━━━━━━━━━━━━━━━━━━━━━━━━━━━━━━━[39m
2025-11-09 19:18:05:185 [32minfo[39m: [32m🔍 Validating environment variables...[39m
2025-11-09 19:18:05:185 [32minfo[39m: [32m✅ Environment variables validated[39m
2025-11-09 19:18:05:185 [32minfo[39m: [32m[39m
[32m━━━━━━━━━━━━━━━━━━━━━━━━━━━━━━━━━━━━━━━━━━━━━━━━━━━━━━━━━[39m
2025-11-09 19:18:05:185 [32minfo[39m: [32mSTEP 2: Database Connections[39m
2025-11-09 19:18:05:185 [32minfo[39m: [32m━━━━━━━━━━━━━━━━━━━━━━━━━━━━━━━━━━━━━━━━━━━━━━━━━━━━━━━━━[39m
2025-11-09 19:18:05:185 [32minfo[39m: [32m🔌 Checking database connections...[39m
2025-11-09 19:18:05:185 [32minfo[39m: [32mSupabase client initialized[39m
2025-11-09 19:18:06:186 [32minfo[39m: [32m  ✅ Supabase (PostgreSQL) connected[39m
2025-11-09 19:18:06:186 [32minfo[39m: [32mUpstash Redis initialized[39m
2025-11-09 19:18:11:1811 [32minfo[39m: [32m  ✅ Redis (Upstash) connected[39m
2025-11-09 19:18:13:1813 [32minfo[39m: [32mMongoose (MongoDB) connected successfully[39m
2025-11-09 19:18:13:1813 [32minfo[39m: [32m  ✅ MongoDB (Mongoose) connected[39m
2025-11-09 19:18:13:1813 [32minfo[39m: [32m[39m
[32m━━━━━━━━━━━━━━━━━━━━━━━━━━━━━━━━━━━━━━━━━━━━━━━━━━━━━━━━━[39m
2025-11-09 19:18:13:1813 [32minfo[39m: [32mSTEP 3: Service Configuration[39m
2025-11-09 19:18:13:1813 [32minfo[39m: [32m━━━━━━━━━━━━━━━━━━━━━━━━━━━━━━━━━━━━━━━━━━━━━━━━━━━━━━━━━[39m
2025-11-09 19:18:13:1813 [32minfo[39m: [32m🔧 Checking service configurations...[39m
2025-11-09 19:18:13:1813 [32minfo[39m: [32m  ✅ Cloudflare R2 configured[39m
2025-11-09 19:18:13:1813 [32minfo[39m: [32m  ✅ JWT authentication configured[39m
2025-11-09 19:18:13:1813 [32minfo[39m: [32m  ✅ CORS configured (2 origins)[39m
2025-11-09 19:18:13:1813 [32minfo[39m: [32m✅ Service configurations checked[39m
2025-11-09 19:18:13:1813 [32minfo[39m: [32m[39m
[32m━━━━━━━━━━━━━━━━━━━━━━━━━━━━━━━━━━━━━━━━━━━━━━━━━━━━━━━━━[39m
2025-11-09 19:18:13:1813 [32minfo[39m: [32mSTEP 4: System Information[39m
2025-11-09 19:18:13:1813 [32minfo[39m: [32m━━━━━━━━━━━━━━━━━━━━━━━━━━━━━━━━━━━━━━━━━━━━━━━━━━━━━━━━━[39m
2025-11-09 19:18:13:1813 [32minfo[39m: [32m📊 System Information:[39m
2025-11-09 19:18:13:1813 [32minfo[39m: [32m  • Node.js: v22.20.0[39m
2025-11-09 19:18:13:1813 [32minfo[39m: [32m  • Platform: linux[39m
2025-11-09 19:18:13:1813 [32minfo[39m: [32m  • Architecture: x64[39m
2025-11-09 19:18:13:1813 [32minfo[39m: [32m  • Memory: 42MB[39m
2025-11-09 19:18:13:1813 [32minfo[39m: [32m  • Environment: development[39m
2025-11-09 19:18:13:1813 [32minfo[39m: [32m  • Port: 3000[39m
2025-11-09 19:18:13:1813 [32minfo[39m: [32m[39m
[32m━━━━━━━━━━━━━━━━━━━━━━━━━━━━━━━━━━━━━━━━━━━━━━━━━━━━━━━━━[39m
2025-11-09 19:18:13:1813 [32minfo[39m: [32mSTEP 5: Starting HTTP Server[39m
2025-11-09 19:18:13:1813 [32minfo[39m: [32m━━━━━━━━━━━━━━━━━━━━━━━━━━━━━━━━━━━━━━━━━━━━━━━━━━━━━━━━━[39m
2025-11-09 19:18:13:1813 [32minfo[39m: [32m[39m
[32m🚀 Server started successfully![39m
2025-11-09 19:18:13:1813 [32minfo[39m: [32m[39m
[32m📍 Endpoints:[39m
2025-11-09 19:18:13:1813 [32minfo[39m: [32m   • Health Check: http://localhost:3000/health[39m
2025-11-09 19:18:13:1813 [32minfo[39m: [32m   • API Info:     http://localhost:3000/api[39m
2025-11-09 19:18:13:1813 [32minfo[39m: [32m   • API Base:     http://localhost:3000/api/*[39m
2025-11-09 19:18:13:1813 [32minfo[39m: [32m[39m
[32m🔧 Services Status:[39m
2025-11-09 19:18:13:1813 [32minfo[39m: [32m   • Database:     ✅ Connected[39m
2025-11-09 19:18:13:1813 [32minfo[39m: [32m   • Cache:        ✅ Connected[39m
2025-11-09 19:18:13:1813 [32minfo[39m: [32m   • Analytics:    ✅ Connected[39m
2025-11-09 19:18:13:1813 [32minfo[39m: [32m[39m
[32m━━━━━━━━━━━━━━━━━━━━━━━━━━━━━━━━━━━━━━━━━━━━━━━━━━━━━━━━━[39m
2025-11-09 19:18:13:1813 [32minfo[39m: [32m✅ FreeTune Backend is ready to serve requests![39m
2025-11-09 19:18:13:1813 [32minfo[39m: [32m━━━━━━━━━━━━━━━━━━━━━━━━━━━━━━━━━━━━━━━━━━━━━━━━━━━━━━━━━[39m
[32m[39m
2025-11-09 19:18:22:1822 [32minfo[39m: [32m━━━━━━━━━━━━━━━━━━━━━━━━━━━━━━━━━━━━━━━━━━━━━━━━━━━━━━━━━[39m
2025-11-09 19:18:22:1822 [32minfo[39m: [32mSTEP 1: Environment Validation[39m
2025-11-09 19:18:22:1822 [32minfo[39m: [32m━━━━━━━━━━━━━━━━━━━━━━━━━━━━━━━━━━━━━━━━━━━━━━━━━━━━━━━━━[39m
2025-11-09 19:18:22:1822 [32minfo[39m: [32m🔍 Validating environment variables...[39m
2025-11-09 19:18:22:1822 [32minfo[39m: [32m✅ Environment variables validated[39m
2025-11-09 19:18:22:1822 [32minfo[39m: [32m[39m
[32m━━━━━━━━━━━━━━━━━━━━━━━━━━━━━━━━━━━━━━━━━━━━━━━━━━━━━━━━━[39m
2025-11-09 19:18:22:1822 [32minfo[39m: [32mSTEP 2: Database Connections[39m
2025-11-09 19:18:22:1822 [32minfo[39m: [32m━━━━━━━━━━━━━━━━━━━━━━━━━━━━━━━━━━━━━━━━━━━━━━━━━━━━━━━━━[39m
2025-11-09 19:18:22:1822 [32minfo[39m: [32m🔌 Checking database connections...[39m
2025-11-09 19:18:22:1822 [32minfo[39m: [32mSupabase client initialized[39m
2025-11-09 19:18:23:1823 [32minfo[39m: [32m  ✅ Supabase (PostgreSQL) connected[39m
2025-11-09 19:18:23:1823 [32minfo[39m: [32mUpstash Redis initialized[39m
2025-11-09 19:18:23:1823 [32minfo[39m: [32m  ✅ Redis (Upstash) connected[39m
2025-11-09 19:18:33:1833 [32minfo[39m: [32mMongoose (MongoDB) connected successfully[39m
2025-11-09 19:18:33:1833 [32minfo[39m: [32m  ✅ MongoDB (Mongoose) connected[39m
2025-11-09 19:18:33:1833 [32minfo[39m: [32m[39m
[32m━━━━━━━━━━━━━━━━━━━━━━━━━━━━━━━━━━━━━━━━━━━━━━━━━━━━━━━━━[39m
2025-11-09 19:18:33:1833 [32minfo[39m: [32mSTEP 3: Service Configuration[39m
2025-11-09 19:18:33:1833 [32minfo[39m: [32m━━━━━━━━━━━━━━━━━━━━━━━━━━━━━━━━━━━━━━━━━━━━━━━━━━━━━━━━━[39m
2025-11-09 19:18:33:1833 [32minfo[39m: [32m🔧 Checking service configurations...[39m
2025-11-09 19:18:33:1833 [32minfo[39m: [32m  ✅ Cloudflare R2 configured[39m
2025-11-09 19:18:33:1833 [32minfo[39m: [32m  ✅ JWT authentication configured[39m
2025-11-09 19:18:33:1833 [32minfo[39m: [32m  ✅ CORS configured (2 origins)[39m
2025-11-09 19:18:33:1833 [32minfo[39m: [32m✅ Service configurations checked[39m
2025-11-09 19:18:33:1833 [32minfo[39m: [32m[39m
[32m━━━━━━━━━━━━━━━━━━━━━━━━━━━━━━━━━━━━━━━━━━━━━━━━━━━━━━━━━[39m
2025-11-09 19:18:33:1833 [32minfo[39m: [32mSTEP 4: System Information[39m
2025-11-09 19:18:33:1833 [32minfo[39m: [32m━━━━━━━━━━━━━━━━━━━━━━━━━━━━━━━━━━━━━━━━━━━━━━━━━━━━━━━━━[39m
2025-11-09 19:18:33:1833 [32minfo[39m: [32m📊 System Information:[39m
2025-11-09 19:18:33:1833 [32minfo[39m: [32m  • Node.js: v22.20.0[39m
2025-11-09 19:18:33:1833 [32minfo[39m: [32m  • Platform: linux[39m
2025-11-09 19:18:33:1833 [32minfo[39m: [32m  • Architecture: x64[39m
2025-11-09 19:18:33:1833 [32minfo[39m: [32m  • Memory: 42MB[39m
2025-11-09 19:18:33:1833 [32minfo[39m: [32m  • Environment: development[39m
2025-11-09 19:18:33:1833 [32minfo[39m: [32m  • Port: 3000[39m
2025-11-09 19:18:33:1833 [32minfo[39m: [32m[39m
[32m━━━━━━━━━━━━━━━━━━━━━━━━━━━━━━━━━━━━━━━━━━━━━━━━━━━━━━━━━[39m
2025-11-09 19:18:33:1833 [32minfo[39m: [32mSTEP 5: Starting HTTP Server[39m
2025-11-09 19:18:33:1833 [32minfo[39m: [32m━━━━━━━━━━━━━━━━━━━━━━━━━━━━━━━━━━━━━━━━━━━━━━━━━━━━━━━━━[39m
2025-11-09 19:18:33:1833 [32minfo[39m: [32m[39m
[32m🚀 Server started successfully![39m
2025-11-09 19:18:33:1833 [32minfo[39m: [32m[39m
[32m📍 Endpoints:[39m
2025-11-09 19:18:33:1833 [32minfo[39m: [32m   • Health Check: http://localhost:3000/health[39m
2025-11-09 19:18:33:1833 [32minfo[39m: [32m   • API Info:     http://localhost:3000/api[39m
2025-11-09 19:18:33:1833 [32minfo[39m: [32m   • API Base:     http://localhost:3000/api/*[39m
2025-11-09 19:18:33:1833 [32minfo[39m: [32m[39m
[32m🔧 Services Status:[39m
2025-11-09 19:18:33:1833 [32minfo[39m: [32m   • Database:     ✅ Connected[39m
2025-11-09 19:18:33:1833 [32minfo[39m: [32m   • Cache:        ✅ Connected[39m
2025-11-09 19:18:33:1833 [32minfo[39m: [32m   • Analytics:    ✅ Connected[39m
2025-11-09 19:18:33:1833 [32minfo[39m: [32m[39m
[32m━━━━━━━━━━━━━━━━━━━━━━━━━━━━━━━━━━━━━━━━━━━━━━━━━━━━━━━━━[39m
2025-11-09 19:18:33:1833 [32minfo[39m: [32m✅ FreeTune Backend is ready to serve requests![39m
2025-11-09 19:18:33:1833 [32minfo[39m: [32m━━━━━━━━━━━━━━━━━━━━━━━━━━━━━━━━━━━━━━━━━━━━━━━━━━━━━━━━━[39m
[32m[39m
2025-11-09 19:28:35:2835 [32minfo[39m: [32m━━━━━━━━━━━━━━━━━━━━━━━━━━━━━━━━━━━━━━━━━━━━━━━━━━━━━━━━━[39m
2025-11-09 19:28:35:2835 [32minfo[39m: [32mSTEP 1: Environment Validation[39m
2025-11-09 19:28:35:2835 [32minfo[39m: [32m━━━━━━━━━━━━━━━━━━━━━━━━━━━━━━━━━━━━━━━━━━━━━━━━━━━━━━━━━[39m
2025-11-09 19:28:35:2835 [32minfo[39m: [32m🔍 Validating environment variables...[39m
2025-11-09 19:28:35:2835 [32minfo[39m: [32m✅ Environment variables validated[39m
2025-11-09 19:28:35:2835 [32minfo[39m: [32m[39m
[32m━━━━━━━━━━━━━━━━━━━━━━━━━━━━━━━━━━━━━━━━━━━━━━━━━━━━━━━━━[39m
2025-11-09 19:28:35:2835 [32minfo[39m: [32mSTEP 2: Database Connections[39m
2025-11-09 19:28:35:2835 [32minfo[39m: [32m━━━━━━━━━━━━━━━━━━━━━━━━━━━━━━━━━━━━━━━━━━━━━━━━━━━━━━━━━[39m
2025-11-09 19:28:35:2835 [32minfo[39m: [32m🔌 Checking database connections...[39m
2025-11-09 19:28:35:2835 [32minfo[39m: [32mSupabase client initialized[39m
2025-11-09 19:28:37:2837 [32minfo[39m: [32m  ✅ Supabase (PostgreSQL) connected[39m
2025-11-09 19:28:37:2837 [32minfo[39m: [32mUpstash Redis initialized[39m
2025-11-09 19:28:38:2838 [32minfo[39m: [32m  ✅ Redis (Upstash) connected[39m
2025-11-09 19:28:45:2845 [32minfo[39m: [32m━━━━━━━━━━━━━━━━━━━━━━━━━━━━━━━━━━━━━━━━━━━━━━━━━━━━━━━━━[39m
2025-11-09 19:28:45:2845 [32minfo[39m: [32mSTEP 1: Environment Validation[39m
2025-11-09 19:28:45:2845 [32minfo[39m: [32m━━━━━━━━━━━━━━━━━━━━━━━━━━━━━━━━━━━━━━━━━━━━━━━━━━━━━━━━━[39m
2025-11-09 19:28:45:2845 [32minfo[39m: [32m🔍 Validating environment variables...[39m
2025-11-09 19:28:45:2845 [32minfo[39m: [32m✅ Environment variables validated[39m
2025-11-09 19:28:45:2845 [32minfo[39m: [32m[39m
[32m━━━━━━━━━━━━━━━━━━━━━━━━━━━━━━━━━━━━━━━━━━━━━━━━━━━━━━━━━[39m
2025-11-09 19:28:45:2845 [32minfo[39m: [32mSTEP 2: Database Connections[39m
2025-11-09 19:28:45:2845 [32minfo[39m: [32m━━━━━━━━━━━━━━━━━━━━━━━━━━━━━━━━━━━━━━━━━━━━━━━━━━━━━━━━━[39m
2025-11-09 19:28:45:2845 [32minfo[39m: [32m🔌 Checking database connections...[39m
2025-11-09 19:28:45:2845 [32minfo[39m: [32mSupabase client initialized[39m
2025-11-09 19:28:46:2846 [32minfo[39m: [32m  ✅ Supabase (PostgreSQL) connected[39m
2025-11-09 19:28:46:2846 [32minfo[39m: [32mUpstash Redis initialized[39m
2025-11-09 19:28:47:2847 [32minfo[39m: [32m  ✅ Redis (Upstash) connected[39m
2025-11-09 19:28:51:2851 [32minfo[39m: [32m━━━━━━━━━━━━━━━━━━━━━━━━━━━━━━━━━━━━━━━━━━━━━━━━━━━━━━━━━[39m
2025-11-09 19:28:51:2851 [32minfo[39m: [32mSTEP 1: Environment Validation[39m
2025-11-09 19:28:51:2851 [32minfo[39m: [32m━━━━━━━━━━━━━━━━━━━━━━━━━━━━━━━━━━━━━━━━━━━━━━━━━━━━━━━━━[39m
2025-11-09 19:28:51:2851 [32minfo[39m: [32m🔍 Validating environment variables...[39m
2025-11-09 19:28:51:2851 [32minfo[39m: [32m✅ Environment variables validated[39m
2025-11-09 19:28:51:2851 [32minfo[39m: [32m[39m
[32m━━━━━━━━━━━━━━━━━━━━━━━━━━━━━━━━━━━━━━━━━━━━━━━━━━━━━━━━━[39m
2025-11-09 19:28:51:2851 [32minfo[39m: [32mSTEP 2: Database Connections[39m
2025-11-09 19:28:51:2851 [32minfo[39m: [32m━━━━━━━━━━━━━━━━━━━━━━━━━━━━━━━━━━━━━━━━━━━━━━━━━━━━━━━━━[39m
2025-11-09 19:28:51:2851 [32minfo[39m: [32m🔌 Checking database connections...[39m
2025-11-09 19:28:51:2851 [32minfo[39m: [32mSupabase client initialized[39m
2025-11-09 19:28:52:2852 [32minfo[39m: [32m  ✅ Supabase (PostgreSQL) connected[39m
2025-11-09 19:28:52:2852 [32minfo[39m: [32mUpstash Redis initialized[39m
2025-11-09 19:28:53:2853 [32minfo[39m: [32m  ✅ Redis (Upstash) connected[39m
2025-11-09 19:28:58:2858 [31merror[39m: [31mMongoose connection error: Server selection timed out after 5000 ms[39m
2025-11-09 19:28:58:2858 [33mwarn[39m: [33m  ⚠️  MongoDB not configured (analytics disabled)[39m
2025-11-09 19:28:58:2858 [32minfo[39m: [32m[39m
[32m━━━━━━━━━━━━━━━━━━━━━━━━━━━━━━━━━━━━━━━━━━━━━━━━━━━━━━━━━[39m
2025-11-09 19:28:58:2858 [32minfo[39m: [32mSTEP 3: Service Configuration[39m
2025-11-09 19:28:58:2858 [32minfo[39m: [32m━━━━━━━━━━━━━━━━━━━━━━━━━━━━━━━━━━━━━━━━━━━━━━━━━━━━━━━━━[39m
2025-11-09 19:28:58:2858 [32minfo[39m: [32m🔧 Checking service configurations...[39m
2025-11-09 19:28:58:2858 [32minfo[39m: [32m  ✅ Cloudflare R2 configured[39m
2025-11-09 19:28:58:2858 [32minfo[39m: [32m  ✅ JWT authentication configured[39m
2025-11-09 19:28:58:2858 [32minfo[39m: [32m  ✅ CORS configured (2 origins)[39m
2025-11-09 19:28:58:2858 [32minfo[39m: [32m✅ Service configurations checked[39m
2025-11-09 19:28:58:2858 [32minfo[39m: [32m[39m
[32m━━━━━━━━━━━━━━━━━━━━━━━━━━━━━━━━━━━━━━━━━━━━━━━━━━━━━━━━━[39m
2025-11-09 19:28:58:2858 [32minfo[39m: [32mSTEP 4: System Information[39m
2025-11-09 19:28:58:2858 [32minfo[39m: [32m━━━━━━━━━━━━━━━━━━━━━━━━━━━━━━━━━━━━━━━━━━━━━━━━━━━━━━━━━[39m
2025-11-09 19:28:58:2858 [32minfo[39m: [32m📊 System Information:[39m
2025-11-09 19:28:58:2858 [32minfo[39m: [32m  • Node.js: v22.20.0[39m
2025-11-09 19:28:58:2858 [32minfo[39m: [32m  • Platform: linux[39m
2025-11-09 19:28:58:2858 [32minfo[39m: [32m  • Architecture: x64[39m
2025-11-09 19:28:58:2858 [32minfo[39m: [32m  • Memory: 42MB[39m
2025-11-09 19:28:58:2858 [32minfo[39m: [32m  • Environment: development[39m
2025-11-09 19:28:58:2858 [32minfo[39m: [32m  • Port: 3000[39m
2025-11-09 19:28:58:2858 [32minfo[39m: [32m[39m
[32m━━━━━━━━━━━━━━━━━━━━━━━━━━━━━━━━━━━━━━━━━━━━━━━━━━━━━━━━━[39m
2025-11-09 19:28:58:2858 [32minfo[39m: [32mSTEP 5: Starting HTTP Server[39m
2025-11-09 19:28:58:2858 [32minfo[39m: [32m━━━━━━━━━━━━━━━━━━━━━━━━━━━━━━━━━━━━━━━━━━━━━━━━━━━━━━━━━[39m
2025-11-09 19:28:58:2858 [32minfo[39m: [32m[39m
[32m🚀 Server started successfully![39m
2025-11-09 19:28:58:2858 [32minfo[39m: [32m[39m
[32m📍 Endpoints:[39m
2025-11-09 19:28:58:2858 [32minfo[39m: [32m   • Health Check: http://localhost:3000/health[39m
2025-11-09 19:28:58:2858 [32minfo[39m: [32m   • API Info:     http://localhost:3000/api[39m
2025-11-09 19:28:58:2858 [32minfo[39m: [32m   • API Base:     http://localhost:3000/api/*[39m
2025-11-09 19:28:58:2858 [32minfo[39m: [32m[39m
[32m🔧 Services Status:[39m
2025-11-09 19:28:58:2858 [32minfo[39m: [32m   • Database:     ✅ Connected[39m
2025-11-09 19:28:58:2858 [32minfo[39m: [32m   • Cache:        ✅ Connected[39m
2025-11-09 19:28:58:2858 [32minfo[39m: [32m   • Analytics:    ⚠️  Disabled[39m
2025-11-09 19:28:58:2858 [32minfo[39m: [32m[39m
[32m━━━━━━━━━━━━━━━━━━━━━━━━━━━━━━━━━━━━━━━━━━━━━━━━━━━━━━━━━[39m
2025-11-09 19:28:58:2858 [32minfo[39m: [32m✅ FreeTune Backend is ready to serve requests![39m
2025-11-09 19:28:58:2858 [32minfo[39m: [32m━━━━━━━━━━━━━━━━━━━━━━━━━━━━━━━━━━━━━━━━━━━━━━━━━━━━━━━━━[39m
[32m[39m
2025-11-09 19:30:00:300 [32minfo[39m: [32m━━━━━━━━━━━━━━━━━━━━━━━━━━━━━━━━━━━━━━━━━━━━━━━━━━━━━━━━━[39m
2025-11-09 19:30:00:300 [32minfo[39m: [32mSTEP 1: Environment Validation[39m
2025-11-09 19:30:00:300 [32minfo[39m: [32m━━━━━━━━━━━━━━━━━━━━━━━━━━━━━━━━━━━━━━━━━━━━━━━━━━━━━━━━━[39m
2025-11-09 19:30:00:300 [32minfo[39m: [32m🔍 Validating environment variables...[39m
2025-11-09 19:30:00:300 [32minfo[39m: [32m✅ Environment variables validated[39m
2025-11-09 19:30:00:300 [32minfo[39m: [32m[39m
[32m━━━━━━━━━━━━━━━━━━━━━━━━━━━━━━━━━━━━━━━━━━━━━━━━━━━━━━━━━[39m
2025-11-09 19:30:00:300 [32minfo[39m: [32mSTEP 2: Database Connections[39m
2025-11-09 19:30:00:300 [32minfo[39m: [32m━━━━━━━━━━━━━━━━━━━━━━━━━━━━━━━━━━━━━━━━━━━━━━━━━━━━━━━━━[39m
2025-11-09 19:30:00:300 [32minfo[39m: [32m🔌 Checking database connections...[39m
2025-11-09 19:30:00:300 [32minfo[39m: [32mSupabase client initialized[39m
2025-11-09 19:30:10:3010 [31merror[39m: [31m  ❌ Supabase connection failed:[39m
2025-11-09 19:34:06:346 [32minfo[39m: [32m━━━━━━━━━━━━━━━━━━━━━━━━━━━━━━━━━━━━━━━━━━━━━━━━━━━━━━━━━[39m
2025-11-09 19:34:06:346 [32minfo[39m: [32mSTEP 1: Environment Validation[39m
2025-11-09 19:34:06:346 [32minfo[39m: [32m━━━━━━━━━━━━━━━━━━━━━━━━━━━━━━━━━━━━━━━━━━━━━━━━━━━━━━━━━[39m
2025-11-09 19:34:06:346 [32minfo[39m: [32m🔍 Validating environment variables...[39m
2025-11-09 19:34:06:346 [32minfo[39m: [32m✅ Environment variables validated[39m
2025-11-09 19:34:06:346 [32minfo[39m: [32m[39m
[32m━━━━━━━━━━━━━━━━━━━━━━━━━━━━━━━━━━━━━━━━━━━━━━━━━━━━━━━━━[39m
2025-11-09 19:34:06:346 [32minfo[39m: [32mSTEP 2: Database Connections[39m
2025-11-09 19:34:06:346 [32minfo[39m: [32m━━━━━━━━━━━━━━━━━━━━━━━━━━━━━━━━━━━━━━━━━━━━━━━━━━━━━━━━━[39m
2025-11-09 19:34:06:346 [32minfo[39m: [32m🔌 Checking database connections...[39m
2025-11-09 19:34:06:346 [32minfo[39m: [32mSupabase client initialized[39m
2025-11-09 19:34:12:3412 [32minfo[39m: [32m━━━━━━━━━━━━━━━━━━━━━━━━━━━━━━━━━━━━━━━━━━━━━━━━━━━━━━━━━[39m
2025-11-09 19:34:12:3412 [32minfo[39m: [32mSTEP 1: Environment Validation[39m
2025-11-09 19:34:12:3412 [32minfo[39m: [32m━━━━━━━━━━━━━━━━━━━━━━━━━━━━━━━━━━━━━━━━━━━━━━━━━━━━━━━━━[39m
2025-11-09 19:34:12:3412 [32minfo[39m: [32m🔍 Validating environment variables...[39m
2025-11-09 19:34:12:3412 [32minfo[39m: [32m✅ Environment variables validated[39m
2025-11-09 19:34:12:3412 [32minfo[39m: [32m[39m
[32m━━━━━━━━━━━━━━━━━━━━━━━━━━━━━━━━━━━━━━━━━━━━━━━━━━━━━━━━━[39m
2025-11-09 19:34:12:3412 [32minfo[39m: [32mSTEP 2: Database Connections[39m
2025-11-09 19:34:12:3412 [32minfo[39m: [32m━━━━━━━━━━━━━━━━━━━━━━━━━━━━━━━━━━━━━━━━━━━━━━━━━━━━━━━━━[39m
2025-11-09 19:34:12:3412 [32minfo[39m: [32m🔌 Checking database connections...[39m
2025-11-09 19:34:12:3412 [32minfo[39m: [32mSupabase client initialized[39m
2025-11-09 19:34:13:3413 [32minfo[39m: [32m  ✅ Supabase (PostgreSQL) connected[39m
2025-11-09 19:34:13:3413 [32minfo[39m: [32mUpstash Redis initialized[39m
2025-11-09 19:34:13:3413 [32minfo[39m: [32m  ✅ Redis (Upstash) connected[39m
2025-11-09 19:34:15:3415 [32minfo[39m: [32mMongoose (MongoDB) connected successfully[39m
2025-11-09 19:34:15:3415 [32minfo[39m: [32m  ✅ MongoDB (Mongoose) connected[39m
2025-11-09 19:34:15:3415 [32minfo[39m: [32m[39m
[32m━━━━━━━━━━━━━━━━━━━━━━━━━━━━━━━━━━━━━━━━━━━━━━━━━━━━━━━━━[39m
2025-11-09 19:34:15:3415 [32minfo[39m: [32mSTEP 3: Service Configuration[39m
2025-11-09 19:34:15:3415 [32minfo[39m: [32m━━━━━━━━━━━━━━━━━━━━━━━━━━━━━━━━━━━━━━━━━━━━━━━━━━━━━━━━━[39m
2025-11-09 19:34:15:3415 [32minfo[39m: [32m🔧 Checking service configurations...[39m
2025-11-09 19:34:15:3415 [32minfo[39m: [32m  ✅ Cloudflare R2 configured[39m
2025-11-09 19:34:15:3415 [32minfo[39m: [32m  ✅ JWT authentication configured[39m
2025-11-09 19:34:15:3415 [32minfo[39m: [32m  ✅ CORS configured (2 origins)[39m
2025-11-09 19:34:15:3415 [32minfo[39m: [32m✅ Service configurations checked[39m
2025-11-09 19:34:15:3415 [32minfo[39m: [32m[39m
[32m━━━━━━━━━━━━━━━━━━━━━━━━━━━━━━━━━━━━━━━━━━━━━━━━━━━━━━━━━[39m
2025-11-09 19:34:15:3415 [32minfo[39m: [32mSTEP 4: System Information[39m
2025-11-09 19:34:15:3415 [32minfo[39m: [32m━━━━━━━━━━━━━━━━━━━━━━━━━━━━━━━━━━━━━━━━━━━━━━━━━━━━━━━━━[39m
2025-11-09 19:34:15:3415 [32minfo[39m: [32m📊 System Information:[39m
2025-11-09 19:34:15:3415 [32minfo[39m: [32m  • Node.js: v22.20.0[39m
2025-11-09 19:34:15:3415 [32minfo[39m: [32m  • Platform: linux[39m
2025-11-09 19:34:15:3415 [32minfo[39m: [32m  • Architecture: x64[39m
2025-11-09 19:34:15:3415 [32minfo[39m: [32m  • Memory: 42MB[39m
2025-11-09 19:34:15:3415 [32minfo[39m: [32m  • Environment: development[39m
2025-11-09 19:34:15:3415 [32minfo[39m: [32m  • Port: 3000[39m
2025-11-09 19:34:15:3415 [32minfo[39m: [32m[39m
[32m━━━━━━━━━━━━━━━━━━━━━━━━━━━━━━━━━━━━━━━━━━━━━━━━━━━━━━━━━[39m
2025-11-09 19:34:15:3415 [32minfo[39m: [32mSTEP 5: Starting HTTP Server[39m
2025-11-09 19:34:15:3415 [32minfo[39m: [32m━━━━━━━━━━━━━━━━━━━━━━━━━━━━━━━━━━━━━━━━━━━━━━━━━━━━━━━━━[39m
2025-11-09 19:34:15:3415 [32minfo[39m: [32m[39m
[32m🚀 Server started successfully![39m
2025-11-09 19:34:15:3415 [32minfo[39m: [32m[39m
[32m📍 Endpoints:[39m
2025-11-09 19:34:15:3415 [32minfo[39m: [32m   • Health Check: http://localhost:3000/health[39m
2025-11-09 19:34:15:3415 [32minfo[39m: [32m   • API Info:     http://localhost:3000/api[39m
2025-11-09 19:34:15:3415 [32minfo[39m: [32m   • API Base:     http://localhost:3000/api/*[39m
2025-11-09 19:34:15:3415 [32minfo[39m: [32m[39m
[32m🔧 Services Status:[39m
2025-11-09 19:34:15:3415 [32minfo[39m: [32m   • Database:     ✅ Connected[39m
2025-11-09 19:34:15:3415 [32minfo[39m: [32m   • Cache:        ✅ Connected[39m
2025-11-09 19:34:15:3415 [32minfo[39m: [32m   • Analytics:    ✅ Connected[39m
2025-11-09 19:34:15:3415 [32minfo[39m: [32m[39m
[32m━━━━━━━━━━━━━━━━━━━━━━━━━━━━━━━━━━━━━━━━━━━━━━━━━━━━━━━━━[39m
2025-11-09 19:34:15:3415 [32minfo[39m: [32m✅ FreeTune Backend is ready to serve requests![39m
2025-11-09 19:34:15:3415 [32minfo[39m: [32m━━━━━━━━━━━━━━━━━━━━━━━━━━━━━━━━━━━━━━━━━━━━━━━━━━━━━━━━━[39m
[32m[39m
2025-11-09 19:34:19:3419 [32minfo[39m: [32m━━━━━━━━━━━━━━━━━━━━━━━━━━━━━━━━━━━━━━━━━━━━━━━━━━━━━━━━━[39m
2025-11-09 19:34:19:3419 [32minfo[39m: [32mSTEP 1: Environment Validation[39m
2025-11-09 19:34:19:3419 [32minfo[39m: [32m━━━━━━━━━━━━━━━━━━━━━━━━━━━━━━━━━━━━━━━━━━━━━━━━━━━━━━━━━[39m
2025-11-09 19:34:19:3419 [32minfo[39m: [32m🔍 Validating environment variables...[39m
2025-11-09 19:34:19:3419 [32minfo[39m: [32m✅ Environment variables validated[39m
2025-11-09 19:34:19:3419 [32minfo[39m: [32m[39m
[32m━━━━━━━━━━━━━━━━━━━━━━━━━━━━━━━━━━━━━━━━━━━━━━━━━━━━━━━━━[39m
2025-11-09 19:34:19:3419 [32minfo[39m: [32mSTEP 2: Database Connections[39m
2025-11-09 19:34:19:3419 [32minfo[39m: [32m━━━━━━━━━━━━━━━━━━━━━━━━━━━━━━━━━━━━━━━━━━━━━━━━━━━━━━━━━[39m
2025-11-09 19:34:19:3419 [32minfo[39m: [32m🔌 Checking database connections...[39m
2025-11-09 19:34:20:3420 [32minfo[39m: [32mSupabase client initialized[39m
2025-11-09 19:34:20:3420 [32minfo[39m: [32m  ✅ Supabase (PostgreSQL) connected[39m
2025-11-09 19:34:20:3420 [32minfo[39m: [32mUpstash Redis initialized[39m
2025-11-09 19:34:20:3420 [32minfo[39m: [32m  ✅ Redis (Upstash) connected[39m
2025-11-09 19:34:21:3421 [32minfo[39m: [32mMongoose (MongoDB) connected successfully[39m
2025-11-09 19:34:21:3421 [32minfo[39m: [32m  ✅ MongoDB (Mongoose) connected[39m
2025-11-09 19:34:21:3421 [32minfo[39m: [32m[39m
[32m━━━━━━━━━━━━━━━━━━━━━━━━━━━━━━━━━━━━━━━━━━━━━━━━━━━━━━━━━[39m
2025-11-09 19:34:21:3421 [32minfo[39m: [32mSTEP 3: Service Configuration[39m
2025-11-09 19:34:21:3421 [32minfo[39m: [32m━━━━━━━━━━━━━━━━━━━━━━━━━━━━━━━━━━━━━━━━━━━━━━━━━━━━━━━━━[39m
2025-11-09 19:34:21:3421 [32minfo[39m: [32m🔧 Checking service configurations...[39m
2025-11-09 19:34:21:3421 [32minfo[39m: [32m  ✅ Cloudflare R2 configured[39m
2025-11-09 19:34:21:3421 [32minfo[39m: [32m  ✅ JWT authentication configured[39m
2025-11-09 19:34:21:3421 [32minfo[39m: [32m  ✅ CORS configured (2 origins)[39m
2025-11-09 19:34:21:3421 [32minfo[39m: [32m✅ Service configurations checked[39m
2025-11-09 19:34:21:3421 [32minfo[39m: [32m[39m
[32m━━━━━━━━━━━━━━━━━━━━━━━━━━━━━━━━━━━━━━━━━━━━━━━━━━━━━━━━━[39m
2025-11-09 19:34:21:3421 [32minfo[39m: [32mSTEP 4: System Information[39m
2025-11-09 19:34:21:3421 [32minfo[39m: [32m━━━━━━━━━━━━━━━━━━━━━━━━━━━━━━━━━━━━━━━━━━━━━━━━━━━━━━━━━[39m
2025-11-09 19:34:21:3421 [32minfo[39m: [32m📊 System Information:[39m
2025-11-09 19:34:21:3421 [32minfo[39m: [32m  • Node.js: v22.20.0[39m
2025-11-09 19:34:21:3421 [32minfo[39m: [32m  • Platform: linux[39m
2025-11-09 19:34:21:3421 [32minfo[39m: [32m  • Architecture: x64[39m
2025-11-09 19:34:21:3421 [32minfo[39m: [32m  • Memory: 42MB[39m
2025-11-09 19:34:21:3421 [32minfo[39m: [32m  • Environment: development[39m
2025-11-09 19:34:21:3421 [32minfo[39m: [32m  • Port: 3000[39m
2025-11-09 19:34:21:3421 [32minfo[39m: [32m[39m
[32m━━━━━━━━━━━━━━━━━━━━━━━━━━━━━━━━━━━━━━━━━━━━━━━━━━━━━━━━━[39m
2025-11-09 19:34:21:3421 [32minfo[39m: [32mSTEP 5: Starting HTTP Server[39m
2025-11-09 19:34:21:3421 [32minfo[39m: [32m━━━━━━━━━━━━━━━━━━━━━━━━━━━━━━━━━━━━━━━━━━━━━━━━━━━━━━━━━[39m
2025-11-09 19:34:21:3421 [32minfo[39m: [32m[39m
[32m🚀 Server started successfully![39m
2025-11-09 19:34:21:3421 [32minfo[39m: [32m[39m
[32m📍 Endpoints:[39m
2025-11-09 19:34:21:3421 [32minfo[39m: [32m   • Health Check: http://localhost:3000/health[39m
2025-11-09 19:34:21:3421 [32minfo[39m: [32m   • API Info:     http://localhost:3000/api[39m
2025-11-09 19:34:21:3421 [32minfo[39m: [32m   • API Base:     http://localhost:3000/api/*[39m
2025-11-09 19:34:21:3421 [32minfo[39m: [32m[39m
[32m🔧 Services Status:[39m
2025-11-09 19:34:21:3421 [32minfo[39m: [32m   • Database:     ✅ Connected[39m
2025-11-09 19:34:21:3421 [32minfo[39m: [32m   • Cache:        ✅ Connected[39m
2025-11-09 19:34:21:3421 [32minfo[39m: [32m   • Analytics:    ✅ Connected[39m
2025-11-09 19:34:21:3421 [32minfo[39m: [32m[39m
[32m━━━━━━━━━━━━━━━━━━━━━━━━━━━━━━━━━━━━━━━━━━━━━━━━━━━━━━━━━[39m
2025-11-09 19:34:21:3421 [32minfo[39m: [32m✅ FreeTune Backend is ready to serve requests![39m
2025-11-09 19:34:21:3421 [32minfo[39m: [32m━━━━━━━━━━━━━━━━━━━━━━━━━━━━━━━━━━━━━━━━━━━━━━━━━━━━━━━━━[39m
[32m[39m
2025-11-09 19:37:17:3717 [32minfo[39m: [32m━━━━━━━━━━━━━━━━━━━━━━━━━━━━━━━━━━━━━━━━━━━━━━━━━━━━━━━━━[39m
2025-11-09 19:37:17:3717 [32minfo[39m: [32mSTEP 1: Environment Validation[39m
2025-11-09 19:37:17:3717 [32minfo[39m: [32m━━━━━━━━━━━━━━━━━━━━━━━━━━━━━━━━━━━━━━━━━━━━━━━━━━━━━━━━━[39m
2025-11-09 19:37:17:3717 [32minfo[39m: [32m🔍 Validating environment variables...[39m
2025-11-09 19:37:17:3717 [32minfo[39m: [32m✅ Environment variables validated[39m
2025-11-09 19:37:17:3717 [32minfo[39m: [32m[39m
[32m━━━━━━━━━━━━━━━━━━━━━━━━━━━━━━━━━━━━━━━━━━━━━━━━━━━━━━━━━[39m
2025-11-09 19:37:17:3717 [32minfo[39m: [32mSTEP 2: Database Connections[39m
2025-11-09 19:37:17:3717 [32minfo[39m: [32m━━━━━━━━━━━━━━━━━━━━━━━━━━━━━━━━━━━━━━━━━━━━━━━━━━━━━━━━━[39m
2025-11-09 19:37:17:3717 [32minfo[39m: [32m🔌 Checking database connections...[39m
2025-11-09 19:37:18:3718 [32minfo[39m: [32mSupabase client initialized[39m
2025-11-09 19:37:20:3720 [32minfo[39m: [32m━━━━━━━━━━━━━━━━━━━━━━━━━━━━━━━━━━━━━━━━━━━━━━━━━━━━━━━━━[39m
2025-11-09 19:37:20:3720 [32minfo[39m: [32mSTEP 1: Environment Validation[39m
2025-11-09 19:37:20:3720 [32minfo[39m: [32m━━━━━━━━━━━━━━━━━━━━━━━━━━━━━━━━━━━━━━━━━━━━━━━━━━━━━━━━━[39m
2025-11-09 19:37:20:3720 [32minfo[39m: [32m🔍 Validating environment variables...[39m
2025-11-09 19:37:20:3720 [32minfo[39m: [32m✅ Environment variables validated[39m
2025-11-09 19:37:20:3720 [32minfo[39m: [32m[39m
[32m━━━━━━━━━━━━━━━━━━━━━━━━━━━━━━━━━━━━━━━━━━━━━━━━━━━━━━━━━[39m
2025-11-09 19:37:20:3720 [32minfo[39m: [32mSTEP 2: Database Connections[39m
2025-11-09 19:37:20:3720 [32minfo[39m: [32m━━━━━━━━━━━━━━━━━━━━━━━━━━━━━━━━━━━━━━━━━━━━━━━━━━━━━━━━━[39m
2025-11-09 19:37:20:3720 [32minfo[39m: [32m🔌 Checking database connections...[39m
2025-11-09 19:37:20:3720 [32minfo[39m: [32mSupabase client initialized[39m
2025-11-09 19:37:21:3721 [32minfo[39m: [32m  ✅ Supabase (PostgreSQL) connected[39m
2025-11-09 19:37:21:3721 [32minfo[39m: [32mUpstash Redis initialized[39m
2025-11-09 19:37:22:3722 [32minfo[39m: [32m━━━━━━━━━━━━━━━━━━━━━━━━━━━━━━━━━━━━━━━━━━━━━━━━━━━━━━━━━[39m
2025-11-09 19:37:22:3722 [32minfo[39m: [32mSTEP 1: Environment Validation[39m
2025-11-09 19:37:22:3722 [32minfo[39m: [32m━━━━━━━━━━━━━━━━━━━━━━━━━━━━━━━━━━━━━━━━━━━━━━━━━━━━━━━━━[39m
2025-11-09 19:37:22:3722 [32minfo[39m: [32m🔍 Validating environment variables...[39m
2025-11-09 19:37:22:3722 [32minfo[39m: [32m✅ Environment variables validated[39m
2025-11-09 19:37:22:3722 [32minfo[39m: [32m[39m
[32m━━━━━━━━━━━━━━━━━━━━━━━━━━━━━━━━━━━━━━━━━━━━━━━━━━━━━━━━━[39m
2025-11-09 19:37:22:3722 [32minfo[39m: [32mSTEP 2: Database Connections[39m
2025-11-09 19:37:22:3722 [32minfo[39m: [32m━━━━━━━━━━━━━━━━━━━━━━━━━━━━━━━━━━━━━━━━━━━━━━━━━━━━━━━━━[39m
2025-11-09 19:37:22:3722 [32minfo[39m: [32m🔌 Checking database connections...[39m
2025-11-09 19:37:22:3722 [32minfo[39m: [32mSupabase client initialized[39m
2025-11-09 19:37:24:3724 [32minfo[39m: [32m━━━━━━━━━━━━━━━━━━━━━━━━━━━━━━━━━━━━━━━━━━━━━━━━━━━━━━━━━[39m
2025-11-09 19:37:24:3724 [32minfo[39m: [32mSTEP 1: Environment Validation[39m
2025-11-09 19:37:24:3724 [32minfo[39m: [32m━━━━━━━━━━━━━━━━━━━━━━━━━━━━━━━━━━━━━━━━━━━━━━━━━━━━━━━━━[39m
2025-11-09 19:37:24:3724 [32minfo[39m: [32m🔍 Validating environment variables...[39m
2025-11-09 19:37:24:3724 [32minfo[39m: [32m✅ Environment variables validated[39m
2025-11-09 19:37:24:3724 [32minfo[39m: [32m[39m
[32m━━━━━━━━━━━━━━━━━━━━━━━━━━━━━━━━━━━━━━━━━━━━━━━━━━━━━━━━━[39m
2025-11-09 19:37:24:3724 [32minfo[39m: [32mSTEP 2: Database Connections[39m
2025-11-09 19:37:24:3724 [32minfo[39m: [32m━━━━━━━━━━━━━━━━━━━━━━━━━━━━━━━━━━━━━━━━━━━━━━━━━━━━━━━━━[39m
2025-11-09 19:37:24:3724 [32minfo[39m: [32m🔌 Checking database connections...[39m
2025-11-09 19:37:24:3724 [32minfo[39m: [32mSupabase client initialized[39m
2025-11-09 19:37:25:3725 [32minfo[39m: [32m  ✅ Supabase (PostgreSQL) connected[39m
2025-11-09 19:37:25:3725 [32minfo[39m: [32mUpstash Redis initialized[39m
2025-11-09 19:37:25:3725 [32minfo[39m: [32m  ✅ Redis (Upstash) connected[39m
2025-11-09 19:37:27:3727 [32minfo[39m: [32mMongoose (MongoDB) connected successfully[39m
2025-11-09 19:37:27:3727 [32minfo[39m: [32m  ✅ MongoDB (Mongoose) connected[39m
2025-11-09 19:37:27:3727 [32minfo[39m: [32m[39m
[32m━━━━━━━━━━━━━━━━━━━━━━━━━━━━━━━━━━━━━━━━━━━━━━━━━━━━━━━━━[39m
2025-11-09 19:37:27:3727 [32minfo[39m: [32mSTEP 3: Service Configuration[39m
2025-11-09 19:37:27:3727 [32minfo[39m: [32m━━━━━━━━━━━━━━━━━━━━━━━━━━━━━━━━━━━━━━━━━━━━━━━━━━━━━━━━━[39m
2025-11-09 19:37:27:3727 [32minfo[39m: [32m🔧 Checking service configurations...[39m
2025-11-09 19:37:27:3727 [32minfo[39m: [32m  ✅ Cloudflare R2 configured[39m
2025-11-09 19:37:27:3727 [32minfo[39m: [32m  ✅ JWT authentication configured[39m
2025-11-09 19:37:27:3727 [32minfo[39m: [32m  ✅ CORS configured (2 origins)[39m
2025-11-09 19:37:27:3727 [32minfo[39m: [32m✅ Service configurations checked[39m
2025-11-09 19:37:27:3727 [32minfo[39m: [32m[39m
[32m━━━━━━━━━━━━━━━━━━━━━━━━━━━━━━━━━━━━━━━━━━━━━━━━━━━━━━━━━[39m
2025-11-09 19:37:27:3727 [32minfo[39m: [32mSTEP 4: System Information[39m
2025-11-09 19:37:27:3727 [32minfo[39m: [32m━━━━━━━━━━━━━━━━━━━━━━━━━━━━━━━━━━━━━━━━━━━━━━━━━━━━━━━━━[39m
2025-11-09 19:37:27:3727 [32minfo[39m: [32m📊 System Information:[39m
2025-11-09 19:37:27:3727 [32minfo[39m: [32m  • Node.js: v22.20.0[39m
2025-11-09 19:37:27:3727 [32minfo[39m: [32m  • Platform: linux[39m
2025-11-09 19:37:27:3727 [32minfo[39m: [32m  • Architecture: x64[39m
2025-11-09 19:37:27:3727 [32minfo[39m: [32m  • Memory: 42MB[39m
2025-11-09 19:37:27:3727 [32minfo[39m: [32m  • Environment: development[39m
2025-11-09 19:37:27:3727 [32minfo[39m: [32m  • Port: 3000[39m
2025-11-09 19:37:27:3727 [32minfo[39m: [32m[39m
[32m━━━━━━━━━━━━━━━━━━━━━━━━━━━━━━━━━━━━━━━━━━━━━━━━━━━━━━━━━[39m
2025-11-09 19:37:27:3727 [32minfo[39m: [32mSTEP 5: Starting HTTP Server[39m
2025-11-09 19:37:27:3727 [32minfo[39m: [32m━━━━━━━━━━━━━━━━━━━━━━━━━━━━━━━━━━━━━━━━━━━━━━━━━━━━━━━━━[39m
2025-11-09 19:37:27:3727 [32minfo[39m: [32m[39m
[32m🚀 Server started successfully![39m
2025-11-09 19:37:27:3727 [32minfo[39m: [32m[39m
[32m📍 Endpoints:[39m
2025-11-09 19:37:27:3727 [32minfo[39m: [32m   • Health Check: http://localhost:3000/health[39m
2025-11-09 19:37:27:3727 [32minfo[39m: [32m   • API Info:     http://localhost:3000/api[39m
2025-11-09 19:37:27:3727 [32minfo[39m: [32m   • API Base:     http://localhost:3000/api/*[39m
2025-11-09 19:37:27:3727 [32minfo[39m: [32m[39m
[32m🔧 Services Status:[39m
2025-11-09 19:37:27:3727 [32minfo[39m: [32m   • Database:     ✅ Connected[39m
2025-11-09 19:37:27:3727 [32minfo[39m: [32m   • Cache:        ✅ Connected[39m
2025-11-09 19:37:27:3727 [32minfo[39m: [32m   • Analytics:    ✅ Connected[39m
2025-11-09 19:37:27:3727 [32minfo[39m: [32m[39m
[32m━━━━━━━━━━━━━━━━━━━━━━━━━━━━━━━━━━━━━━━━━━━━━━━━━━━━━━━━━[39m
2025-11-09 19:37:27:3727 [32minfo[39m: [32m✅ FreeTune Backend is ready to serve requests![39m
2025-11-09 19:37:27:3727 [32minfo[39m: [32m━━━━━━━━━━━━━━━━━━━━━━━━━━━━━━━━━━━━━━━━━━━━━━━━━━━━━━━━━[39m
[32m[39m
2025-11-09 19:38:00:380 [32minfo[39m: [32m━━━━━━━━━━━━━━━━━━━━━━━━━━━━━━━━━━━━━━━━━━━━━━━━━━━━━━━━━[39m
2025-11-09 19:38:00:380 [32minfo[39m: [32mSTEP 1: Environment Validation[39m
2025-11-09 19:38:00:380 [32minfo[39m: [32m━━━━━━━━━━━━━━━━━━━━━━━━━━━━━━━━━━━━━━━━━━━━━━━━━━━━━━━━━[39m
2025-11-09 19:38:00:380 [32minfo[39m: [32m🔍 Validating environment variables...[39m
2025-11-09 19:38:00:380 [32minfo[39m: [32m✅ Environment variables validated[39m
2025-11-09 19:38:00:380 [32minfo[39m: [32m[39m
[32m━━━━━━━━━━━━━━━━━━━━━━━━━━━━━━━━━━━━━━━━━━━━━━━━━━━━━━━━━[39m
2025-11-09 19:38:00:380 [32minfo[39m: [32mSTEP 2: Database Connections[39m
2025-11-09 19:38:00:380 [32minfo[39m: [32m━━━━━━━━━━━━━━━━━━━━━━━━━━━━━━━━━━━━━━━━━━━━━━━━━━━━━━━━━[39m
2025-11-09 19:38:00:380 [32minfo[39m: [32m🔌 Checking database connections...[39m
2025-11-09 19:38:00:380 [32minfo[39m: [32mSupabase client initialized[39m
2025-11-09 19:38:00:380 [32minfo[39m: [32m  ✅ Supabase (PostgreSQL) connected[39m
2025-11-09 19:38:00:380 [32minfo[39m: [32mUpstash Redis initialized[39m
2025-11-09 19:38:01:381 [32minfo[39m: [32m  ✅ Redis (Upstash) connected[39m
2025-11-09 19:38:03:383 [32minfo[39m: [32m━━━━━━━━━━━━━━━━━━━━━━━━━━━━━━━━━━━━━━━━━━━━━━━━━━━━━━━━━[39m
2025-11-09 19:38:03:383 [32minfo[39m: [32mSTEP 1: Environment Validation[39m
2025-11-09 19:38:03:383 [32minfo[39m: [32m━━━━━━━━━━━━━━━━━━━━━━━━━━━━━━━━━━━━━━━━━━━━━━━━━━━━━━━━━[39m
2025-11-09 19:38:03:383 [32minfo[39m: [32m🔍 Validating environment variables...[39m
2025-11-09 19:38:03:383 [32minfo[39m: [32m✅ Environment variables validated[39m
2025-11-09 19:38:03:383 [32minfo[39m: [32m[39m
[32m━━━━━━━━━━━━━━━━━━━━━━━━━━━━━━━━━━━━━━━━━━━━━━━━━━━━━━━━━[39m
2025-11-09 19:38:03:383 [32minfo[39m: [32mSTEP 2: Database Connections[39m
2025-11-09 19:38:03:383 [32minfo[39m: [32m━━━━━━━━━━━━━━━━━━━━━━━━━━━━━━━━━━━━━━━━━━━━━━━━━━━━━━━━━[39m
2025-11-09 19:38:03:383 [32minfo[39m: [32m🔌 Checking database connections...[39m
2025-11-09 19:38:03:383 [32minfo[39m: [32mSupabase client initialized[39m
2025-11-09 19:38:03:383 [32minfo[39m: [32m  ✅ Supabase (PostgreSQL) connected[39m
2025-11-09 19:38:03:383 [32minfo[39m: [32mUpstash Redis initialized[39m
2025-11-09 19:38:04:384 [32minfo[39m: [32m  ✅ Redis (Upstash) connected[39m
2025-11-09 19:38:05:385 [32minfo[39m: [32mMongoose (MongoDB) connected successfully[39m
2025-11-09 19:38:05:385 [32minfo[39m: [32m  ✅ MongoDB (Mongoose) connected[39m
2025-11-09 19:38:05:385 [32minfo[39m: [32m[39m
[32m━━━━━━━━━━━━━━━━━━━━━━━━━━━━━━━━━━━━━━━━━━━━━━━━━━━━━━━━━[39m
2025-11-09 19:38:05:385 [32minfo[39m: [32mSTEP 3: Service Configuration[39m
2025-11-09 19:38:05:385 [32minfo[39m: [32m━━━━━━━━━━━━━━━━━━━━━━━━━━━━━━━━━━━━━━━━━━━━━━━━━━━━━━━━━[39m
2025-11-09 19:38:05:385 [32minfo[39m: [32m🔧 Checking service configurations...[39m
2025-11-09 19:38:05:385 [32minfo[39m: [32m  ✅ Cloudflare R2 configured[39m
2025-11-09 19:38:05:385 [32minfo[39m: [32m  ✅ JWT authentication configured[39m
2025-11-09 19:38:05:385 [32minfo[39m: [32m  ✅ CORS configured (2 origins)[39m
2025-11-09 19:38:05:385 [32minfo[39m: [32m✅ Service configurations checked[39m
2025-11-09 19:38:05:385 [32minfo[39m: [32m[39m
[32m━━━━━━━━━━━━━━━━━━━━━━━━━━━━━━━━━━━━━━━━━━━━━━━━━━━━━━━━━[39m
2025-11-09 19:38:05:385 [32minfo[39m: [32mSTEP 4: System Information[39m
2025-11-09 19:38:05:385 [32minfo[39m: [32m━━━━━━━━━━━━━━━━━━━━━━━━━━━━━━━━━━━━━━━━━━━━━━━━━━━━━━━━━[39m
2025-11-09 19:38:05:385 [32minfo[39m: [32m📊 System Information:[39m
2025-11-09 19:38:05:385 [32minfo[39m: [32m  • Node.js: v22.20.0[39m
2025-11-09 19:38:05:385 [32minfo[39m: [32m  • Platform: linux[39m
2025-11-09 19:38:05:385 [32minfo[39m: [32m  • Architecture: x64[39m
2025-11-09 19:38:05:385 [32minfo[39m: [32m  • Memory: 42MB[39m
2025-11-09 19:38:05:385 [32minfo[39m: [32m  • Environment: development[39m
2025-11-09 19:38:05:385 [32minfo[39m: [32m  • Port: 3000[39m
2025-11-09 19:38:05:385 [32minfo[39m: [32m[39m
[32m━━━━━━━━━━━━━━━━━━━━━━━━━━━━━━━━━━━━━━━━━━━━━━━━━━━━━━━━━[39m
2025-11-09 19:38:05:385 [32minfo[39m: [32mSTEP 5: Starting HTTP Server[39m
2025-11-09 19:38:05:385 [32minfo[39m: [32m━━━━━━━━━━━━━━━━━━━━━━━━━━━━━━━━━━━━━━━━━━━━━━━━━━━━━━━━━[39m
2025-11-09 19:38:05:385 [32minfo[39m: [32m[39m
[32m🚀 Server started successfully![39m
2025-11-09 19:38:05:385 [32minfo[39m: [32m[39m
[32m📍 Endpoints:[39m
2025-11-09 19:38:05:385 [32minfo[39m: [32m   • Health Check: http://localhost:3000/health[39m
2025-11-09 19:38:05:385 [32minfo[39m: [32m   • API Info:     http://localhost:3000/api[39m
2025-11-09 19:38:05:385 [32minfo[39m: [32m   • API Base:     http://localhost:3000/api/*[39m
2025-11-09 19:38:05:385 [32minfo[39m: [32m[39m
[32m🔧 Services Status:[39m
2025-11-09 19:38:05:385 [32minfo[39m: [32m   • Database:     ✅ Connected[39m
2025-11-09 19:38:05:385 [32minfo[39m: [32m   • Cache:        ✅ Connected[39m
2025-11-09 19:38:05:385 [32minfo[39m: [32m   • Analytics:    ✅ Connected[39m
2025-11-09 19:38:05:385 [32minfo[39m: [32m[39m
[32m━━━━━━━━━━━━━━━━━━━━━━━━━━━━━━━━━━━━━━━━━━━━━━━━━━━━━━━━━[39m
2025-11-09 19:38:05:385 [32minfo[39m: [32m✅ FreeTune Backend is ready to serve requests![39m
2025-11-09 19:38:05:385 [32minfo[39m: [32m━━━━━━━━━━━━━━━━━━━━━━━━━━━━━━━━━━━━━━━━━━━━━━━━━━━━━━━━━[39m
[32m[39m
2025-11-09 19:38:12:3812 [32minfo[39m: [32m━━━━━━━━━━━━━━━━━━━━━━━━━━━━━━━━━━━━━━━━━━━━━━━━━━━━━━━━━[39m
2025-11-09 19:38:12:3812 [32minfo[39m: [32mSTEP 1: Environment Validation[39m
2025-11-09 19:38:12:3812 [32minfo[39m: [32m━━━━━━━━━━━━━━━━━━━━━━━━━━━━━━━━━━━━━━━━━━━━━━━━━━━━━━━━━[39m
2025-11-09 19:38:12:3812 [32minfo[39m: [32m🔍 Validating environment variables...[39m
2025-11-09 19:38:12:3812 [32minfo[39m: [32m✅ Environment variables validated[39m
2025-11-09 19:38:12:3812 [32minfo[39m: [32m[39m
[32m━━━━━━━━━━━━━━━━━━━━━━━━━━━━━━━━━━━━━━━━━━━━━━━━━━━━━━━━━[39m
2025-11-09 19:38:12:3812 [32minfo[39m: [32mSTEP 2: Database Connections[39m
2025-11-09 19:38:12:3812 [32minfo[39m: [32m━━━━━━━━━━━━━━━━━━━━━━━━━━━━━━━━━━━━━━━━━━━━━━━━━━━━━━━━━[39m
2025-11-09 19:38:12:3812 [32minfo[39m: [32m🔌 Checking database connections...[39m
2025-11-09 19:38:12:3812 [32minfo[39m: [32mSupabase client initialized[39m
2025-11-09 19:38:13:3813 [32minfo[39m: [32m  ✅ Supabase (PostgreSQL) connected[39m
2025-11-09 19:38:13:3813 [32minfo[39m: [32mUpstash Redis initialized[39m
2025-11-09 19:38:13:3813 [32minfo[39m: [32m  ✅ Redis (Upstash) connected[39m
2025-11-09 19:38:15:3815 [32minfo[39m: [32mMongoose (MongoDB) connected successfully[39m
2025-11-09 19:38:15:3815 [32minfo[39m: [32m  ✅ MongoDB (Mongoose) connected[39m
2025-11-09 19:38:15:3815 [32minfo[39m: [32m[39m
[32m━━━━━━━━━━━━━━━━━━━━━━━━━━━━━━━━━━━━━━━━━━━━━━━━━━━━━━━━━[39m
2025-11-09 19:38:15:3815 [32minfo[39m: [32mSTEP 3: Service Configuration[39m
2025-11-09 19:38:15:3815 [32minfo[39m: [32m━━━━━━━━━━━━━━━━━━━━━━━━━━━━━━━━━━━━━━━━━━━━━━━━━━━━━━━━━[39m
2025-11-09 19:38:15:3815 [32minfo[39m: [32m🔧 Checking service configurations...[39m
2025-11-09 19:38:15:3815 [32minfo[39m: [32m  ✅ Cloudflare R2 configured[39m
2025-11-09 19:38:15:3815 [32minfo[39m: [32m  ✅ JWT authentication configured[39m
2025-11-09 19:38:15:3815 [32minfo[39m: [32m  ✅ CORS configured (2 origins)[39m
2025-11-09 19:38:15:3815 [32minfo[39m: [32m✅ Service configurations checked[39m
2025-11-09 19:38:15:3815 [32minfo[39m: [32m[39m
[32m━━━━━━━━━━━━━━━━━━━━━━━━━━━━━━━━━━━━━━━━━━━━━━━━━━━━━━━━━[39m
2025-11-09 19:38:15:3815 [32minfo[39m: [32mSTEP 4: System Information[39m
2025-11-09 19:38:15:3815 [32minfo[39m: [32m━━━━━━━━━━━━━━━━━━━━━━━━━━━━━━━━━━━━━━━━━━━━━━━━━━━━━━━━━[39m
2025-11-09 19:38:15:3815 [32minfo[39m: [32m📊 System Information:[39m
2025-11-09 19:38:15:3815 [32minfo[39m: [32m  • Node.js: v22.20.0[39m
2025-11-09 19:38:15:3815 [32minfo[39m: [32m  • Platform: linux[39m
2025-11-09 19:38:15:3815 [32minfo[39m: [32m  • Architecture: x64[39m
2025-11-09 19:38:15:3815 [32minfo[39m: [32m  • Memory: 42MB[39m
2025-11-09 19:38:15:3815 [32minfo[39m: [32m  • Environment: development[39m
2025-11-09 19:38:15:3815 [32minfo[39m: [32m  • Port: 3000[39m
2025-11-09 19:38:15:3815 [32minfo[39m: [32m[39m
[32m━━━━━━━━━━━━━━━━━━━━━━━━━━━━━━━━━━━━━━━━━━━━━━━━━━━━━━━━━[39m
2025-11-09 19:38:15:3815 [32minfo[39m: [32mSTEP 5: Starting HTTP Server[39m
2025-11-09 19:38:15:3815 [32minfo[39m: [32m━━━━━━━━━━━━━━━━━━━━━━━━━━━━━━━━━━━━━━━━━━━━━━━━━━━━━━━━━[39m
2025-11-09 19:38:15:3815 [32minfo[39m: [32m[39m
[32m🚀 Server started successfully![39m
2025-11-09 19:38:15:3815 [32minfo[39m: [32m[39m
[32m📍 Endpoints:[39m
2025-11-09 19:38:15:3815 [32minfo[39m: [32m   • Health Check: http://localhost:3000/health[39m
2025-11-09 19:38:15:3815 [32minfo[39m: [32m   • API Info:     http://localhost:3000/api[39m
2025-11-09 19:38:15:3815 [32minfo[39m: [32m   • API Base:     http://localhost:3000/api/*[39m
2025-11-09 19:38:15:3815 [32minfo[39m: [32m[39m
[32m🔧 Services Status:[39m
2025-11-09 19:38:15:3815 [32minfo[39m: [32m   • Database:     ✅ Connected[39m
2025-11-09 19:38:15:3815 [32minfo[39m: [32m   • Cache:        ✅ Connected[39m
2025-11-09 19:38:15:3815 [32minfo[39m: [32m   • Analytics:    ✅ Connected[39m
2025-11-09 19:38:15:3815 [32minfo[39m: [32m[39m
[32m━━━━━━━━━━━━━━━━━━━━━━━━━━━━━━━━━━━━━━━━━━━━━━━━━━━━━━━━━[39m
2025-11-09 19:38:15:3815 [32minfo[39m: [32m✅ FreeTune Backend is ready to serve requests![39m
2025-11-09 19:38:15:3815 [32minfo[39m: [32m━━━━━━━━━━━━━━━━━━━━━━━━━━━━━━━━━━━━━━━━━━━━━━━━━━━━━━━━━[39m
[32m[39m
2025-11-09 19:38:19:3819 [32minfo[39m: [32m━━━━━━━━━━━━━━━━━━━━━━━━━━━━━━━━━━━━━━━━━━━━━━━━━━━━━━━━━[39m
2025-11-09 19:38:19:3819 [32minfo[39m: [32mSTEP 1: Environment Validation[39m
2025-11-09 19:38:19:3819 [32minfo[39m: [32m━━━━━━━━━━━━━━━━━━━━━━━━━━━━━━━━━━━━━━━━━━━━━━━━━━━━━━━━━[39m
2025-11-09 19:38:19:3819 [32minfo[39m: [32m🔍 Validating environment variables...[39m
2025-11-09 19:38:19:3819 [32minfo[39m: [32m✅ Environment variables validated[39m
2025-11-09 19:38:19:3819 [32minfo[39m: [32m[39m
[32m━━━━━━━━━━━━━━━━━━━━━━━━━━━━━━━━━━━━━━━━━━━━━━━━━━━━━━━━━[39m
2025-11-09 19:38:19:3819 [32minfo[39m: [32mSTEP 2: Database Connections[39m
2025-11-09 19:38:19:3819 [32minfo[39m: [32m━━━━━━━━━━━━━━━━━━━━━━━━━━━━━━━━━━━━━━━━━━━━━━━━━━━━━━━━━[39m
2025-11-09 19:38:19:3819 [32minfo[39m: [32m🔌 Checking database connections...[39m
2025-11-09 19:38:19:3819 [32minfo[39m: [32mSupabase client initialized[39m
2025-11-09 19:38:19:3819 [32minfo[39m: [32m  ✅ Supabase (PostgreSQL) connected[39m
2025-11-09 19:38:19:3819 [32minfo[39m: [32mUpstash Redis initialized[39m
2025-11-09 19:38:20:3820 [32minfo[39m: [32m  ✅ Redis (Upstash) connected[39m
2025-11-09 19:38:21:3821 [32minfo[39m: [32mMongoose (MongoDB) connected successfully[39m
2025-11-09 19:38:21:3821 [32minfo[39m: [32m  ✅ MongoDB (Mongoose) connected[39m
2025-11-09 19:38:21:3821 [32minfo[39m: [32m[39m
[32m━━━━━━━━━━━━━━━━━━━━━━━━━━━━━━━━━━━━━━━━━━━━━━━━━━━━━━━━━[39m
2025-11-09 19:38:21:3821 [32minfo[39m: [32mSTEP 3: Service Configuration[39m
2025-11-09 19:38:21:3821 [32minfo[39m: [32m━━━━━━━━━━━━━━━━━━━━━━━━━━━━━━━━━━━━━━━━━━━━━━━━━━━━━━━━━[39m
2025-11-09 19:38:21:3821 [32minfo[39m: [32m🔧 Checking service configurations...[39m
2025-11-09 19:38:21:3821 [32minfo[39m: [32m  ✅ Cloudflare R2 configured[39m
2025-11-09 19:38:21:3821 [32minfo[39m: [32m  ✅ JWT authentication configured[39m
2025-11-09 19:38:21:3821 [32minfo[39m: [32m  ✅ CORS configured (2 origins)[39m
2025-11-09 19:38:21:3821 [32minfo[39m: [32m✅ Service configurations checked[39m
2025-11-09 19:38:21:3821 [32minfo[39m: [32m[39m
[32m━━━━━━━━━━━━━━━━━━━━━━━━━━━━━━━━━━━━━━━━━━━━━━━━━━━━━━━━━[39m
2025-11-09 19:38:21:3821 [32minfo[39m: [32mSTEP 4: System Information[39m
2025-11-09 19:38:21:3821 [32minfo[39m: [32m━━━━━━━━━━━━━━━━━━━━━━━━━━━━━━━━━━━━━━━━━━━━━━━━━━━━━━━━━[39m
2025-11-09 19:38:21:3821 [32minfo[39m: [32m📊 System Information:[39m
2025-11-09 19:38:21:3821 [32minfo[39m: [32m  • Node.js: v22.20.0[39m
2025-11-09 19:38:21:3821 [32minfo[39m: [32m  • Platform: linux[39m
2025-11-09 19:38:21:3821 [32minfo[39m: [32m  • Architecture: x64[39m
2025-11-09 19:38:21:3821 [32minfo[39m: [32m  • Memory: 42MB[39m
2025-11-09 19:38:21:3821 [32minfo[39m: [32m  • Environment: development[39m
2025-11-09 19:38:21:3821 [32minfo[39m: [32m  • Port: 3000[39m
2025-11-09 19:38:21:3821 [32minfo[39m: [32m[39m
[32m━━━━━━━━━━━━━━━━━━━━━━━━━━━━━━━━━━━━━━━━━━━━━━━━━━━━━━━━━[39m
2025-11-09 19:38:21:3821 [32minfo[39m: [32mSTEP 5: Starting HTTP Server[39m
2025-11-09 19:38:21:3821 [32minfo[39m: [32m━━━━━━━━━━━━━━━━━━━━━━━━━━━━━━━━━━━━━━━━━━━━━━━━━━━━━━━━━[39m
2025-11-09 19:38:21:3821 [32minfo[39m: [32m[39m
[32m🚀 Server started successfully![39m
2025-11-09 19:38:21:3821 [32minfo[39m: [32m[39m
[32m📍 Endpoints:[39m
2025-11-09 19:38:21:3821 [32minfo[39m: [32m   • Health Check: http://localhost:3000/health[39m
2025-11-09 19:38:21:3821 [32minfo[39m: [32m   • API Info:     http://localhost:3000/api[39m
2025-11-09 19:38:21:3821 [32minfo[39m: [32m   • API Base:     http://localhost:3000/api/*[39m
2025-11-09 19:38:21:3821 [32minfo[39m: [32m[39m
[32m🔧 Services Status:[39m
2025-11-09 19:38:21:3821 [32minfo[39m: [32m   • Database:     ✅ Connected[39m
2025-11-09 19:38:21:3821 [32minfo[39m: [32m   • Cache:        ✅ Connected[39m
2025-11-09 19:38:21:3821 [32minfo[39m: [32m   • Analytics:    ✅ Connected[39m
2025-11-09 19:38:21:3821 [32minfo[39m: [32m[39m
[32m━━━━━━━━━━━━━━━━━━━━━━━━━━━━━━━━━━━━━━━━━━━━━━━━━━━━━━━━━[39m
2025-11-09 19:38:21:3821 [32minfo[39m: [32m✅ FreeTune Backend is ready to serve requests![39m
2025-11-09 19:38:21:3821 [32minfo[39m: [32m━━━━━━━━━━━━━━━━━━━━━━━━━━━━━━━━━━━━━━━━━━━━━━━━━━━━━━━━━[39m
[32m[39m
2025-11-09 19:39:07:397 [32minfo[39m: [32m━━━━━━━━━━━━━━━━━━━━━━━━━━━━━━━━━━━━━━━━━━━━━━━━━━━━━━━━━[39m
2025-11-09 19:39:07:397 [32minfo[39m: [32mSTEP 1: Environment Validation[39m
2025-11-09 19:39:07:397 [32minfo[39m: [32m━━━━━━━━━━━━━━━━━━━━━━━━━━━━━━━━━━━━━━━━━━━━━━━━━━━━━━━━━[39m
2025-11-09 19:39:07:397 [32minfo[39m: [32m🔍 Validating environment variables...[39m
2025-11-09 19:39:07:397 [32minfo[39m: [32m✅ Environment variables validated[39m
2025-11-09 19:39:07:397 [32minfo[39m: [32m[39m
[32m━━━━━━━━━━━━━━━━━━━━━━━━━━━━━━━━━━━━━━━━━━━━━━━━━━━━━━━━━[39m
2025-11-09 19:39:07:397 [32minfo[39m: [32mSTEP 2: Database Connections[39m
2025-11-09 19:39:07:397 [32minfo[39m: [32m━━━━━━━━━━━━━━━━━━━━━━━━━━━━━━━━━━━━━━━━━━━━━━━━━━━━━━━━━[39m
2025-11-09 19:39:07:397 [32minfo[39m: [32m🔌 Checking database connections...[39m
2025-11-09 19:39:07:397 [32minfo[39m: [32mSupabase client initialized[39m
2025-11-09 19:39:08:398 [32minfo[39m: [32m  ✅ Supabase (PostgreSQL) connected[39m
2025-11-09 19:39:08:398 [32minfo[39m: [32mUpstash Redis initialized[39m
2025-11-09 19:39:08:398 [32minfo[39m: [32m  ✅ Redis (Upstash) connected[39m
2025-11-09 19:39:36:3936 [32minfo[39m: [32m━━━━━━━━━━━━━━━━━━━━━━━━━━━━━━━━━━━━━━━━━━━━━━━━━━━━━━━━━[39m
2025-11-09 19:39:36:3936 [32minfo[39m: [32mSTEP 1: Environment Validation[39m
2025-11-09 19:39:36:3936 [32minfo[39m: [32m━━━━━━━━━━━━━━━━━━━━━━━━━━━━━━━━━━━━━━━━━━━━━━━━━━━━━━━━━[39m
2025-11-09 19:39:36:3936 [32minfo[39m: [32m🔍 Validating environment variables...[39m
2025-11-09 19:39:36:3936 [32minfo[39m: [32m✅ Environment variables validated[39m
2025-11-09 19:39:36:3936 [32minfo[39m: [32m[39m
[32m━━━━━━━━━━━━━━━━━━━━━━━━━━━━━━━━━━━━━━━━━━━━━━━━━━━━━━━━━[39m
2025-11-09 19:39:36:3936 [32minfo[39m: [32mSTEP 2: Database Connections[39m
2025-11-09 19:39:36:3936 [32minfo[39m: [32m━━━━━━━━━━━━━━━━━━━━━━━━━━━━━━━━━━━━━━━━━━━━━━━━━━━━━━━━━[39m
2025-11-09 19:39:36:3936 [32minfo[39m: [32m🔌 Checking database connections...[39m
2025-11-09 19:39:36:3936 [32minfo[39m: [32mSupabase client initialized[39m
2025-11-09 19:39:36:3936 [32minfo[39m: [32m  ✅ Supabase (PostgreSQL) connected[39m
2025-11-09 19:39:36:3936 [32minfo[39m: [32mUpstash Redis initialized[39m
2025-11-09 19:39:37:3937 [32minfo[39m: [32m  ✅ Redis (Upstash) connected[39m
2025-11-09 19:39:38:3938 [32minfo[39m: [32mMongoose (MongoDB) connected successfully[39m
2025-11-09 19:39:38:3938 [32minfo[39m: [32m  ✅ MongoDB (Mongoose) connected[39m
2025-11-09 19:39:38:3938 [32minfo[39m: [32m[39m
[32m━━━━━━━━━━━━━━━━━━━━━━━━━━━━━━━━━━━━━━━━━━━━━━━━━━━━━━━━━[39m
2025-11-09 19:39:38:3938 [32minfo[39m: [32mSTEP 3: Service Configuration[39m
2025-11-09 19:39:38:3938 [32minfo[39m: [32m━━━━━━━━━━━━━━━━━━━━━━━━━━━━━━━━━━━━━━━━━━━━━━━━━━━━━━━━━[39m
2025-11-09 19:39:38:3938 [32minfo[39m: [32m🔧 Checking service configurations...[39m
2025-11-09 19:39:38:3938 [32minfo[39m: [32m  ✅ Cloudflare R2 configured[39m
2025-11-09 19:39:38:3938 [32minfo[39m: [32m  ✅ JWT authentication configured[39m
2025-11-09 19:39:38:3938 [32minfo[39m: [32m  ✅ CORS configured (2 origins)[39m
2025-11-09 19:39:38:3938 [32minfo[39m: [32m✅ Service configurations checked[39m
2025-11-09 19:39:38:3938 [32minfo[39m: [32m[39m
[32m━━━━━━━━━━━━━━━━━━━━━━━━━━━━━━━━━━━━━━━━━━━━━━━━━━━━━━━━━[39m
2025-11-09 19:39:38:3938 [32minfo[39m: [32mSTEP 4: System Information[39m
2025-11-09 19:39:38:3938 [32minfo[39m: [32m━━━━━━━━━━━━━━━━━━━━━━━━━━━━━━━━━━━━━━━━━━━━━━━━━━━━━━━━━[39m
2025-11-09 19:39:38:3938 [32minfo[39m: [32m📊 System Information:[39m
2025-11-09 19:39:38:3938 [32minfo[39m: [32m  • Node.js: v22.20.0[39m
2025-11-09 19:39:38:3938 [32minfo[39m: [32m  • Platform: linux[39m
2025-11-09 19:39:38:3938 [32minfo[39m: [32m  • Architecture: x64[39m
2025-11-09 19:39:38:3938 [32minfo[39m: [32m  • Memory: 42MB[39m
2025-11-09 19:39:38:3938 [32minfo[39m: [32m  • Environment: development[39m
2025-11-09 19:39:38:3938 [32minfo[39m: [32m  • Port: 3000[39m
2025-11-09 19:39:38:3938 [32minfo[39m: [32m[39m
[32m━━━━━━━━━━━━━━━━━━━━━━━━━━━━━━━━━━━━━━━━━━━━━━━━━━━━━━━━━[39m
2025-11-09 19:39:38:3938 [32minfo[39m: [32mSTEP 5: Starting HTTP Server[39m
2025-11-09 19:39:38:3938 [32minfo[39m: [32m━━━━━━━━━━━━━━━━━━━━━━━━━━━━━━━━━━━━━━━━━━━━━━━━━━━━━━━━━[39m
2025-11-09 19:39:38:3938 [32minfo[39m: [32m[39m
[32m🚀 Server started successfully![39m
2025-11-09 19:39:38:3938 [32minfo[39m: [32m[39m
[32m📍 Endpoints:[39m
2025-11-09 19:39:38:3938 [32minfo[39m: [32m   • Health Check: http://localhost:3000/health[39m
2025-11-09 19:39:38:3938 [32minfo[39m: [32m   • API Info:     http://localhost:3000/api[39m
2025-11-09 19:39:38:3938 [32minfo[39m: [32m   • API Base:     http://localhost:3000/api/*[39m
2025-11-09 19:39:38:3938 [32minfo[39m: [32m[39m
[32m🔧 Services Status:[39m
2025-11-09 19:39:38:3938 [32minfo[39m: [32m   • Database:     ✅ Connected[39m
2025-11-09 19:39:38:3938 [32minfo[39m: [32m   • Cache:        ✅ Connected[39m
2025-11-09 19:39:38:3938 [32minfo[39m: [32m   • Analytics:    ✅ Connected[39m
2025-11-09 19:39:38:3938 [32minfo[39m: [32m[39m
[32m━━━━━━━━━━━━━━━━━━━━━━━━━━━━━━━━━━━━━━━━━━━━━━━━━━━━━━━━━[39m
2025-11-09 19:39:38:3938 [32minfo[39m: [32m✅ FreeTune Backend is ready to serve requests![39m
2025-11-09 19:39:38:3938 [32minfo[39m: [32m━━━━━━━━━━━━━━━━━━━━━━━━━━━━━━━━━━━━━━━━━━━━━━━━━━━━━━━━━[39m
[32m[39m
2025-11-09 19:40:02:402 [32minfo[39m: [32m━━━━━━━━━━━━━━━━━━━━━━━━━━━━━━━━━━━━━━━━━━━━━━━━━━━━━━━━━[39m
2025-11-09 19:40:02:402 [32minfo[39m: [32mSTEP 1: Environment Validation[39m
2025-11-09 19:40:02:402 [32minfo[39m: [32m━━━━━━━━━━━━━━━━━━━━━━━━━━━━━━━━━━━━━━━━━━━━━━━━━━━━━━━━━[39m
2025-11-09 19:40:02:402 [32minfo[39m: [32m🔍 Validating environment variables...[39m
2025-11-09 19:40:02:402 [32minfo[39m: [32m✅ Environment variables validated[39m
2025-11-09 19:40:02:402 [32minfo[39m: [32m[39m
[32m━━━━━━━━━━━━━━━━━━━━━━━━━━━━━━━━━━━━━━━━━━━━━━━━━━━━━━━━━[39m
2025-11-09 19:40:02:402 [32minfo[39m: [32mSTEP 2: Database Connections[39m
2025-11-09 19:40:02:402 [32minfo[39m: [32m━━━━━━━━━━━━━━━━━━━━━━━━━━━━━━━━━━━━━━━━━━━━━━━━━━━━━━━━━[39m
2025-11-09 19:40:02:402 [32minfo[39m: [32m🔌 Checking database connections...[39m
2025-11-09 19:40:02:402 [32minfo[39m: [32mSupabase client initialized[39m
2025-11-09 19:40:03:403 [32minfo[39m: [32m  ✅ Supabase (PostgreSQL) connected[39m
2025-11-09 19:40:03:403 [32minfo[39m: [32mUpstash Redis initialized[39m
2025-11-09 19:40:03:403 [32minfo[39m: [32m  ✅ Redis (Upstash) connected[39m
2025-11-09 19:40:05:405 [32minfo[39m: [32mMongoose (MongoDB) connected successfully[39m
2025-11-09 19:40:05:405 [32minfo[39m: [32m  ✅ MongoDB (Mongoose) connected[39m
2025-11-09 19:40:05:405 [32minfo[39m: [32m[39m
[32m━━━━━━━━━━━━━━━━━━━━━━━━━━━━━━━━━━━━━━━━━━━━━━━━━━━━━━━━━[39m
2025-11-09 19:40:05:405 [32minfo[39m: [32mSTEP 3: Service Configuration[39m
2025-11-09 19:40:05:405 [32minfo[39m: [32m━━━━━━━━━━━━━━━━━━━━━━━━━━━━━━━━━━━━━━━━━━━━━━━━━━━━━━━━━[39m
2025-11-09 19:40:05:405 [32minfo[39m: [32m🔧 Checking service configurations...[39m
2025-11-09 19:40:05:405 [32minfo[39m: [32m  ✅ Cloudflare R2 configured[39m
2025-11-09 19:40:05:405 [32minfo[39m: [32m  ✅ JWT authentication configured[39m
2025-11-09 19:40:05:405 [32minfo[39m: [32m  ✅ CORS configured (2 origins)[39m
2025-11-09 19:40:05:405 [32minfo[39m: [32m✅ Service configurations checked[39m
2025-11-09 19:40:05:405 [32minfo[39m: [32m[39m
[32m━━━━━━━━━━━━━━━━━━━━━━━━━━━━━━━━━━━━━━━━━━━━━━━━━━━━━━━━━[39m
2025-11-09 19:40:05:405 [32minfo[39m: [32mSTEP 4: System Information[39m
2025-11-09 19:40:05:405 [32minfo[39m: [32m━━━━━━━━━━━━━━━━━━━━━━━━━━━━━━━━━━━━━━━━━━━━━━━━━━━━━━━━━[39m
2025-11-09 19:40:05:405 [32minfo[39m: [32m📊 System Information:[39m
2025-11-09 19:40:05:405 [32minfo[39m: [32m  • Node.js: v22.20.0[39m
2025-11-09 19:40:05:405 [32minfo[39m: [32m  • Platform: linux[39m
2025-11-09 19:40:05:405 [32minfo[39m: [32m  • Architecture: x64[39m
2025-11-09 19:40:05:405 [32minfo[39m: [32m  • Memory: 42MB[39m
2025-11-09 19:40:05:405 [32minfo[39m: [32m  • Environment: development[39m
2025-11-09 19:40:05:405 [32minfo[39m: [32m  • Port: 3000[39m
2025-11-09 19:40:05:405 [32minfo[39m: [32m[39m
[32m━━━━━━━━━━━━━━━━━━━━━━━━━━━━━━━━━━━━━━━━━━━━━━━━━━━━━━━━━[39m
2025-11-09 19:40:05:405 [32minfo[39m: [32mSTEP 5: Starting HTTP Server[39m
2025-11-09 19:40:05:405 [32minfo[39m: [32m━━━━━━━━━━━━━━━━━━━━━━━━━━━━━━━━━━━━━━━━━━━━━━━━━━━━━━━━━[39m
2025-11-09 19:40:05:405 [32minfo[39m: [32m[39m
[32m🚀 Server started successfully![39m
2025-11-09 19:40:05:405 [32minfo[39m: [32m[39m
[32m📍 Endpoints:[39m
2025-11-09 19:40:05:405 [32minfo[39m: [32m   • Health Check: http://localhost:3000/health[39m
2025-11-09 19:40:05:405 [32minfo[39m: [32m   • API Info:     http://localhost:3000/api[39m
2025-11-09 19:40:05:405 [32minfo[39m: [32m   • API Base:     http://localhost:3000/api/*[39m
2025-11-09 19:40:05:405 [32minfo[39m: [32m[39m
[32m🔧 Services Status:[39m
2025-11-09 19:40:05:405 [32minfo[39m: [32m   • Database:     ✅ Connected[39m
2025-11-09 19:40:05:405 [32minfo[39m: [32m   • Cache:        ✅ Connected[39m
2025-11-09 19:40:05:405 [32minfo[39m: [32m   • Analytics:    ✅ Connected[39m
2025-11-09 19:40:05:405 [32minfo[39m: [32m[39m
[32m━━━━━━━━━━━━━━━━━━━━━━━━━━━━━━━━━━━━━━━━━━━━━━━━━━━━━━━━━[39m
2025-11-09 19:40:05:405 [32minfo[39m: [32m✅ FreeTune Backend is ready to serve requests![39m
2025-11-09 19:40:05:405 [32minfo[39m: [32m━━━━━━━━━━━━━━━━━━━━━━━━━━━━━━━━━━━━━━━━━━━━━━━━━━━━━━━━━[39m
[32m[39m
2025-11-09 19:40:31:4031 [32minfo[39m: [32m━━━━━━━━━━━━━━━━━━━━━━━━━━━━━━━━━━━━━━━━━━━━━━━━━━━━━━━━━[39m
2025-11-09 19:40:31:4031 [32minfo[39m: [32mSTEP 1: Environment Validation[39m
2025-11-09 19:40:31:4031 [32minfo[39m: [32m━━━━━━━━━━━━━━━━━━━━━━━━━━━━━━━━━━━━━━━━━━━━━━━━━━━━━━━━━[39m
2025-11-09 19:40:31:4031 [32minfo[39m: [32m🔍 Validating environment variables...[39m
2025-11-09 19:40:31:4031 [32minfo[39m: [32m✅ Environment variables validated[39m
2025-11-09 19:40:31:4031 [32minfo[39m: [32m[39m
[32m━━━━━━━━━━━━━━━━━━━━━━━━━━━━━━━━━━━━━━━━━━━━━━━━━━━━━━━━━[39m
2025-11-09 19:40:31:4031 [32minfo[39m: [32mSTEP 2: Database Connections[39m
2025-11-09 19:40:31:4031 [32minfo[39m: [32m━━━━━━━━━━━━━━━━━━━━━━━━━━━━━━━━━━━━━━━━━━━━━━━━━━━━━━━━━[39m
2025-11-09 19:40:31:4031 [32minfo[39m: [32m🔌 Checking database connections...[39m
2025-11-09 19:40:31:4031 [32minfo[39m: [32mSupabase client initialized[39m
2025-11-09 19:40:31:4031 [32minfo[39m: [32m  ✅ Supabase (PostgreSQL) connected[39m
2025-11-09 19:40:31:4031 [32minfo[39m: [32mUpstash Redis initialized[39m
2025-11-09 19:40:32:4032 [32minfo[39m: [32m  ✅ Redis (Upstash) connected[39m
2025-11-09 19:40:34:4034 [32minfo[39m: [32m━━━━━━━━━━━━━━━━━━━━━━━━━━━━━━━━━━━━━━━━━━━━━━━━━━━━━━━━━[39m
2025-11-09 19:40:34:4034 [32minfo[39m: [32mSTEP 1: Environment Validation[39m
2025-11-09 19:40:34:4034 [32minfo[39m: [32m━━━━━━━━━━━━━━━━━━━━━━━━━━━━━━━━━━━━━━━━━━━━━━━━━━━━━━━━━[39m
2025-11-09 19:40:34:4034 [32minfo[39m: [32m🔍 Validating environment variables...[39m
2025-11-09 19:40:34:4034 [32minfo[39m: [32m✅ Environment variables validated[39m
2025-11-09 19:40:34:4034 [32minfo[39m: [32m[39m
[32m━━━━━━━━━━━━━━━━━━━━━━━━━━━━━━━━━━━━━━━━━━━━━━━━━━━━━━━━━[39m
2025-11-09 19:40:34:4034 [32minfo[39m: [32mSTEP 2: Database Connections[39m
2025-11-09 19:40:34:4034 [32minfo[39m: [32m━━━━━━━━━━━━━━━━━━━━━━━━━━━━━━━━━━━━━━━━━━━━━━━━━━━━━━━━━[39m
2025-11-09 19:40:34:4034 [32minfo[39m: [32m🔌 Checking database connections...[39m
2025-11-09 19:40:34:4034 [32minfo[39m: [32mSupabase client initialized[39m
2025-11-09 19:40:35:4035 [32minfo[39m: [32m  ✅ Supabase (PostgreSQL) connected[39m
2025-11-09 19:40:35:4035 [32minfo[39m: [32mUpstash Redis initialized[39m
2025-11-09 19:40:35:4035 [32minfo[39m: [32m  ✅ Redis (Upstash) connected[39m
2025-11-09 19:40:36:4036 [32minfo[39m: [32mMongoose (MongoDB) connected successfully[39m
2025-11-09 19:40:36:4036 [32minfo[39m: [32m  ✅ MongoDB (Mongoose) connected[39m
2025-11-09 19:40:36:4036 [32minfo[39m: [32m[39m
[32m━━━━━━━━━━━━━━━━━━━━━━━━━━━━━━━━━━━━━━━━━━━━━━━━━━━━━━━━━[39m
2025-11-09 19:40:36:4036 [32minfo[39m: [32mSTEP 3: Service Configuration[39m
2025-11-09 19:40:36:4036 [32minfo[39m: [32m━━━━━━━━━━━━━━━━━━━━━━━━━━━━━━━━━━━━━━━━━━━━━━━━━━━━━━━━━[39m
2025-11-09 19:40:36:4036 [32minfo[39m: [32m🔧 Checking service configurations...[39m
2025-11-09 19:40:36:4036 [32minfo[39m: [32m  ✅ Cloudflare R2 configured[39m
2025-11-09 19:40:36:4036 [32minfo[39m: [32m  ✅ JWT authentication configured[39m
2025-11-09 19:40:36:4036 [32minfo[39m: [32m  ✅ CORS configured (2 origins)[39m
2025-11-09 19:40:36:4036 [32minfo[39m: [32m✅ Service configurations checked[39m
2025-11-09 19:40:36:4036 [32minfo[39m: [32m[39m
[32m━━━━━━━━━━━━━━━━━━━━━━━━━━━━━━━━━━━━━━━━━━━━━━━━━━━━━━━━━[39m
2025-11-09 19:40:36:4036 [32minfo[39m: [32mSTEP 4: System Information[39m
2025-11-09 19:40:36:4036 [32minfo[39m: [32m━━━━━━━━━━━━━━━━━━━━━━━━━━━━━━━━━━━━━━━━━━━━━━━━━━━━━━━━━[39m
2025-11-09 19:40:36:4036 [32minfo[39m: [32m📊 System Information:[39m
2025-11-09 19:40:36:4036 [32minfo[39m: [32m  • Node.js: v22.20.0[39m
2025-11-09 19:40:36:4036 [32minfo[39m: [32m  • Platform: linux[39m
2025-11-09 19:40:36:4036 [32minfo[39m: [32m  • Architecture: x64[39m
2025-11-09 19:40:36:4036 [32minfo[39m: [32m  • Memory: 42MB[39m
2025-11-09 19:40:36:4036 [32minfo[39m: [32m  • Environment: development[39m
2025-11-09 19:40:36:4036 [32minfo[39m: [32m  • Port: 3000[39m
2025-11-09 19:40:36:4036 [32minfo[39m: [32m[39m
[32m━━━━━━━━━━━━━━━━━━━━━━━━━━━━━━━━━━━━━━━━━━━━━━━━━━━━━━━━━[39m
2025-11-09 19:40:36:4036 [32minfo[39m: [32mSTEP 5: Starting HTTP Server[39m
2025-11-09 19:40:36:4036 [32minfo[39m: [32m━━━━━━━━━━━━━━━━━━━━━━━━━━━━━━━━━━━━━━━━━━━━━━━━━━━━━━━━━[39m
2025-11-09 19:40:36:4036 [32minfo[39m: [32m[39m
[32m🚀 Server started successfully![39m
2025-11-09 19:40:36:4036 [32minfo[39m: [32m[39m
[32m📍 Endpoints:[39m
2025-11-09 19:40:36:4036 [32minfo[39m: [32m   • Health Check: http://localhost:3000/health[39m
2025-11-09 19:40:36:4036 [32minfo[39m: [32m   • API Info:     http://localhost:3000/api[39m
2025-11-09 19:40:36:4036 [32minfo[39m: [32m   • API Base:     http://localhost:3000/api/*[39m
2025-11-09 19:40:36:4036 [32minfo[39m: [32m[39m
[32m🔧 Services Status:[39m
2025-11-09 19:40:36:4036 [32minfo[39m: [32m   • Database:     ✅ Connected[39m
2025-11-09 19:40:36:4036 [32minfo[39m: [32m   • Cache:        ✅ Connected[39m
2025-11-09 19:40:36:4036 [32minfo[39m: [32m   • Analytics:    ✅ Connected[39m
2025-11-09 19:40:36:4036 [32minfo[39m: [32m[39m
[32m━━━━━━━━━━━━━━━━━━━━━━━━━━━━━━━━━━━━━━━━━━━━━━━━━━━━━━━━━[39m
2025-11-09 19:40:36:4036 [32minfo[39m: [32m✅ FreeTune Backend is ready to serve requests![39m
2025-11-09 19:40:36:4036 [32minfo[39m: [32m━━━━━━━━━━━━━━━━━━━━━━━━━━━━━━━━━━━━━━━━━━━━━━━━━━━━━━━━━[39m
[32m[39m
2025-11-09 19:40:42:4042 [32minfo[39m: [32m━━━━━━━━━━━━━━━━━━━━━━━━━━━━━━━━━━━━━━━━━━━━━━━━━━━━━━━━━[39m
2025-11-09 19:40:42:4042 [32minfo[39m: [32mSTEP 1: Environment Validation[39m
2025-11-09 19:40:42:4042 [32minfo[39m: [32m━━━━━━━━━━━━━━━━━━━━━━━━━━━━━━━━━━━━━━━━━━━━━━━━━━━━━━━━━[39m
2025-11-09 19:40:42:4042 [32minfo[39m: [32m🔍 Validating environment variables...[39m
2025-11-09 19:40:42:4042 [32minfo[39m: [32m✅ Environment variables validated[39m
2025-11-09 19:40:42:4042 [32minfo[39m: [32m[39m
[32m━━━━━━━━━━━━━━━━━━━━━━━━━━━━━━━━━━━━━━━━━━━━━━━━━━━━━━━━━[39m
2025-11-09 19:40:42:4042 [32minfo[39m: [32mSTEP 2: Database Connections[39m
2025-11-09 19:40:42:4042 [32minfo[39m: [32m━━━━━━━━━━━━━━━━━━━━━━━━━━━━━━━━━━━━━━━━━━━━━━━━━━━━━━━━━[39m
2025-11-09 19:40:42:4042 [32minfo[39m: [32m🔌 Checking database connections...[39m
2025-11-09 19:40:42:4042 [32minfo[39m: [32mSupabase client initialized[39m
2025-11-09 19:40:42:4042 [32minfo[39m: [32m  ✅ Supabase (PostgreSQL) connected[39m
2025-11-09 19:40:42:4042 [32minfo[39m: [32mUpstash Redis initialized[39m
2025-11-09 19:40:42:4042 [32minfo[39m: [32m  ✅ Redis (Upstash) connected[39m
2025-11-09 19:40:44:4044 [32minfo[39m: [32mMongoose (MongoDB) connected successfully[39m
2025-11-09 19:40:44:4044 [32minfo[39m: [32m  ✅ MongoDB (Mongoose) connected[39m
2025-11-09 19:40:44:4044 [32minfo[39m: [32m[39m
[32m━━━━━━━━━━━━━━━━━━━━━━━━━━━━━━━━━━━━━━━━━━━━━━━━━━━━━━━━━[39m
2025-11-09 19:40:44:4044 [32minfo[39m: [32mSTEP 3: Service Configuration[39m
2025-11-09 19:40:44:4044 [32minfo[39m: [32m━━━━━━━━━━━━━━━━━━━━━━━━━━━━━━━━━━━━━━━━━━━━━━━━━━━━━━━━━[39m
2025-11-09 19:40:44:4044 [32minfo[39m: [32m🔧 Checking service configurations...[39m
2025-11-09 19:40:44:4044 [32minfo[39m: [32m  ✅ Cloudflare R2 configured[39m
2025-11-09 19:40:44:4044 [32minfo[39m: [32m  ✅ JWT authentication configured[39m
2025-11-09 19:40:44:4044 [32minfo[39m: [32m  ✅ CORS configured (2 origins)[39m
2025-11-09 19:40:44:4044 [32minfo[39m: [32m✅ Service configurations checked[39m
2025-11-09 19:40:44:4044 [32minfo[39m: [32m[39m
[32m━━━━━━━━━━━━━━━━━━━━━━━━━━━━━━━━━━━━━━━━━━━━━━━━━━━━━━━━━[39m
2025-11-09 19:40:44:4044 [32minfo[39m: [32mSTEP 4: System Information[39m
2025-11-09 19:40:44:4044 [32minfo[39m: [32m━━━━━━━━━━━━━━━━━━━━━━━━━━━━━━━━━━━━━━━━━━━━━━━━━━━━━━━━━[39m
2025-11-09 19:40:44:4044 [32minfo[39m: [32m📊 System Information:[39m
2025-11-09 19:40:44:4044 [32minfo[39m: [32m  • Node.js: v22.20.0[39m
2025-11-09 19:40:44:4044 [32minfo[39m: [32m  • Platform: linux[39m
2025-11-09 19:40:44:4044 [32minfo[39m: [32m  • Architecture: x64[39m
2025-11-09 19:40:44:4044 [32minfo[39m: [32m  • Memory: 42MB[39m
2025-11-09 19:40:44:4044 [32minfo[39m: [32m  • Environment: development[39m
2025-11-09 19:40:44:4044 [32minfo[39m: [32m  • Port: 3000[39m
2025-11-09 19:40:44:4044 [32minfo[39m: [32m[39m
[32m━━━━━━━━━━━━━━━━━━━━━━━━━━━━━━━━━━━━━━━━━━━━━━━━━━━━━━━━━[39m
2025-11-09 19:40:44:4044 [32minfo[39m: [32mSTEP 5: Starting HTTP Server[39m
2025-11-09 19:40:44:4044 [32minfo[39m: [32m━━━━━━━━━━━━━━━━━━━━━━━━━━━━━━━━━━━━━━━━━━━━━━━━━━━━━━━━━[39m
2025-11-09 19:40:44:4044 [32minfo[39m: [32m[39m
[32m🚀 Server started successfully![39m
2025-11-09 19:40:44:4044 [32minfo[39m: [32m[39m
[32m📍 Endpoints:[39m
2025-11-09 19:40:44:4044 [32minfo[39m: [32m   • Health Check: http://localhost:3000/health[39m
2025-11-09 19:40:44:4044 [32minfo[39m: [32m   • API Info:     http://localhost:3000/api[39m
2025-11-09 19:40:44:4044 [32minfo[39m: [32m   • API Base:     http://localhost:3000/api/*[39m
2025-11-09 19:40:44:4044 [32minfo[39m: [32m[39m
[32m🔧 Services Status:[39m
2025-11-09 19:40:44:4044 [32minfo[39m: [32m   • Database:     ✅ Connected[39m
2025-11-09 19:40:44:4044 [32minfo[39m: [32m   • Cache:        ✅ Connected[39m
2025-11-09 19:40:44:4044 [32minfo[39m: [32m   • Analytics:    ✅ Connected[39m
2025-11-09 19:40:44:4044 [32minfo[39m: [32m[39m
[32m━━━━━━━━━━━━━━━━━━━━━━━━━━━━━━━━━━━━━━━━━━━━━━━━━━━━━━━━━[39m
2025-11-09 19:40:44:4044 [32minfo[39m: [32m✅ FreeTune Backend is ready to serve requests![39m
2025-11-09 19:40:44:4044 [32minfo[39m: [32m━━━━━━━━━━━━━━━━━━━━━━━━━━━━━━━━━━━━━━━━━━━━━━━━━━━━━━━━━[39m
[32m[39m
2025-11-09 19:45:47:4547 [32minfo[39m: [32m━━━━━━━━━━━━━━━━━━━━━━━━━━━━━━━━━━━━━━━━━━━━━━━━━━━━━━━━━[39m
2025-11-09 19:45:47:4547 [32minfo[39m: [32mSTEP 1: Environment Validation[39m
2025-11-09 19:45:47:4547 [32minfo[39m: [32m━━━━━━━━━━━━━━━━━━━━━━━━━━━━━━━━━━━━━━━━━━━━━━━━━━━━━━━━━[39m
2025-11-09 19:45:47:4547 [32minfo[39m: [32m🔍 Validating environment variables...[39m
2025-11-09 19:45:47:4547 [32minfo[39m: [32m✅ Environment variables validated[39m
2025-11-09 19:45:47:4547 [32minfo[39m: [32m[39m
[32m━━━━━━━━━━━━━━━━━━━━━━━━━━━━━━━━━━━━━━━━━━━━━━━━━━━━━━━━━[39m
2025-11-09 19:45:47:4547 [32minfo[39m: [32mSTEP 2: Database Connections[39m
2025-11-09 19:45:47:4547 [32minfo[39m: [32m━━━━━━━━━━━━━━━━━━━━━━━━━━━━━━━━━━━━━━━━━━━━━━━━━━━━━━━━━[39m
2025-11-09 19:45:47:4547 [32minfo[39m: [32m🔌 Checking database connections...[39m
2025-11-09 19:45:47:4547 [32minfo[39m: [32mSupabase client initialized[39m
2025-11-09 20:18:36:1836 [32minfo[39m: [32m━━━━━━━━━━━━━━━━━━━━━━━━━━━━━━━━━━━━━━━━━━━━━━━━━━━━━━━━━[39m
2025-11-09 20:18:36:1836 [32minfo[39m: [32mSTEP 1: Environment Validation[39m
2025-11-09 20:18:36:1836 [32minfo[39m: [32m━━━━━━━━━━━━━━━━━━━━━━━━━━━━━━━━━━━━━━━━━━━━━━━━━━━━━━━━━[39m
2025-11-09 20:18:36:1836 [32minfo[39m: [32m🔍 Validating environment variables...[39m
2025-11-09 20:18:36:1836 [32minfo[39m: [32m✅ Environment variables validated[39m
2025-11-09 20:18:36:1836 [32minfo[39m: [32m[39m
[32m━━━━━━━━━━━━━━━━━━━━━━━━━━━━━━━━━━━━━━━━━━━━━━━━━━━━━━━━━[39m
2025-11-09 20:18:36:1836 [32minfo[39m: [32mSTEP 2: Database Connections[39m
2025-11-09 20:18:36:1836 [32minfo[39m: [32m━━━━━━━━━━━━━━━━━━━━━━━━━━━━━━━━━━━━━━━━━━━━━━━━━━━━━━━━━[39m
2025-11-09 20:18:36:1836 [32minfo[39m: [32m🔌 Checking database connections...[39m
2025-11-09 20:18:36:1836 [32minfo[39m: [32mSupabase client initialized[39m
2025-11-09 20:18:44:1844 [32minfo[39m: [32m  ✅ Supabase (PostgreSQL) connected[39m
2025-11-09 20:18:44:1844 [32minfo[39m: [32mUpstash Redis initialized[39m
2025-11-09 20:18:44:1844 [32minfo[39m: [32m  ✅ Redis (Upstash) connected[39m
2025-11-09 20:18:46:1846 [32minfo[39m: [32mMongoose (MongoDB) connected successfully[39m
2025-11-09 20:18:46:1846 [32minfo[39m: [32m  ✅ MongoDB (Mongoose) connected[39m
2025-11-09 20:18:46:1846 [32minfo[39m: [32m[39m
[32m━━━━━━━━━━━━━━━━━━━━━━━━━━━━━━━━━━━━━━━━━━━━━━━━━━━━━━━━━[39m
2025-11-09 20:18:46:1846 [32minfo[39m: [32mSTEP 3: Service Configuration[39m
2025-11-09 20:18:46:1846 [32minfo[39m: [32m━━━━━━━━━━━━━━━━━━━━━━━━━━━━━━━━━━━━━━━━━━━━━━━━━━━━━━━━━[39m
2025-11-09 20:18:46:1846 [32minfo[39m: [32m🔧 Checking service configurations...[39m
2025-11-09 20:18:46:1846 [32minfo[39m: [32m  ✅ Cloudflare R2 configured[39m
2025-11-09 20:18:46:1846 [32minfo[39m: [32m  ✅ JWT authentication configured[39m
2025-11-09 20:18:46:1846 [32minfo[39m: [32m  ✅ CORS configured (2 origins)[39m
2025-11-09 20:18:46:1846 [32minfo[39m: [32m✅ Service configurations checked[39m
2025-11-09 20:18:46:1846 [32minfo[39m: [32m[39m
[32m━━━━━━━━━━━━━━━━━━━━━━━━━━━━━━━━━━━━━━━━━━━━━━━━━━━━━━━━━[39m
2025-11-09 20:18:46:1846 [32minfo[39m: [32mSTEP 4: System Information[39m
2025-11-09 20:18:46:1846 [32minfo[39m: [32m━━━━━━━━━━━━━━━━━━━━━━━━━━━━━━━━━━━━━━━━━━━━━━━━━━━━━━━━━[39m
2025-11-09 20:18:46:1846 [32minfo[39m: [32m📊 System Information:[39m
2025-11-09 20:18:46:1846 [32minfo[39m: [32m  • Node.js: v22.20.0[39m
2025-11-09 20:18:46:1846 [32minfo[39m: [32m  • Platform: linux[39m
2025-11-09 20:18:46:1846 [32minfo[39m: [32m  • Architecture: x64[39m
2025-11-09 20:18:46:1846 [32minfo[39m: [32m  • Memory: 41MB[39m
2025-11-09 20:18:46:1846 [32minfo[39m: [32m  • Environment: development[39m
2025-11-09 20:18:46:1846 [32minfo[39m: [32m  • Port: 3000[39m
2025-11-09 20:18:46:1846 [32minfo[39m: [32m[39m
[32m━━━━━━━━━━━━━━━━━━━━━━━━━━━━━━━━━━━━━━━━━━━━━━━━━━━━━━━━━[39m
2025-11-09 20:18:46:1846 [32minfo[39m: [32mSTEP 5: Starting HTTP Server[39m
2025-11-09 20:18:46:1846 [32minfo[39m: [32m━━━━━━━━━━━━━━━━━━━━━━━━━━━━━━━━━━━━━━━━━━━━━━━━━━━━━━━━━[39m
2025-11-09 20:18:46:1846 [32minfo[39m: [32m[39m
[32m🚀 Server started successfully![39m
2025-11-09 20:18:46:1846 [32minfo[39m: [32m[39m
[32m📍 Endpoints:[39m
2025-11-09 20:18:46:1846 [32minfo[39m: [32m   • Health Check: http://localhost:3000/health[39m
2025-11-09 20:18:46:1846 [32minfo[39m: [32m   • API Info:     http://localhost:3000/api[39m
2025-11-09 20:18:46:1846 [32minfo[39m: [32m   • API Base:     http://localhost:3000/api/*[39m
2025-11-09 20:18:46:1846 [32minfo[39m: [32m[39m
[32m🔧 Services Status:[39m
2025-11-09 20:18:46:1846 [32minfo[39m: [32m   • Database:     ✅ Connected[39m
2025-11-09 20:18:46:1846 [32minfo[39m: [32m   • Cache:        ✅ Connected[39m
2025-11-09 20:18:46:1846 [32minfo[39m: [32m   • Analytics:    ✅ Connected[39m
2025-11-09 20:18:46:1846 [32minfo[39m: [32m[39m
[32m━━━━━━━━━━━━━━━━━━━━━━━━━━━━━━━━━━━━━━━━━━━━━━━━━━━━━━━━━[39m
2025-11-09 20:18:46:1846 [32minfo[39m: [32m✅ FreeTune Backend is ready to serve requests![39m
2025-11-09 20:18:46:1846 [32minfo[39m: [32m━━━━━━━━━━━━━━━━━━━━━━━━━━━━━━━━━━━━━━━━━━━━━━━━━━━━━━━━━[39m
[32m[39m
2025-11-09 20:25:14:2514 [32minfo[39m: [32m━━━━━━━━━━━━━━━━━━━━━━━━━━━━━━━━━━━━━━━━━━━━━━━━━━━━━━━━━[39m
2025-11-09 20:25:14:2514 [32minfo[39m: [32mSTEP 1: Environment Validation[39m
2025-11-09 20:25:14:2514 [32minfo[39m: [32m━━━━━━━━━━━━━━━━━━━━━━━━━━━━━━━━━━━━━━━━━━━━━━━━━━━━━━━━━[39m
2025-11-09 20:25:14:2514 [32minfo[39m: [32m🔍 Validating environment variables...[39m
2025-11-09 20:25:14:2514 [32minfo[39m: [32m✅ Environment variables validated[39m
2025-11-09 20:25:14:2514 [32minfo[39m: [32m[39m
[32m━━━━━━━━━━━━━━━━━━━━━━━━━━━━━━━━━━━━━━━━━━━━━━━━━━━━━━━━━[39m
2025-11-09 20:25:14:2514 [32minfo[39m: [32mSTEP 2: Database Connections[39m
2025-11-09 20:25:14:2514 [32minfo[39m: [32m━━━━━━━━━━━━━━━━━━━━━━━━━━━━━━━━━━━━━━━━━━━━━━━━━━━━━━━━━[39m
2025-11-09 20:25:14:2514 [32minfo[39m: [32m🔌 Checking database connections...[39m
2025-11-09 20:25:14:2514 [32minfo[39m: [32mSupabase client initialized[39m
2025-11-09 20:25:16:2516 [32minfo[39m: [32m  ✅ Supabase (PostgreSQL) connected[39m
2025-11-09 20:25:16:2516 [32minfo[39m: [32mUpstash Redis initialized[39m
2025-11-09 20:25:16:2516 [32minfo[39m: [32m  ✅ Redis (Upstash) connected[39m
2025-11-09 20:25:17:2517 [32minfo[39m: [32mMongoose (MongoDB) connected successfully[39m
2025-11-09 20:25:17:2517 [32minfo[39m: [32m  ✅ MongoDB (Mongoose) connected[39m
2025-11-09 20:25:17:2517 [32minfo[39m: [32m[39m
[32m━━━━━━━━━━━━━━━━━━━━━━━━━━━━━━━━━━━━━━━━━━━━━━━━━━━━━━━━━[39m
2025-11-09 20:25:17:2517 [32minfo[39m: [32mSTEP 3: Service Configuration[39m
2025-11-09 20:25:17:2517 [32minfo[39m: [32m━━━━━━━━━━━━━━━━━━━━━━━━━━━━━━━━━━━━━━━━━━━━━━━━━━━━━━━━━[39m
2025-11-09 20:25:17:2517 [32minfo[39m: [32m🔧 Checking service configurations...[39m
2025-11-09 20:25:17:2517 [32minfo[39m: [32m  ✅ Cloudflare R2 configured[39m
2025-11-09 20:25:17:2517 [32minfo[39m: [32m  ✅ JWT authentication configured[39m
2025-11-09 20:25:17:2517 [32minfo[39m: [32m  ✅ CORS configured (2 origins)[39m
2025-11-09 20:25:17:2517 [32minfo[39m: [32m✅ Service configurations checked[39m
2025-11-09 20:25:17:2517 [32minfo[39m: [32m[39m
[32m━━━━━━━━━━━━━━━━━━━━━━━━━━━━━━━━━━━━━━━━━━━━━━━━━━━━━━━━━[39m
2025-11-09 20:25:17:2517 [32minfo[39m: [32mSTEP 4: System Information[39m
2025-11-09 20:25:17:2517 [32minfo[39m: [32m━━━━━━━━━━━━━━━━━━━━━━━━━━━━━━━━━━━━━━━━━━━━━━━━━━━━━━━━━[39m
2025-11-09 20:25:17:2517 [32minfo[39m: [32m📊 System Information:[39m
2025-11-09 20:25:17:2517 [32minfo[39m: [32m  • Node.js: v22.20.0[39m
2025-11-09 20:25:17:2517 [32minfo[39m: [32m  • Platform: linux[39m
2025-11-09 20:25:17:2517 [32minfo[39m: [32m  • Architecture: x64[39m
2025-11-09 20:25:17:2517 [32minfo[39m: [32m  • Memory: 42MB[39m
2025-11-09 20:25:17:2517 [32minfo[39m: [32m  • Environment: development[39m
2025-11-09 20:25:17:2517 [32minfo[39m: [32m  • Port: 3000[39m
2025-11-09 20:25:17:2517 [32minfo[39m: [32m[39m
[32m━━━━━━━━━━━━━━━━━━━━━━━━━━━━━━━━━━━━━━━━━━━━━━━━━━━━━━━━━[39m
2025-11-09 20:25:17:2517 [32minfo[39m: [32mSTEP 5: Starting HTTP Server[39m
2025-11-09 20:25:17:2517 [32minfo[39m: [32m━━━━━━━━━━━━━━━━━━━━━━━━━━━━━━━━━━━━━━━━━━━━━━━━━━━━━━━━━[39m
2025-11-09 20:25:17:2517 [32minfo[39m: [32m[39m
[32m🚀 Server started successfully![39m
2025-11-09 20:25:17:2517 [32minfo[39m: [32m[39m
[32m📍 Endpoints:[39m
2025-11-09 20:25:17:2517 [32minfo[39m: [32m   • Health Check: http://localhost:3000/health[39m
2025-11-09 20:25:17:2517 [32minfo[39m: [32m   • API Info:     http://localhost:3000/api[39m
2025-11-09 20:25:17:2517 [32minfo[39m: [32m   • API Base:     http://localhost:3000/api/*[39m
2025-11-09 20:25:17:2517 [32minfo[39m: [32m[39m
[32m🔧 Services Status:[39m
2025-11-09 20:25:17:2517 [32minfo[39m: [32m   • Database:     ✅ Connected[39m
2025-11-09 20:25:17:2517 [32minfo[39m: [32m   • Cache:        ✅ Connected[39m
2025-11-09 20:25:17:2517 [32minfo[39m: [32m   • Analytics:    ✅ Connected[39m
2025-11-09 20:25:17:2517 [32minfo[39m: [32m[39m
[32m━━━━━━━━━━━━━━━━━━━━━━━━━━━━━━━━━━━━━━━━━━━━━━━━━━━━━━━━━[39m
2025-11-09 20:25:17:2517 [32minfo[39m: [32m✅ FreeTune Backend is ready to serve requests![39m
2025-11-09 20:25:17:2517 [32minfo[39m: [32m━━━━━━━━━━━━━━━━━━━━━━━━━━━━━━━━━━━━━━━━━━━━━━━━━━━━━━━━━[39m
[32m[39m
2025-11-09 20:26:42:2642 [32minfo[39m: [32m━━━━━━━━━━━━━━━━━━━━━━━━━━━━━━━━━━━━━━━━━━━━━━━━━━━━━━━━━[39m
2025-11-09 20:26:42:2642 [32minfo[39m: [32mSTEP 1: Environment Validation[39m
2025-11-09 20:26:42:2642 [32minfo[39m: [32m━━━━━━━━━━━━━━━━━━━━━━━━━━━━━━━━━━━━━━━━━━━━━━━━━━━━━━━━━[39m
2025-11-09 20:26:42:2642 [32minfo[39m: [32m🔍 Validating environment variables...[39m
2025-11-09 20:26:42:2642 [32minfo[39m: [32m✅ Environment variables validated[39m
2025-11-09 20:26:42:2642 [32minfo[39m: [32m[39m
[32m━━━━━━━━━━━━━━━━━━━━━━━━━━━━━━━━━━━━━━━━━━━━━━━━━━━━━━━━━[39m
2025-11-09 20:26:42:2642 [32minfo[39m: [32mSTEP 2: Database Connections[39m
2025-11-09 20:26:42:2642 [32minfo[39m: [32m━━━━━━━━━━━━━━━━━━━━━━━━━━━━━━━━━━━━━━━━━━━━━━━━━━━━━━━━━[39m
2025-11-09 20:26:42:2642 [32minfo[39m: [32m🔌 Checking database connections...[39m
2025-11-09 20:26:42:2642 [32minfo[39m: [32mSupabase client initialized[39m
2025-11-09 20:26:44:2644 [32minfo[39m: [32m━━━━━━━━━━━━━━━━━━━━━━━━━━━━━━━━━━━━━━━━━━━━━━━━━━━━━━━━━[39m
2025-11-09 20:26:44:2644 [32minfo[39m: [32mSTEP 1: Environment Validation[39m
2025-11-09 20:26:44:2644 [32minfo[39m: [32m━━━━━━━━━━━━━━━━━━━━━━━━━━━━━━━━━━━━━━━━━━━━━━━━━━━━━━━━━[39m
2025-11-09 20:26:44:2644 [32minfo[39m: [32m🔍 Validating environment variables...[39m
2025-11-09 20:26:44:2644 [32minfo[39m: [32m✅ Environment variables validated[39m
2025-11-09 20:26:44:2644 [32minfo[39m: [32m[39m
[32m━━━━━━━━━━━━━━━━━━━━━━━━━━━━━━━━━━━━━━━━━━━━━━━━━━━━━━━━━[39m
2025-11-09 20:26:44:2644 [32minfo[39m: [32mSTEP 2: Database Connections[39m
2025-11-09 20:26:44:2644 [32minfo[39m: [32m━━━━━━━━━━━━━━━━━━━━━━━━━━━━━━━━━━━━━━━━━━━━━━━━━━━━━━━━━[39m
2025-11-09 20:26:44:2644 [32minfo[39m: [32m🔌 Checking database connections...[39m
2025-11-09 20:26:44:2644 [32minfo[39m: [32mSupabase client initialized[39m
2025-11-09 20:26:45:2645 [32minfo[39m: [32m  ✅ Supabase (PostgreSQL) connected[39m
2025-11-09 20:26:45:2645 [32minfo[39m: [32mUpstash Redis initialized[39m
2025-11-09 20:26:45:2645 [32minfo[39m: [32m  ✅ Redis (Upstash) connected[39m
2025-11-09 20:26:47:2647 [32minfo[39m: [32mMongoose (MongoDB) connected successfully[39m
2025-11-09 20:26:47:2647 [32minfo[39m: [32m  ✅ MongoDB (Mongoose) connected[39m
2025-11-09 20:26:47:2647 [32minfo[39m: [32m[39m
[32m━━━━━━━━━━━━━━━━━━━━━━━━━━━━━━━━━━━━━━━━━━━━━━━━━━━━━━━━━[39m
2025-11-09 20:26:47:2647 [32minfo[39m: [32mSTEP 3: Service Configuration[39m
2025-11-09 20:26:47:2647 [32minfo[39m: [32m━━━━━━━━━━━━━━━━━━━━━━━━━━━━━━━━━━━━━━━━━━━━━━━━━━━━━━━━━[39m
2025-11-09 20:26:47:2647 [32minfo[39m: [32m🔧 Checking service configurations...[39m
2025-11-09 20:26:47:2647 [32minfo[39m: [32m  ✅ Cloudflare R2 configured[39m
2025-11-09 20:26:47:2647 [32minfo[39m: [32m  ✅ JWT authentication configured[39m
2025-11-09 20:26:47:2647 [32minfo[39m: [32m  ✅ CORS configured (2 origins)[39m
2025-11-09 20:26:47:2647 [32minfo[39m: [32m✅ Service configurations checked[39m
2025-11-09 20:26:47:2647 [32minfo[39m: [32m[39m
[32m━━━━━━━━━━━━━━━━━━━━━━━━━━━━━━━━━━━━━━━━━━━━━━━━━━━━━━━━━[39m
2025-11-09 20:26:47:2647 [32minfo[39m: [32mSTEP 4: System Information[39m
2025-11-09 20:26:47:2647 [32minfo[39m: [32m━━━━━━━━━━━━━━━━━━━━━━━━━━━━━━━━━━━━━━━━━━━━━━━━━━━━━━━━━[39m
2025-11-09 20:26:47:2647 [32minfo[39m: [32m📊 System Information:[39m
2025-11-09 20:26:47:2647 [32minfo[39m: [32m  • Node.js: v22.20.0[39m
2025-11-09 20:26:47:2647 [32minfo[39m: [32m  • Platform: linux[39m
2025-11-09 20:26:47:2647 [32minfo[39m: [32m  • Architecture: x64[39m
2025-11-09 20:26:47:2647 [32minfo[39m: [32m  • Memory: 42MB[39m
2025-11-09 20:26:47:2647 [32minfo[39m: [32m  • Environment: development[39m
2025-11-09 20:26:47:2647 [32minfo[39m: [32m  • Port: 3000[39m
2025-11-09 20:26:47:2647 [32minfo[39m: [32m[39m
[32m━━━━━━━━━━━━━━━━━━━━━━━━━━━━━━━━━━━━━━━━━━━━━━━━━━━━━━━━━[39m
2025-11-09 20:26:47:2647 [32minfo[39m: [32mSTEP 5: Starting HTTP Server[39m
2025-11-09 20:26:47:2647 [32minfo[39m: [32m━━━━━━━━━━━━━━━━━━━━━━━━━━━━━━━━━━━━━━━━━━━━━━━━━━━━━━━━━[39m
2025-11-09 20:26:47:2647 [32minfo[39m: [32m[39m
[32m🚀 Server started successfully![39m
2025-11-09 20:26:47:2647 [32minfo[39m: [32m[39m
[32m📍 Endpoints:[39m
2025-11-09 20:26:47:2647 [32minfo[39m: [32m   • Health Check: http://localhost:3000/health[39m
2025-11-09 20:26:47:2647 [32minfo[39m: [32m   • API Info:     http://localhost:3000/api[39m
2025-11-09 20:26:47:2647 [32minfo[39m: [32m   • API Base:     http://localhost:3000/api/*[39m
2025-11-09 20:26:47:2647 [32minfo[39m: [32m[39m
[32m🔧 Services Status:[39m
2025-11-09 20:26:47:2647 [32minfo[39m: [32m   • Database:     ✅ Connected[39m
2025-11-09 20:26:47:2647 [32minfo[39m: [32m   • Cache:        ✅ Connected[39m
2025-11-09 20:26:47:2647 [32minfo[39m: [32m   • Analytics:    ✅ Connected[39m
2025-11-09 20:26:47:2647 [32minfo[39m: [32m[39m
[32m━━━━━━━━━━━━━━━━━━━━━━━━━━━━━━━━━━━━━━━━━━━━━━━━━━━━━━━━━[39m
2025-11-09 20:26:47:2647 [32minfo[39m: [32m✅ FreeTune Backend is ready to serve requests![39m
2025-11-09 20:26:47:2647 [32minfo[39m: [32m━━━━━━━━━━━━━━━━━━━━━━━━━━━━━━━━━━━━━━━━━━━━━━━━━━━━━━━━━[39m
[32m[39m
2025-11-09 20:27:00:270 [32minfo[39m: [32m━━━━━━━━━━━━━━━━━━━━━━━━━━━━━━━━━━━━━━━━━━━━━━━━━━━━━━━━━[39m
2025-11-09 20:27:00:270 [32minfo[39m: [32mSTEP 1: Environment Validation[39m
2025-11-09 20:27:00:270 [32minfo[39m: [32m━━━━━━━━━━━━━━━━━━━━━━━━━━━━━━━━━━━━━━━━━━━━━━━━━━━━━━━━━[39m
2025-11-09 20:27:00:270 [32minfo[39m: [32m🔍 Validating environment variables...[39m
2025-11-09 20:27:00:270 [32minfo[39m: [32m✅ Environment variables validated[39m
2025-11-09 20:27:00:270 [32minfo[39m: [32m[39m
[32m━━━━━━━━━━━━━━━━━━━━━━━━━━━━━━━━━━━━━━━━━━━━━━━━━━━━━━━━━[39m
2025-11-09 20:27:00:270 [32minfo[39m: [32mSTEP 2: Database Connections[39m
2025-11-09 20:27:00:270 [32minfo[39m: [32m━━━━━━━━━━━━━━━━━━━━━━━━━━━━━━━━━━━━━━━━━━━━━━━━━━━━━━━━━[39m
2025-11-09 20:27:00:270 [32minfo[39m: [32m🔌 Checking database connections...[39m
2025-11-09 20:27:00:270 [32minfo[39m: [32mSupabase client initialized[39m
2025-11-09 20:27:02:272 [32minfo[39m: [32m  ✅ Supabase (PostgreSQL) connected[39m
2025-11-09 20:27:02:272 [32minfo[39m: [32mUpstash Redis initialized[39m
2025-11-09 20:27:02:272 [32minfo[39m: [32m  ✅ Redis (Upstash) connected[39m
2025-11-09 20:27:03:273 [32minfo[39m: [32mMongoose (MongoDB) connected successfully[39m
2025-11-09 20:27:03:273 [32minfo[39m: [32m  ✅ MongoDB (Mongoose) connected[39m
2025-11-09 20:27:03:273 [32minfo[39m: [32m[39m
[32m━━━━━━━━━━━━━━━━━━━━━━━━━━━━━━━━━━━━━━━━━━━━━━━━━━━━━━━━━[39m
2025-11-09 20:27:03:273 [32minfo[39m: [32mSTEP 3: Service Configuration[39m
2025-11-09 20:27:03:273 [32minfo[39m: [32m━━━━━━━━━━━━━━━━━━━━━━━━━━━━━━━━━━━━━━━━━━━━━━━━━━━━━━━━━[39m
2025-11-09 20:27:03:273 [32minfo[39m: [32m🔧 Checking service configurations...[39m
2025-11-09 20:27:03:273 [32minfo[39m: [32m  ✅ Cloudflare R2 configured[39m
2025-11-09 20:27:03:273 [32minfo[39m: [32m  ✅ JWT authentication configured[39m
2025-11-09 20:27:03:273 [32minfo[39m: [32m  ✅ CORS configured (2 origins)[39m
2025-11-09 20:27:03:273 [32minfo[39m: [32m✅ Service configurations checked[39m
2025-11-09 20:27:03:273 [32minfo[39m: [32m[39m
[32m━━━━━━━━━━━━━━━━━━━━━━━━━━━━━━━━━━━━━━━━━━━━━━━━━━━━━━━━━[39m
2025-11-09 20:27:03:273 [32minfo[39m: [32mSTEP 4: System Information[39m
2025-11-09 20:27:03:273 [32minfo[39m: [32m━━━━━━━━━━━━━━━━━━━━━━━━━━━━━━━━━━━━━━━━━━━━━━━━━━━━━━━━━[39m
2025-11-09 20:27:03:273 [32minfo[39m: [32m📊 System Information:[39m
2025-11-09 20:27:03:273 [32minfo[39m: [32m  • Node.js: v22.20.0[39m
2025-11-09 20:27:03:273 [32minfo[39m: [32m  • Platform: linux[39m
2025-11-09 20:27:03:273 [32minfo[39m: [32m  • Architecture: x64[39m
2025-11-09 20:27:03:273 [32minfo[39m: [32m  • Memory: 42MB[39m
2025-11-09 20:27:03:273 [32minfo[39m: [32m  • Environment: development[39m
2025-11-09 20:27:03:273 [32minfo[39m: [32m  • Port: 3000[39m
2025-11-09 20:27:03:273 [32minfo[39m: [32m[39m
[32m━━━━━━━━━━━━━━━━━━━━━━━━━━━━━━━━━━━━━━━━━━━━━━━━━━━━━━━━━[39m
2025-11-09 20:27:03:273 [32minfo[39m: [32mSTEP 5: Starting HTTP Server[39m
2025-11-09 20:27:03:273 [32minfo[39m: [32m━━━━━━━━━━━━━━━━━━━━━━━━━━━━━━━━━━━━━━━━━━━━━━━━━━━━━━━━━[39m
2025-11-09 20:27:03:273 [32minfo[39m: [32m[39m
[32m🚀 Server started successfully![39m
2025-11-09 20:27:03:273 [32minfo[39m: [32m[39m
[32m📍 Endpoints:[39m
2025-11-09 20:27:03:273 [32minfo[39m: [32m   • Health Check: http://localhost:3000/health[39m
2025-11-09 20:27:03:273 [32minfo[39m: [32m   • API Info:     http://localhost:3000/api[39m
2025-11-09 20:27:03:273 [32minfo[39m: [32m   • API Base:     http://localhost:3000/api/*[39m
2025-11-09 20:27:03:273 [32minfo[39m: [32m[39m
[32m🔧 Services Status:[39m
2025-11-09 20:27:03:273 [32minfo[39m: [32m   • Database:     ✅ Connected[39m
2025-11-09 20:27:03:273 [32minfo[39m: [32m   • Cache:        ✅ Connected[39m
2025-11-09 20:27:03:273 [32minfo[39m: [32m   • Analytics:    ✅ Connected[39m
2025-11-09 20:27:03:273 [32minfo[39m: [32m[39m
[32m━━━━━━━━━━━━━━━━━━━━━━━━━━━━━━━━━━━━━━━━━━━━━━━━━━━━━━━━━[39m
2025-11-09 20:27:03:273 [32minfo[39m: [32m✅ FreeTune Backend is ready to serve requests![39m
2025-11-09 20:27:03:273 [32minfo[39m: [32m━━━━━━━━━━━━━━━━━━━━━━━━━━━━━━━━━━━━━━━━━━━━━━━━━━━━━━━━━[39m
[32m[39m
2025-11-09 20:31:27:3127 [31merror[39m: [31mError: Route / not found[39m
2025-11-09 20:31:27:3127 [31merror[39m: [31mError: Route / not found[39m
2025-11-09 20:31:42:3142 [31merror[39m: [31mError: Route // not found[39m
2025-11-09 20:31:42:3142 [31merror[39m: [31mError: Route // not found[39m
2025-11-09 20:31:46:3146 [31merror[39m: [31mError: Route /300 not found[39m
2025-11-09 20:31:46:3146 [31merror[39m: [31mError: Route /300 not found[39m
2025-11-09 20:41:50:4150 [32minfo[39m: [32m━━━━━━━━━━━━━━━━━━━━━━━━━━━━━━━━━━━━━━━━━━━━━━━━━━━━━━━━━[39m
2025-11-09 20:41:50:4150 [32minfo[39m: [32mSTEP 1: Environment Validation[39m
2025-11-09 20:41:50:4150 [32minfo[39m: [32m━━━━━━━━━━━━━━━━━━━━━━━━━━━━━━━━━━━━━━━━━━━━━━━━━━━━━━━━━[39m
2025-11-09 20:41:50:4150 [32minfo[39m: [32m🔍 Validating environment variables...[39m
2025-11-09 20:41:50:4150 [32minfo[39m: [32m✅ Environment variables validated[39m
2025-11-09 20:41:50:4150 [32minfo[39m: [32m[39m
[32m━━━━━━━━━━━━━━━━━━━━━━━━━━━━━━━━━━━━━━━━━━━━━━━━━━━━━━━━━[39m
2025-11-09 20:41:50:4150 [32minfo[39m: [32mSTEP 2: Database Connections[39m
2025-11-09 20:41:50:4150 [32minfo[39m: [32m━━━━━━━━━━━━━━━━━━━━━━━━━━━━━━━━━━━━━━━━━━━━━━━━━━━━━━━━━[39m
2025-11-09 20:41:50:4150 [32minfo[39m: [32m🔌 Checking database connections...[39m
2025-11-09 20:41:50:4150 [32minfo[39m: [32mSupabase client initialized[39m
2025-11-09 20:41:51:4151 [32minfo[39m: [32m  ✅ Supabase (PostgreSQL) connected[39m
2025-11-09 20:41:51:4151 [32minfo[39m: [32mUpstash Redis initialized[39m
2025-11-09 20:41:52:4152 [32minfo[39m: [32m  ✅ Redis (Upstash) connected[39m
2025-11-09 20:41:53:4153 [32minfo[39m: [32mMongoose (MongoDB) connected successfully[39m
2025-11-09 20:41:53:4153 [32minfo[39m: [32m  ✅ MongoDB (Mongoose) connected[39m
2025-11-09 20:41:53:4153 [32minfo[39m: [32m[39m
[32m━━━━━━━━━━━━━━━━━━━━━━━━━━━━━━━━━━━━━━━━━━━━━━━━━━━━━━━━━[39m
2025-11-09 20:41:53:4153 [32minfo[39m: [32mSTEP 3: Service Configuration[39m
2025-11-09 20:41:53:4153 [32minfo[39m: [32m━━━━━━━━━━━━━━━━━━━━━━━━━━━━━━━━━━━━━━━━━━━━━━━━━━━━━━━━━[39m
2025-11-09 20:41:53:4153 [32minfo[39m: [32m🔧 Checking service configurations...[39m
2025-11-09 20:41:53:4153 [32minfo[39m: [32m  ✅ Cloudflare R2 configured[39m
2025-11-09 20:41:53:4153 [32minfo[39m: [32m  ✅ JWT authentication configured[39m
2025-11-09 20:41:53:4153 [32minfo[39m: [32m  ✅ CORS configured (2 origins)[39m
2025-11-09 20:41:53:4153 [32minfo[39m: [32m✅ Service configurations checked[39m
2025-11-09 20:41:53:4153 [32minfo[39m: [32m[39m
[32m━━━━━━━━━━━━━━━━━━━━━━━━━━━━━━━━━━━━━━━━━━━━━━━━━━━━━━━━━[39m
2025-11-09 20:41:53:4153 [32minfo[39m: [32mSTEP 4: System Information[39m
2025-11-09 20:41:53:4153 [32minfo[39m: [32m━━━━━━━━━━━━━━━━━━━━━━━━━━━━━━━━━━━━━━━━━━━━━━━━━━━━━━━━━[39m
2025-11-09 20:41:53:4153 [32minfo[39m: [32m📊 System Information:[39m
2025-11-09 20:41:53:4153 [32minfo[39m: [32m  • Node.js: v22.20.0[39m
2025-11-09 20:41:53:4153 [32minfo[39m: [32m  • Platform: linux[39m
2025-11-09 20:41:53:4153 [32minfo[39m: [32m  • Architecture: x64[39m
2025-11-09 20:41:53:4153 [32minfo[39m: [32m  • Memory: 43MB[39m
2025-11-09 20:41:53:4153 [32minfo[39m: [32m  • Environment: development[39m
2025-11-09 20:41:53:4153 [32minfo[39m: [32m  • Port: 3000[39m
2025-11-09 20:41:53:4153 [32minfo[39m: [32m[39m
[32m━━━━━━━━━━━━━━━━━━━━━━━━━━━━━━━━━━━━━━━━━━━━━━━━━━━━━━━━━[39m
2025-11-09 20:41:53:4153 [32minfo[39m: [32mSTEP 5: Starting HTTP Server[39m
2025-11-09 20:41:53:4153 [32minfo[39m: [32m━━━━━━━━━━━━━━━━━━━━━━━━━━━━━━━━━━━━━━━━━━━━━━━━━━━━━━━━━[39m
2025-11-09 20:41:53:4153 [32minfo[39m: [32m[39m
[32m🚀 Server started successfully![39m
2025-11-09 20:41:53:4153 [32minfo[39m: [32m[39m
[32m📍 Endpoints:[39m
2025-11-09 20:41:53:4153 [32minfo[39m: [32m   • Health Check: http://localhost:3000/health[39m
2025-11-09 20:41:53:4153 [32minfo[39m: [32m   • API Info:     http://localhost:3000/api[39m
2025-11-09 20:41:53:4153 [32minfo[39m: [32m   • API Base:     http://localhost:3000/api/*[39m
2025-11-09 20:41:53:4153 [32minfo[39m: [32m[39m
[32m🔧 Services Status:[39m
2025-11-09 20:41:53:4153 [32minfo[39m: [32m   • Database:     ✅ Connected[39m
2025-11-09 20:41:53:4153 [32minfo[39m: [32m   • Cache:        ✅ Connected[39m
2025-11-09 20:41:53:4153 [32minfo[39m: [32m   • Analytics:    ✅ Connected[39m
2025-11-09 20:41:53:4153 [32minfo[39m: [32m[39m
[32m━━━━━━━━━━━━━━━━━━━━━━━━━━━━━━━━━━━━━━━━━━━━━━━━━━━━━━━━━[39m
2025-11-09 20:41:53:4153 [32minfo[39m: [32m✅ FreeTune Backend is ready to serve requests![39m
2025-11-09 20:41:53:4153 [32minfo[39m: [32m━━━━━━━━━━━━━━━━━━━━━━━━━━━━━━━━━━━━━━━━━━━━━━━━━━━━━━━━━[39m
[32m[39m
2025-11-09 20:45:12:4512 [32minfo[39m: [32m━━━━━━━━━━━━━━━━━━━━━━━━━━━━━━━━━━━━━━━━━━━━━━━━━━━━━━━━━[39m
2025-11-09 20:45:12:4512 [32minfo[39m: [32mSTEP 1: Environment Validation[39m
2025-11-09 20:45:12:4512 [32minfo[39m: [32m━━━━━━━━━━━━━━━━━━━━━━━━━━━━━━━━━━━━━━━━━━━━━━━━━━━━━━━━━[39m
2025-11-09 20:45:12:4512 [32minfo[39m: [32m🔍 Validating environment variables...[39m
2025-11-09 20:45:12:4512 [32minfo[39m: [32m✅ Environment variables validated[39m
2025-11-09 20:45:12:4512 [32minfo[39m: [32m[39m
[32m━━━━━━━━━━━━━━━━━━━━━━━━━━━━━━━━━━━━━━━━━━━━━━━━━━━━━━━━━[39m
2025-11-09 20:45:12:4512 [32minfo[39m: [32mSTEP 2: Database Connections[39m
2025-11-09 20:45:12:4512 [32minfo[39m: [32m━━━━━━━━━━━━━━━━━━━━━━━━━━━━━━━━━━━━━━━━━━━━━━━━━━━━━━━━━[39m
2025-11-09 20:45:12:4512 [32minfo[39m: [32m🔌 Checking database connections...[39m
2025-11-09 20:45:12:4512 [32minfo[39m: [32mSupabase client initialized[39m
2025-11-09 20:45:14:4514 [32minfo[39m: [32m  ✅ Supabase (PostgreSQL) connected[39m
2025-11-09 20:45:14:4514 [32minfo[39m: [32mUpstash Redis initialized[39m
2025-11-09 20:45:14:4514 [32minfo[39m: [32m  ✅ Redis (Upstash) connected[39m
2025-11-09 20:45:16:4516 [32minfo[39m: [32mMongoose (MongoDB) connected successfully[39m
2025-11-09 20:45:16:4516 [32minfo[39m: [32m  ✅ MongoDB (Mongoose) connected[39m
2025-11-09 20:45:16:4516 [32minfo[39m: [32m[39m
[32m━━━━━━━━━━━━━━━━━━━━━━━━━━━━━━━━━━━━━━━━━━━━━━━━━━━━━━━━━[39m
2025-11-09 20:45:16:4516 [32minfo[39m: [32mSTEP 3: Service Configuration[39m
2025-11-09 20:45:16:4516 [32minfo[39m: [32m━━━━━━━━━━━━━━━━━━━━━━━━━━━━━━━━━━━━━━━━━━━━━━━━━━━━━━━━━[39m
2025-11-09 20:45:16:4516 [32minfo[39m: [32m🔧 Checking service configurations...[39m
2025-11-09 20:45:16:4516 [32minfo[39m: [32m  ✅ Cloudflare R2 configured[39m
2025-11-09 20:45:16:4516 [32minfo[39m: [32m  ✅ JWT authentication configured[39m
2025-11-09 20:45:16:4516 [32minfo[39m: [32m  ✅ CORS configured (2 origins)[39m
2025-11-09 20:45:16:4516 [32minfo[39m: [32m✅ Service configurations checked[39m
2025-11-09 20:45:16:4516 [32minfo[39m: [32m[39m
[32m━━━━━━━━━━━━━━━━━━━━━━━━━━━━━━━━━━━━━━━━━━━━━━━━━━━━━━━━━[39m
2025-11-09 20:45:16:4516 [32minfo[39m: [32mSTEP 4: System Information[39m
2025-11-09 20:45:16:4516 [32minfo[39m: [32m━━━━━━━━━━━━━━━━━━━━━━━━━━━━━━━━━━━━━━━━━━━━━━━━━━━━━━━━━[39m
2025-11-09 20:45:16:4516 [32minfo[39m: [32m📊 System Information:[39m
2025-11-09 20:45:16:4516 [32minfo[39m: [32m  • Node.js: v22.20.0[39m
2025-11-09 20:45:16:4516 [32minfo[39m: [32m  • Platform: linux[39m
2025-11-09 20:45:16:4516 [32minfo[39m: [32m  • Architecture: x64[39m
2025-11-09 20:45:16:4516 [32minfo[39m: [32m  • Memory: 41MB[39m
2025-11-09 20:45:16:4516 [32minfo[39m: [32m  • Environment: development[39m
2025-11-09 20:45:16:4516 [32minfo[39m: [32m  • Port: 3000[39m
2025-11-09 20:45:16:4516 [32minfo[39m: [32m[39m
[32m━━━━━━━━━━━━━━━━━━━━━━━━━━━━━━━━━━━━━━━━━━━━━━━━━━━━━━━━━[39m
2025-11-09 20:45:16:4516 [32minfo[39m: [32mSTEP 5: Starting HTTP Server[39m
2025-11-09 20:45:16:4516 [32minfo[39m: [32m━━━━━━━━━━━━━━━━━━━━━━━━━━━━━━━━━━━━━━━━━━━━━━━━━━━━━━━━━[39m
2025-11-09 20:45:16:4516 [32minfo[39m: [32m[39m
[32m🚀 Server started successfully![39m
2025-11-09 20:45:16:4516 [32minfo[39m: [32m[39m
[32m📍 Endpoints:[39m
2025-11-09 20:45:16:4516 [32minfo[39m: [32m   • Health Check: http://localhost:3000/health[39m
2025-11-09 20:45:16:4516 [32minfo[39m: [32m   • API Info:     http://localhost:3000/api[39m
2025-11-09 20:45:16:4516 [32minfo[39m: [32m   • API Base:     http://localhost:3000/api/*[39m
2025-11-09 20:45:16:4516 [32minfo[39m: [32m[39m
[32m🔧 Services Status:[39m
2025-11-09 20:45:16:4516 [32minfo[39m: [32m   • Database:     ✅ Connected[39m
2025-11-09 20:45:16:4516 [32minfo[39m: [32m   • Cache:        ✅ Connected[39m
2025-11-09 20:45:16:4516 [32minfo[39m: [32m   • Analytics:    ✅ Connected[39m
2025-11-09 20:45:16:4516 [32minfo[39m: [32m[39m
[32m━━━━━━━━━━━━━━━━━━━━━━━━━━━━━━━━━━━━━━━━━━━━━━━━━━━━━━━━━[39m
2025-11-09 20:45:16:4516 [32minfo[39m: [32m✅ FreeTune Backend is ready to serve requests![39m
2025-11-09 20:45:16:4516 [32minfo[39m: [32m━━━━━━━━━━━━━━━━━━━━━━━━━━━━━━━━━━━━━━━━━━━━━━━━━━━━━━━━━[39m
[32m[39m
2025-11-09 20:46:31:4631 [32minfo[39m: [32m━━━━━━━━━━━━━━━━━━━━━━━━━━━━━━━━━━━━━━━━━━━━━━━━━━━━━━━━━[39m
2025-11-09 20:46:31:4631 [32minfo[39m: [32mSTEP 1: Environment Validation[39m
2025-11-09 20:46:31:4631 [32minfo[39m: [32m━━━━━━━━━━━━━━━━━━━━━━━━━━━━━━━━━━━━━━━━━━━━━━━━━━━━━━━━━[39m
2025-11-09 20:46:31:4631 [32minfo[39m: [32m🔍 Validating environment variables...[39m
2025-11-09 20:46:31:4631 [32minfo[39m: [32m✅ Environment variables validated[39m
2025-11-09 20:46:31:4631 [32minfo[39m: [32m[39m
[32m━━━━━━━━━━━━━━━━━━━━━━━━━━━━━━━━━━━━━━━━━━━━━━━━━━━━━━━━━[39m
2025-11-09 20:46:31:4631 [32minfo[39m: [32mSTEP 2: Database Connections[39m
2025-11-09 20:46:31:4631 [32minfo[39m: [32m━━━━━━━━━━━━━━━━━━━━━━━━━━━━━━━━━━━━━━━━━━━━━━━━━━━━━━━━━[39m
2025-11-09 20:46:31:4631 [32minfo[39m: [32m🔌 Checking database connections...[39m
2025-11-09 20:46:31:4631 [32minfo[39m: [32mSupabase client initialized[39m
2025-11-09 20:46:32:4632 [32minfo[39m: [32m  ✅ Supabase (PostgreSQL) connected[39m
2025-11-09 20:46:32:4632 [32minfo[39m: [32mUpstash Redis initialized[39m
2025-11-09 20:46:32:4632 [32minfo[39m: [32m  ✅ Redis (Upstash) connected[39m
2025-11-09 20:46:39:4639 [32minfo[39m: [32m━━━━━━━━━━━━━━━━━━━━━━━━━━━━━━━━━━━━━━━━━━━━━━━━━━━━━━━━━[39m
2025-11-09 20:46:39:4639 [32minfo[39m: [32mSTEP 1: Environment Validation[39m
2025-11-09 20:46:39:4639 [32minfo[39m: [32m━━━━━━━━━━━━━━━━━━━━━━━━━━━━━━━━━━━━━━━━━━━━━━━━━━━━━━━━━[39m
2025-11-09 20:46:39:4639 [32minfo[39m: [32m🔍 Validating environment variables...[39m
2025-11-09 20:46:39:4639 [32minfo[39m: [32m✅ Environment variables validated[39m
2025-11-09 20:46:39:4639 [32minfo[39m: [32m[39m
[32m━━━━━━━━━━━━━━━━━━━━━━━━━━━━━━━━━━━━━━━━━━━━━━━━━━━━━━━━━[39m
2025-11-09 20:46:39:4639 [32minfo[39m: [32mSTEP 2: Database Connections[39m
2025-11-09 20:46:39:4639 [32minfo[39m: [32m━━━━━━━━━━━━━━━━━━━━━━━━━━━━━━━━━━━━━━━━━━━━━━━━━━━━━━━━━[39m
2025-11-09 20:46:39:4639 [32minfo[39m: [32m🔌 Checking database connections...[39m
2025-11-09 20:46:39:4639 [32minfo[39m: [32mSupabase client initialized[39m
2025-11-09 20:46:41:4641 [32minfo[39m: [32m━━━━━━━━━━━━━━━━━━━━━━━━━━━━━━━━━━━━━━━━━━━━━━━━━━━━━━━━━[39m
2025-11-09 20:46:41:4641 [32minfo[39m: [32mSTEP 1: Environment Validation[39m
2025-11-09 20:46:41:4641 [32minfo[39m: [32m━━━━━━━━━━━━━━━━━━━━━━━━━━━━━━━━━━━━━━━━━━━━━━━━━━━━━━━━━[39m
2025-11-09 20:46:41:4641 [32minfo[39m: [32m🔍 Validating environment variables...[39m
2025-11-09 20:46:41:4641 [32minfo[39m: [32m✅ Environment variables validated[39m
2025-11-09 20:46:41:4641 [32minfo[39m: [32m[39m
[32m━━━━━━━━━━━━━━━━━━━━━━━━━━━━━━━━━━━━━━━━━━━━━━━━━━━━━━━━━[39m
2025-11-09 20:46:41:4641 [32minfo[39m: [32mSTEP 2: Database Connections[39m
2025-11-09 20:46:41:4641 [32minfo[39m: [32m━━━━━━━━━━━━━━━━━━━━━━━━━━━━━━━━━━━━━━━━━━━━━━━━━━━━━━━━━[39m
2025-11-09 20:46:41:4641 [32minfo[39m: [32m🔌 Checking database connections...[39m
2025-11-09 20:46:41:4641 [32minfo[39m: [32mSupabase client initialized[39m
2025-11-09 20:46:42:4642 [32minfo[39m: [32m  ✅ Supabase (PostgreSQL) connected[39m
2025-11-09 20:46:42:4642 [32minfo[39m: [32mUpstash Redis initialized[39m
2025-11-09 20:46:42:4642 [32minfo[39m: [32m  ✅ Redis (Upstash) connected[39m
2025-11-09 20:46:44:4644 [32minfo[39m: [32mMongoose (MongoDB) connected successfully[39m
2025-11-09 20:46:44:4644 [32minfo[39m: [32m  ✅ MongoDB (Mongoose) connected[39m
2025-11-09 20:46:44:4644 [32minfo[39m: [32m[39m
[32m━━━━━━━━━━━━━━━━━━━━━━━━━━━━━━━━━━━━━━━━━━━━━━━━━━━━━━━━━[39m
2025-11-09 20:46:44:4644 [32minfo[39m: [32mSTEP 3: Service Configuration[39m
2025-11-09 20:46:44:4644 [32minfo[39m: [32m━━━━━━━━━━━━━━━━━━━━━━━━━━━━━━━━━━━━━━━━━━━━━━━━━━━━━━━━━[39m
2025-11-09 20:46:44:4644 [32minfo[39m: [32m🔧 Checking service configurations...[39m
2025-11-09 20:46:44:4644 [32minfo[39m: [32m  ✅ Cloudflare R2 configured[39m
2025-11-09 20:46:44:4644 [32minfo[39m: [32m  ✅ JWT authentication configured[39m
2025-11-09 20:46:44:4644 [32minfo[39m: [32m  ✅ CORS configured (2 origins)[39m
2025-11-09 20:46:44:4644 [32minfo[39m: [32m✅ Service configurations checked[39m
2025-11-09 20:46:44:4644 [32minfo[39m: [32m[39m
[32m━━━━━━━━━━━━━━━━━━━━━━━━━━━━━━━━━━━━━━━━━━━━━━━━━━━━━━━━━[39m
2025-11-09 20:46:44:4644 [32minfo[39m: [32mSTEP 4: System Information[39m
2025-11-09 20:46:44:4644 [32minfo[39m: [32m━━━━━━━━━━━━━━━━━━━━━━━━━━━━━━━━━━━━━━━━━━━━━━━━━━━━━━━━━[39m
2025-11-09 20:46:44:4644 [32minfo[39m: [32m📊 System Information:[39m
2025-11-09 20:46:44:4644 [32minfo[39m: [32m  • Node.js: v22.20.0[39m
2025-11-09 20:46:44:4644 [32minfo[39m: [32m  • Platform: linux[39m
2025-11-09 20:46:44:4644 [32minfo[39m: [32m  • Architecture: x64[39m
2025-11-09 20:46:44:4644 [32minfo[39m: [32m  • Memory: 42MB[39m
2025-11-09 20:46:44:4644 [32minfo[39m: [32m  • Environment: development[39m
2025-11-09 20:46:44:4644 [32minfo[39m: [32m  • Port: 3000[39m
2025-11-09 20:46:44:4644 [32minfo[39m: [32m[39m
[32m━━━━━━━━━━━━━━━━━━━━━━━━━━━━━━━━━━━━━━━━━━━━━━━━━━━━━━━━━[39m
2025-11-09 20:46:44:4644 [32minfo[39m: [32mSTEP 5: Starting HTTP Server[39m
2025-11-09 20:46:44:4644 [32minfo[39m: [32m━━━━━━━━━━━━━━━━━━━━━━━━━━━━━━━━━━━━━━━━━━━━━━━━━━━━━━━━━[39m
2025-11-09 20:46:44:4644 [32minfo[39m: [32m[39m
[32m🚀 Server started successfully![39m
2025-11-09 20:46:44:4644 [32minfo[39m: [32m[39m
[32m📍 Endpoints:[39m
2025-11-09 20:46:44:4644 [32minfo[39m: [32m   • Health Check: http://localhost:3000/health[39m
2025-11-09 20:46:44:4644 [32minfo[39m: [32m   • API Info:     http://localhost:3000/api[39m
2025-11-09 20:46:44:4644 [32minfo[39m: [32m   • API Base:     http://localhost:3000/api/*[39m
2025-11-09 20:46:44:4644 [32minfo[39m: [32m[39m
[32m🔧 Services Status:[39m
2025-11-09 20:46:44:4644 [32minfo[39m: [32m   • Database:     ✅ Connected[39m
2025-11-09 20:46:44:4644 [32minfo[39m: [32m   • Cache:        ✅ Connected[39m
2025-11-09 20:46:44:4644 [32minfo[39m: [32m   • Analytics:    ✅ Connected[39m
2025-11-09 20:46:44:4644 [32minfo[39m: [32m[39m
[32m━━━━━━━━━━━━━━━━━━━━━━━━━━━━━━━━━━━━━━━━━━━━━━━━━━━━━━━━━[39m
2025-11-09 20:46:44:4644 [32minfo[39m: [32m✅ FreeTune Backend is ready to serve requests![39m
2025-11-09 20:46:44:4644 [32minfo[39m: [32m━━━━━━━━━━━━━━━━━━━━━━━━━━━━━━━━━━━━━━━━━━━━━━━━━━━━━━━━━[39m
[32m[39m
2025-11-09 20:46:49:4649 [32minfo[39m: [32m━━━━━━━━━━━━━━━━━━━━━━━━━━━━━━━━━━━━━━━━━━━━━━━━━━━━━━━━━[39m
2025-11-09 20:46:49:4649 [32minfo[39m: [32mSTEP 1: Environment Validation[39m
2025-11-09 20:46:49:4649 [32minfo[39m: [32m━━━━━━━━━━━━━━━━━━━━━━━━━━━━━━━━━━━━━━━━━━━━━━━━━━━━━━━━━[39m
2025-11-09 20:46:49:4649 [32minfo[39m: [32m🔍 Validating environment variables...[39m
2025-11-09 20:46:49:4649 [32minfo[39m: [32m✅ Environment variables validated[39m
2025-11-09 20:46:49:4649 [32minfo[39m: [32m[39m
[32m━━━━━━━━━━━━━━━━━━━━━━━━━━━━━━━━━━━━━━━━━━━━━━━━━━━━━━━━━[39m
2025-11-09 20:46:49:4649 [32minfo[39m: [32mSTEP 2: Database Connections[39m
2025-11-09 20:46:49:4649 [32minfo[39m: [32m━━━━━━━━━━━━━━━━━━━━━━━━━━━━━━━━━━━━━━━━━━━━━━━━━━━━━━━━━[39m
2025-11-09 20:46:49:4649 [32minfo[39m: [32m🔌 Checking database connections...[39m
2025-11-09 20:46:49:4649 [32minfo[39m: [32mSupabase client initialized[39m
2025-11-09 20:46:50:4650 [32minfo[39m: [32m  ✅ Supabase (PostgreSQL) connected[39m
2025-11-09 20:46:50:4650 [32minfo[39m: [32mUpstash Redis initialized[39m
2025-11-09 20:46:50:4650 [32minfo[39m: [32m  ✅ Redis (Upstash) connected[39m
2025-11-09 20:46:51:4651 [32minfo[39m: [32mMongoose (MongoDB) connected successfully[39m
2025-11-09 20:46:51:4651 [32minfo[39m: [32m  ✅ MongoDB (Mongoose) connected[39m
2025-11-09 20:46:51:4651 [32minfo[39m: [32m[39m
[32m━━━━━━━━━━━━━━━━━━━━━━━━━━━━━━━━━━━━━━━━━━━━━━━━━━━━━━━━━[39m
2025-11-09 20:46:51:4651 [32minfo[39m: [32mSTEP 3: Service Configuration[39m
2025-11-09 20:46:51:4651 [32minfo[39m: [32m━━━━━━━━━━━━━━━━━━━━━━━━━━━━━━━━━━━━━━━━━━━━━━━━━━━━━━━━━[39m
2025-11-09 20:46:51:4651 [32minfo[39m: [32m🔧 Checking service configurations...[39m
2025-11-09 20:46:51:4651 [32minfo[39m: [32m  ✅ Cloudflare R2 configured[39m
2025-11-09 20:46:51:4651 [32minfo[39m: [32m  ✅ JWT authentication configured[39m
2025-11-09 20:46:51:4651 [32minfo[39m: [32m  ✅ CORS configured (2 origins)[39m
2025-11-09 20:46:51:4651 [32minfo[39m: [32m✅ Service configurations checked[39m
2025-11-09 20:46:51:4651 [32minfo[39m: [32m[39m
[32m━━━━━━━━━━━━━━━━━━━━━━━━━━━━━━━━━━━━━━━━━━━━━━━━━━━━━━━━━[39m
2025-11-09 20:46:51:4651 [32minfo[39m: [32mSTEP 4: System Information[39m
2025-11-09 20:46:51:4651 [32minfo[39m: [32m━━━━━━━━━━━━━━━━━━━━━━━━━━━━━━━━━━━━━━━━━━━━━━━━━━━━━━━━━[39m
2025-11-09 20:46:51:4651 [32minfo[39m: [32m📊 System Information:[39m
2025-11-09 20:46:51:4651 [32minfo[39m: [32m  • Node.js: v22.20.0[39m
2025-11-09 20:46:51:4651 [32minfo[39m: [32m  • Platform: linux[39m
2025-11-09 20:46:51:4651 [32minfo[39m: [32m  • Architecture: x64[39m
2025-11-09 20:46:51:4651 [32minfo[39m: [32m  • Memory: 42MB[39m
2025-11-09 20:46:51:4651 [32minfo[39m: [32m  • Environment: development[39m
2025-11-09 20:46:51:4651 [32minfo[39m: [32m  • Port: 3000[39m
2025-11-09 20:46:51:4651 [32minfo[39m: [32m[39m
[32m━━━━━━━━━━━━━━━━━━━━━━━━━━━━━━━━━━━━━━━━━━━━━━━━━━━━━━━━━[39m
2025-11-09 20:46:51:4651 [32minfo[39m: [32mSTEP 5: Starting HTTP Server[39m
2025-11-09 20:46:51:4651 [32minfo[39m: [32m━━━━━━━━━━━━━━━━━━━━━━━━━━━━━━━━━━━━━━━━━━━━━━━━━━━━━━━━━[39m
2025-11-09 20:46:51:4651 [32minfo[39m: [32m[39m
[32m🚀 Server started successfully![39m
2025-11-09 20:46:51:4651 [32minfo[39m: [32m[39m
[32m📍 Endpoints:[39m
2025-11-09 20:46:51:4651 [32minfo[39m: [32m   • Health Check: http://localhost:3000/health[39m
2025-11-09 20:46:51:4651 [32minfo[39m: [32m   • API Info:     http://localhost:3000/api[39m
2025-11-09 20:46:51:4651 [32minfo[39m: [32m   • API Base:     http://localhost:3000/api/*[39m
2025-11-09 20:46:51:4651 [32minfo[39m: [32m[39m
[32m🔧 Services Status:[39m
2025-11-09 20:46:51:4651 [32minfo[39m: [32m   • Database:     ✅ Connected[39m
2025-11-09 20:46:51:4651 [32minfo[39m: [32m   • Cache:        ✅ Connected[39m
2025-11-09 20:46:51:4651 [32minfo[39m: [32m   • Analytics:    ✅ Connected[39m
2025-11-09 20:46:51:4651 [32minfo[39m: [32m[39m
[32m━━━━━━━━━━━━━━━━━━━━━━━━━━━━━━━━━━━━━━━━━━━━━━━━━━━━━━━━━[39m
2025-11-09 20:46:51:4651 [32minfo[39m: [32m✅ FreeTune Backend is ready to serve requests![39m
2025-11-09 20:46:51:4651 [32minfo[39m: [32m━━━━━━━━━━━━━━━━━━━━━━━━━━━━━━━━━━━━━━━━━━━━━━━━━━━━━━━━━[39m
[32m[39m
2025-11-09 20:46:53:4653 [32minfo[39m: [32m━━━━━━━━━━━━━━━━━━━━━━━━━━━━━━━━━━━━━━━━━━━━━━━━━━━━━━━━━[39m
2025-11-09 20:46:53:4653 [32minfo[39m: [32mSTEP 1: Environment Validation[39m
2025-11-09 20:46:53:4653 [32minfo[39m: [32m━━━━━━━━━━━━━━━━━━━━━━━━━━━━━━━━━━━━━━━━━━━━━━━━━━━━━━━━━[39m
2025-11-09 20:46:53:4653 [32minfo[39m: [32m🔍 Validating environment variables...[39m
2025-11-09 20:46:53:4653 [32minfo[39m: [32m✅ Environment variables validated[39m
2025-11-09 20:46:53:4653 [32minfo[39m: [32m[39m
[32m━━━━━━━━━━━━━━━━━━━━━━━━━━━━━━━━━━━━━━━━━━━━━━━━━━━━━━━━━[39m
2025-11-09 20:46:53:4653 [32minfo[39m: [32mSTEP 2: Database Connections[39m
2025-11-09 20:46:53:4653 [32minfo[39m: [32m━━━━━━━━━━━━━━━━━━━━━━━━━━━━━━━━━━━━━━━━━━━━━━━━━━━━━━━━━[39m
2025-11-09 20:46:53:4653 [32minfo[39m: [32m🔌 Checking database connections...[39m
2025-11-09 20:46:53:4653 [32minfo[39m: [32mSupabase client initialized[39m
2025-11-09 20:46:53:4653 [32minfo[39m: [32m  ✅ Supabase (PostgreSQL) connected[39m
2025-11-09 20:46:53:4653 [32minfo[39m: [32mUpstash Redis initialized[39m
2025-11-09 20:46:54:4654 [32minfo[39m: [32m  ✅ Redis (Upstash) connected[39m
2025-11-09 20:46:55:4655 [32minfo[39m: [32mMongoose (MongoDB) connected successfully[39m
2025-11-09 20:46:55:4655 [32minfo[39m: [32m  ✅ MongoDB (Mongoose) connected[39m
2025-11-09 20:46:55:4655 [32minfo[39m: [32m[39m
[32m━━━━━━━━━━━━━━━━━━━━━━━━━━━━━━━━━━━━━━━━━━━━━━━━━━━━━━━━━[39m
2025-11-09 20:46:55:4655 [32minfo[39m: [32mSTEP 3: Service Configuration[39m
2025-11-09 20:46:55:4655 [32minfo[39m: [32m━━━━━━━━━━━━━━━━━━━━━━━━━━━━━━━━━━━━━━━━━━━━━━━━━━━━━━━━━[39m
2025-11-09 20:46:55:4655 [32minfo[39m: [32m🔧 Checking service configurations...[39m
2025-11-09 20:46:55:4655 [32minfo[39m: [32m  ✅ Cloudflare R2 configured[39m
2025-11-09 20:46:55:4655 [32minfo[39m: [32m  ✅ JWT authentication configured[39m
2025-11-09 20:46:55:4655 [32minfo[39m: [32m  ✅ CORS configured (2 origins)[39m
2025-11-09 20:46:55:4655 [32minfo[39m: [32m✅ Service configurations checked[39m
2025-11-09 20:46:55:4655 [32minfo[39m: [32m[39m
[32m━━━━━━━━━━━━━━━━━━━━━━━━━━━━━━━━━━━━━━━━━━━━━━━━━━━━━━━━━[39m
2025-11-09 20:46:55:4655 [32minfo[39m: [32mSTEP 4: System Information[39m
2025-11-09 20:46:55:4655 [32minfo[39m: [32m━━━━━━━━━━━━━━━━━━━━━━━━━━━━━━━━━━━━━━━━━━━━━━━━━━━━━━━━━[39m
2025-11-09 20:46:55:4655 [32minfo[39m: [32m📊 System Information:[39m
2025-11-09 20:46:55:4655 [32minfo[39m: [32m  • Node.js: v22.20.0[39m
2025-11-09 20:46:55:4655 [32minfo[39m: [32m  • Platform: linux[39m
2025-11-09 20:46:55:4655 [32minfo[39m: [32m  • Architecture: x64[39m
2025-11-09 20:46:55:4655 [32minfo[39m: [32m  • Memory: 42MB[39m
2025-11-09 20:46:55:4655 [32minfo[39m: [32m  • Environment: development[39m
2025-11-09 20:46:55:4655 [32minfo[39m: [32m  • Port: 3000[39m
2025-11-09 20:46:55:4655 [32minfo[39m: [32m[39m
[32m━━━━━━━━━━━━━━━━━━━━━━━━━━━━━━━━━━━━━━━━━━━━━━━━━━━━━━━━━[39m
2025-11-09 20:46:55:4655 [32minfo[39m: [32mSTEP 5: Starting HTTP Server[39m
2025-11-09 20:46:55:4655 [32minfo[39m: [32m━━━━━━━━━━━━━━━━━━━━━━━━━━━━━━━━━━━━━━━━━━━━━━━━━━━━━━━━━[39m
2025-11-09 20:46:55:4655 [32minfo[39m: [32m[39m
[32m🚀 Server started successfully![39m
2025-11-09 20:46:55:4655 [32minfo[39m: [32m[39m
[32m📍 Endpoints:[39m
2025-11-09 20:46:55:4655 [32minfo[39m: [32m   • Health Check: http://localhost:3000/health[39m
2025-11-09 20:46:55:4655 [32minfo[39m: [32m   • API Info:     http://localhost:3000/api[39m
2025-11-09 20:46:55:4655 [32minfo[39m: [32m   • API Base:     http://localhost:3000/api/*[39m
2025-11-09 20:46:55:4655 [32minfo[39m: [32m[39m
[32m🔧 Services Status:[39m
2025-11-09 20:46:55:4655 [32minfo[39m: [32m   • Database:     ✅ Connected[39m
2025-11-09 20:46:55:4655 [32minfo[39m: [32m   • Cache:        ✅ Connected[39m
2025-11-09 20:46:55:4655 [32minfo[39m: [32m   • Analytics:    ✅ Connected[39m
2025-11-09 20:46:55:4655 [32minfo[39m: [32m[39m
[32m━━━━━━━━━━━━━━━━━━━━━━━━━━━━━━━━━━━━━━━━━━━━━━━━━━━━━━━━━[39m
2025-11-09 20:46:55:4655 [32minfo[39m: [32m✅ FreeTune Backend is ready to serve requests![39m
2025-11-09 20:46:55:4655 [32minfo[39m: [32m━━━━━━━━━━━━━━━━━━━━━━━━━━━━━━━━━━━━━━━━━━━━━━━━━━━━━━━━━[39m
[32m[39m
2025-11-09 20:46:59:4659 [32minfo[39m: [32m━━━━━━━━━━━━━━━━━━━━━━━━━━━━━━━━━━━━━━━━━━━━━━━━━━━━━━━━━[39m
2025-11-09 20:46:59:4659 [32minfo[39m: [32mSTEP 1: Environment Validation[39m
2025-11-09 20:46:59:4659 [32minfo[39m: [32m━━━━━━━━━━━━━━━━━━━━━━━━━━━━━━━━━━━━━━━━━━━━━━━━━━━━━━━━━[39m
2025-11-09 20:46:59:4659 [32minfo[39m: [32m🔍 Validating environment variables...[39m
2025-11-09 20:46:59:4659 [32minfo[39m: [32m✅ Environment variables validated[39m
2025-11-09 20:46:59:4659 [32minfo[39m: [32m[39m
[32m━━━━━━━━━━━━━━━━━━━━━━━━━━━━━━━━━━━━━━━━━━━━━━━━━━━━━━━━━[39m
2025-11-09 20:46:59:4659 [32minfo[39m: [32mSTEP 2: Database Connections[39m
2025-11-09 20:46:59:4659 [32minfo[39m: [32m━━━━━━━━━━━━━━━━━━━━━━━━━━━━━━━━━━━━━━━━━━━━━━━━━━━━━━━━━[39m
2025-11-09 20:46:59:4659 [32minfo[39m: [32m🔌 Checking database connections...[39m
2025-11-09 20:46:59:4659 [32minfo[39m: [32mSupabase client initialized[39m
2025-11-09 20:46:59:4659 [32minfo[39m: [32m  ✅ Supabase (PostgreSQL) connected[39m
2025-11-09 20:46:59:4659 [32minfo[39m: [32mUpstash Redis initialized[39m
2025-11-09 20:47:00:470 [32minfo[39m: [32m  ✅ Redis (Upstash) connected[39m
2025-11-09 20:47:01:471 [32minfo[39m: [32mMongoose (MongoDB) connected successfully[39m
2025-11-09 20:47:01:471 [32minfo[39m: [32m  ✅ MongoDB (Mongoose) connected[39m
2025-11-09 20:47:01:471 [32minfo[39m: [32m[39m
[32m━━━━━━━━━━━━━━━━━━━━━━━━━━━━━━━━━━━━━━━━━━━━━━━━━━━━━━━━━[39m
2025-11-09 20:47:01:471 [32minfo[39m: [32mSTEP 3: Service Configuration[39m
2025-11-09 20:47:01:471 [32minfo[39m: [32m━━━━━━━━━━━━━━━━━━━━━━━━━━━━━━━━━━━━━━━━━━━━━━━━━━━━━━━━━[39m
2025-11-09 20:47:01:471 [32minfo[39m: [32m🔧 Checking service configurations...[39m
2025-11-09 20:47:01:471 [32minfo[39m: [32m  ✅ Cloudflare R2 configured[39m
2025-11-09 20:47:01:471 [32minfo[39m: [32m  ✅ JWT authentication configured[39m
2025-11-09 20:47:01:471 [32minfo[39m: [32m  ✅ CORS configured (2 origins)[39m
2025-11-09 20:47:01:471 [32minfo[39m: [32m✅ Service configurations checked[39m
2025-11-09 20:47:01:471 [32minfo[39m: [32m[39m
[32m━━━━━━━━━━━━━━━━━━━━━━━━━━━━━━━━━━━━━━━━━━━━━━━━━━━━━━━━━[39m
2025-11-09 20:47:01:471 [32minfo[39m: [32mSTEP 4: System Information[39m
2025-11-09 20:47:01:471 [32minfo[39m: [32m━━━━━━━━━━━━━━━━━━━━━━━━━━━━━━━━━━━━━━━━━━━━━━━━━━━━━━━━━[39m
2025-11-09 20:47:01:471 [32minfo[39m: [32m📊 System Information:[39m
2025-11-09 20:47:01:471 [32minfo[39m: [32m  • Node.js: v22.20.0[39m
2025-11-09 20:47:01:471 [32minfo[39m: [32m  • Platform: linux[39m
2025-11-09 20:47:01:471 [32minfo[39m: [32m  • Architecture: x64[39m
2025-11-09 20:47:01:471 [32minfo[39m: [32m  • Memory: 42MB[39m
2025-11-09 20:47:01:471 [32minfo[39m: [32m  • Environment: development[39m
2025-11-09 20:47:01:471 [32minfo[39m: [32m  • Port: 3000[39m
2025-11-09 20:47:01:471 [32minfo[39m: [32m[39m
[32m━━━━━━━━━━━━━━━━━━━━━━━━━━━━━━━━━━━━━━━━━━━━━━━━━━━━━━━━━[39m
2025-11-09 20:47:01:471 [32minfo[39m: [32mSTEP 5: Starting HTTP Server[39m
2025-11-09 20:47:01:471 [32minfo[39m: [32m━━━━━━━━━━━━━━━━━━━━━━━━━━━━━━━━━━━━━━━━━━━━━━━━━━━━━━━━━[39m
2025-11-09 20:47:01:471 [32minfo[39m: [32m[39m
[32m🚀 Server started successfully![39m
2025-11-09 20:47:01:471 [32minfo[39m: [32m[39m
[32m📍 Endpoints:[39m
2025-11-09 20:47:01:471 [32minfo[39m: [32m   • Health Check: http://localhost:3000/health[39m
2025-11-09 20:47:01:471 [32minfo[39m: [32m   • API Info:     http://localhost:3000/api[39m
2025-11-09 20:47:01:471 [32minfo[39m: [32m   • API Base:     http://localhost:3000/api/*[39m
2025-11-09 20:47:01:471 [32minfo[39m: [32m[39m
[32m🔧 Services Status:[39m
2025-11-09 20:47:01:471 [32minfo[39m: [32m   • Database:     ✅ Connected[39m
2025-11-09 20:47:01:471 [32minfo[39m: [32m   • Cache:        ✅ Connected[39m
2025-11-09 20:47:01:471 [32minfo[39m: [32m   • Analytics:    ✅ Connected[39m
2025-11-09 20:47:01:471 [32minfo[39m: [32m[39m
[32m━━━━━━━━━━━━━━━━━━━━━━━━━━━━━━━━━━━━━━━━━━━━━━━━━━━━━━━━━[39m
2025-11-09 20:47:01:471 [32minfo[39m: [32m✅ FreeTune Backend is ready to serve requests![39m
2025-11-09 20:47:01:471 [32minfo[39m: [32m━━━━━━━━━━━━━━━━━━━━━━━━━━━━━━━━━━━━━━━━━━━━━━━━━━━━━━━━━[39m
[32m[39m
2025-11-09 20:47:33:4733 [32minfo[39m: [32m━━━━━━━━━━━━━━━━━━━━━━━━━━━━━━━━━━━━━━━━━━━━━━━━━━━━━━━━━[39m
2025-11-09 20:47:33:4733 [32minfo[39m: [32mSTEP 1: Environment Validation[39m
2025-11-09 20:47:33:4733 [32minfo[39m: [32m━━━━━━━━━━━━━━━━━━━━━━━━━━━━━━━━━━━━━━━━━━━━━━━━━━━━━━━━━[39m
2025-11-09 20:47:33:4733 [32minfo[39m: [32m🔍 Validating environment variables...[39m
2025-11-09 20:47:33:4733 [32minfo[39m: [32m✅ Environment variables validated[39m
2025-11-09 20:47:33:4733 [32minfo[39m: [32m[39m
[32m━━━━━━━━━━━━━━━━━━━━━━━━━━━━━━━━━━━━━━━━━━━━━━━━━━━━━━━━━[39m
2025-11-09 20:47:33:4733 [32minfo[39m: [32mSTEP 2: Database Connections[39m
2025-11-09 20:47:33:4733 [32minfo[39m: [32m━━━━━━━━━━━━━━━━━━━━━━━━━━━━━━━━━━━━━━━━━━━━━━━━━━━━━━━━━[39m
2025-11-09 20:47:33:4733 [32minfo[39m: [32m🔌 Checking database connections...[39m
2025-11-09 20:47:33:4733 [32minfo[39m: [32mSupabase client initialized[39m
2025-11-09 20:47:33:4733 [32minfo[39m: [32m  ✅ Supabase (PostgreSQL) connected[39m
2025-11-09 20:47:33:4733 [32minfo[39m: [32mUpstash Redis initialized[39m
2025-11-09 20:47:34:4734 [32minfo[39m: [32m  ✅ Redis (Upstash) connected[39m
2025-11-09 20:47:35:4735 [32minfo[39m: [32mMongoose (MongoDB) connected successfully[39m
2025-11-09 20:47:35:4735 [32minfo[39m: [32m  ✅ MongoDB (Mongoose) connected[39m
2025-11-09 20:47:35:4735 [32minfo[39m: [32m[39m
[32m━━━━━━━━━━━━━━━━━━━━━━━━━━━━━━━━━━━━━━━━━━━━━━━━━━━━━━━━━[39m
2025-11-09 20:47:35:4735 [32minfo[39m: [32mSTEP 3: Service Configuration[39m
2025-11-09 20:47:35:4735 [32minfo[39m: [32m━━━━━━━━━━━━━━━━━━━━━━━━━━━━━━━━━━━━━━━━━━━━━━━━━━━━━━━━━[39m
2025-11-09 20:47:35:4735 [32minfo[39m: [32m🔧 Checking service configurations...[39m
2025-11-09 20:47:35:4735 [32minfo[39m: [32m  ✅ Cloudflare R2 configured[39m
2025-11-09 20:47:35:4735 [32minfo[39m: [32m  ✅ JWT authentication configured[39m
2025-11-09 20:47:35:4735 [32minfo[39m: [32m  ✅ CORS configured (2 origins)[39m
2025-11-09 20:47:35:4735 [32minfo[39m: [32m✅ Service configurations checked[39m
2025-11-09 20:47:35:4735 [32minfo[39m: [32m[39m
[32m━━━━━━━━━━━━━━━━━━━━━━━━━━━━━━━━━━━━━━━━━━━━━━━━━━━━━━━━━[39m
2025-11-09 20:47:35:4735 [32minfo[39m: [32mSTEP 4: System Information[39m
2025-11-09 20:47:35:4735 [32minfo[39m: [32m━━━━━━━━━━━━━━━━━━━━━━━━━━━━━━━━━━━━━━━━━━━━━━━━━━━━━━━━━[39m
2025-11-09 20:47:35:4735 [32minfo[39m: [32m📊 System Information:[39m
2025-11-09 20:47:35:4735 [32minfo[39m: [32m  • Node.js: v22.20.0[39m
2025-11-09 20:47:35:4735 [32minfo[39m: [32m  • Platform: linux[39m
2025-11-09 20:47:35:4735 [32minfo[39m: [32m  • Architecture: x64[39m
2025-11-09 20:47:35:4735 [32minfo[39m: [32m  • Memory: 41MB[39m
2025-11-09 20:47:35:4735 [32minfo[39m: [32m  • Environment: development[39m
2025-11-09 20:47:35:4735 [32minfo[39m: [32m  • Port: 3000[39m
2025-11-09 20:47:35:4735 [32minfo[39m: [32m[39m
[32m━━━━━━━━━━━━━━━━━━━━━━━━━━━━━━━━━━━━━━━━━━━━━━━━━━━━━━━━━[39m
2025-11-09 20:47:35:4735 [32minfo[39m: [32mSTEP 5: Starting HTTP Server[39m
2025-11-09 20:47:35:4735 [32minfo[39m: [32m━━━━━━━━━━━━━━━━━━━━━━━━━━━━━━━━━━━━━━━━━━━━━━━━━━━━━━━━━[39m
2025-11-09 20:47:35:4735 [32minfo[39m: [32m[39m
[32m🚀 Server started successfully![39m
2025-11-09 20:47:35:4735 [32minfo[39m: [32m[39m
[32m📍 Endpoints:[39m
2025-11-09 20:47:35:4735 [32minfo[39m: [32m   • Health Check: http://localhost:3000/health[39m
2025-11-09 20:47:35:4735 [32minfo[39m: [32m   • API Info:     http://localhost:3000/api[39m
2025-11-09 20:47:35:4735 [32minfo[39m: [32m   • API Base:     http://localhost:3000/api/*[39m
2025-11-09 20:47:35:4735 [32minfo[39m: [32m[39m
[32m🔧 Services Status:[39m
2025-11-09 20:47:35:4735 [32minfo[39m: [32m   • Database:     ✅ Connected[39m
2025-11-09 20:47:35:4735 [32minfo[39m: [32m   • Cache:        ✅ Connected[39m
2025-11-09 20:47:35:4735 [32minfo[39m: [32m   • Analytics:    ✅ Connected[39m
2025-11-09 20:47:35:4735 [32minfo[39m: [32m[39m
[32m━━━━━━━━━━━━━━━━━━━━━━━━━━━━━━━━━━━━━━━━━━━━━━━━━━━━━━━━━[39m
2025-11-09 20:47:35:4735 [32minfo[39m: [32m✅ FreeTune Backend is ready to serve requests![39m
2025-11-09 20:47:35:4735 [32minfo[39m: [32m━━━━━━━━━━━━━━━━━━━━━━━━━━━━━━━━━━━━━━━━━━━━━━━━━━━━━━━━━[39m
[32m[39m
2025-11-09 20:57:22:5722 [32minfo[39m: [32m━━━━━━━━━━━━━━━━━━━━━━━━━━━━━━━━━━━━━━━━━━━━━━━━━━━━━━━━━[39m
2025-11-09 20:57:22:5722 [32minfo[39m: [32mSTEP 1: Environment Validation[39m
2025-11-09 20:57:22:5722 [32minfo[39m: [32m━━━━━━━━━━━━━━━━━━━━━━━━━━━━━━━━━━━━━━━━━━━━━━━━━━━━━━━━━[39m
2025-11-09 20:57:22:5722 [32minfo[39m: [32m🔍 Validating environment variables...[39m
2025-11-09 20:57:22:5722 [32minfo[39m: [32m✅ Environment variables validated[39m
2025-11-09 20:57:22:5722 [32minfo[39m: [32m[39m
[32m━━━━━━━━━━━━━━━━━━━━━━━━━━━━━━━━━━━━━━━━━━━━━━━━━━━━━━━━━[39m
2025-11-09 20:57:22:5722 [32minfo[39m: [32mSTEP 2: Database Connections[39m
2025-11-09 20:57:22:5722 [32minfo[39m: [32m━━━━━━━━━━━━━━━━━━━━━━━━━━━━━━━━━━━━━━━━━━━━━━━━━━━━━━━━━[39m
2025-11-09 20:57:22:5722 [32minfo[39m: [32m🔌 Checking database connections...[39m
2025-11-09 20:57:22:5722 [32minfo[39m: [32mSupabase client initialized[39m
2025-11-09 20:57:32:5732 [32minfo[39m: [32m  ✅ Supabase (PostgreSQL) connected[39m
2025-11-09 20:57:32:5732 [32minfo[39m: [32mUpstash Redis initialized[39m
2025-11-09 20:58:09:589 [32minfo[39m: [32m  ✅ Redis (Upstash) connected[39m
2025-11-09 20:58:15:5815 [31merror[39m: [31mMongoose connection error: Could not connect to any servers in your MongoDB Atlas cluster. One common reason is that you're trying to access the database from an IP that isn't whitelisted. Make sure your current IP address is on your Atlas cluster's IP whitelist: https://www.mongodb.com/docs/atlas/security-whitelist/[39m
2025-11-09 20:58:15:5815 [33mwarn[39m: [33m  ⚠️  MongoDB not configured (analytics disabled)[39m
2025-11-09 20:58:15:5815 [32minfo[39m: [32m[39m
[32m━━━━━━━━━━━━━━━━━━━━━━━━━━━━━━━━━━━━━━━━━━━━━━━━━━━━━━━━━[39m
2025-11-09 20:58:15:5815 [32minfo[39m: [32mSTEP 3: Service Configuration[39m
2025-11-09 20:58:15:5815 [32minfo[39m: [32m━━━━━━━━━━━━━━━━━━━━━━━━━━━━━━━━━━━━━━━━━━━━━━━━━━━━━━━━━[39m
2025-11-09 20:58:15:5815 [32minfo[39m: [32m🔧 Checking service configurations...[39m
2025-11-09 20:58:15:5815 [32minfo[39m: [32m  ✅ Cloudflare R2 configured[39m
2025-11-09 20:58:15:5815 [32minfo[39m: [32m  ✅ JWT authentication configured[39m
2025-11-09 20:58:15:5815 [32minfo[39m: [32m  ✅ CORS configured (2 origins)[39m
2025-11-09 20:58:15:5815 [32minfo[39m: [32m✅ Service configurations checked[39m
2025-11-09 20:58:15:5815 [32minfo[39m: [32m[39m
[32m━━━━━━━━━━━━━━━━━━━━━━━━━━━━━━━━━━━━━━━━━━━━━━━━━━━━━━━━━[39m
2025-11-09 20:58:15:5815 [32minfo[39m: [32mSTEP 4: System Information[39m
2025-11-09 20:58:15:5815 [32minfo[39m: [32m━━━━━━━━━━━━━━━━━━━━━━━━━━━━━━━━━━━━━━━━━━━━━━━━━━━━━━━━━[39m
2025-11-09 20:58:15:5815 [32minfo[39m: [32m📊 System Information:[39m
2025-11-09 20:58:15:5815 [32minfo[39m: [32m  • Node.js: v22.20.0[39m
2025-11-09 20:58:15:5815 [32minfo[39m: [32m  • Platform: linux[39m
2025-11-09 20:58:15:5815 [32minfo[39m: [32m  • Architecture: x64[39m
2025-11-09 20:58:15:5815 [32minfo[39m: [32m  • Memory: 41MB[39m
2025-11-09 20:58:15:5815 [32minfo[39m: [32m  • Environment: development[39m
2025-11-09 20:58:15:5815 [32minfo[39m: [32m  • Port: 3000[39m
2025-11-09 20:58:15:5815 [32minfo[39m: [32m[39m
[32m━━━━━━━━━━━━━━━━━━━━━━━━━━━━━━━━━━━━━━━━━━━━━━━━━━━━━━━━━[39m
2025-11-09 20:58:15:5815 [32minfo[39m: [32mSTEP 5: Starting HTTP Server[39m
2025-11-09 20:58:15:5815 [32minfo[39m: [32m━━━━━━━━━━━━━━━━━━━━━━━━━━━━━━━━━━━━━━━━━━━━━━━━━━━━━━━━━[39m
2025-11-09 20:58:15:5815 [32minfo[39m: [32m[39m
[32m🚀 Server started successfully![39m
2025-11-09 20:58:15:5815 [32minfo[39m: [32m[39m
[32m📍 Endpoints:[39m
2025-11-09 20:58:15:5815 [32minfo[39m: [32m   • Health Check: http://localhost:3000/health[39m
2025-11-09 20:58:15:5815 [32minfo[39m: [32m   • API Info:     http://localhost:3000/api[39m
2025-11-09 20:58:15:5815 [32minfo[39m: [32m   • API Base:     http://localhost:3000/api/*[39m
2025-11-09 20:58:15:5815 [32minfo[39m: [32m[39m
[32m🔧 Services Status:[39m
2025-11-09 20:58:15:5815 [32minfo[39m: [32m   • Database:     ✅ Connected[39m
2025-11-09 20:58:15:5815 [32minfo[39m: [32m   • Cache:        ✅ Connected[39m
2025-11-09 20:58:15:5815 [32minfo[39m: [32m   • Analytics:    ⚠️  Disabled[39m
2025-11-09 20:58:15:5815 [32minfo[39m: [32m[39m
[32m━━━━━━━━━━━━━━━━━━━━━━━━━━━━━━━━━━━━━━━━━━━━━━━━━━━━━━━━━[39m
2025-11-09 20:58:15:5815 [32minfo[39m: [32m✅ FreeTune Backend is ready to serve requests![39m
2025-11-09 20:58:15:5815 [32minfo[39m: [32m━━━━━━━━━━━━━━━━━━━━━━━━━━━━━━━━━━━━━━━━━━━━━━━━━━━━━━━━━[39m
[32m[39m
2025-11-09 21:08:42:842 [32minfo[39m: [32mSIGTERM received, starting graceful shutdown...[39m
2025-11-13 18:56:51:5651 [32minfo[39m: [32m━━━━━━━━━━━━━━━━━━━━━━━━━━━━━━━━━━━━━━━━━━━━━━━━━━━━━━━━━[39m
2025-11-13 18:56:51:5651 [32minfo[39m: [32mSTEP 1: Environment Validation[39m
2025-11-13 18:56:51:5651 [32minfo[39m: [32m━━━━━━━━━━━━━━━━━━━━━━━━━━━━━━━━━━━━━━━━━━━━━━━━━━━━━━━━━[39m
2025-11-13 18:56:51:5651 [32minfo[39m: [32m🔍 Validating environment variables...[39m
2025-11-13 18:56:51:5651 [32minfo[39m: [32m✅ Environment variables validated[39m
2025-11-13 18:56:51:5651 [32minfo[39m: [32m[39m
[32m━━━━━━━━━━━━━━━━━━━━━━━━━━━━━━━━━━━━━━━━━━━━━━━━━━━━━━━━━[39m
2025-11-13 18:56:51:5651 [32minfo[39m: [32mSTEP 2: Database Connections[39m
2025-11-13 18:56:51:5651 [32minfo[39m: [32m━━━━━━━━━━━━━━━━━━━━━━━━━━━━━━━━━━━━━━━━━━━━━━━━━━━━━━━━━[39m
2025-11-13 18:56:51:5651 [32minfo[39m: [32m🔌 Checking database connections...[39m
2025-11-13 18:56:51:5651 [32minfo[39m: [32mSupabase client initialized[39m
2025-11-13 18:56:53:5653 [32minfo[39m: [32m  ✅ Supabase (PostgreSQL) connected[39m
2025-11-13 18:56:53:5653 [32minfo[39m: [32mUpstash Redis initialized[39m
2025-11-13 18:57:04:574 [32minfo[39m: [32m  ✅ Redis (Upstash) connected[39m
2025-11-13 18:57:11:5711 [32minfo[39m: [32mMongoose (MongoDB) connected successfully[39m
2025-11-13 18:57:11:5711 [32minfo[39m: [32m  ✅ MongoDB (Mongoose) connected[39m
2025-11-13 18:57:11:5711 [32minfo[39m: [32m[39m
[32m━━━━━━━━━━━━━━━━━━━━━━━━━━━━━━━━━━━━━━━━━━━━━━━━━━━━━━━━━[39m
2025-11-13 18:57:11:5711 [32minfo[39m: [32mSTEP 3: Service Configuration[39m
2025-11-13 18:57:11:5711 [32minfo[39m: [32m━━━━━━━━━━━━━━━━━━━━━━━━━━━━━━━━━━━━━━━━━━━━━━━━━━━━━━━━━[39m
2025-11-13 18:57:11:5711 [32minfo[39m: [32m🔧 Checking service configurations...[39m
2025-11-13 18:57:11:5711 [32minfo[39m: [32m  ✅ Cloudflare R2 configured[39m
2025-11-13 18:57:11:5711 [32minfo[39m: [32m  ✅ JWT authentication configured[39m
2025-11-13 18:57:11:5711 [32minfo[39m: [32m  ✅ CORS configured (2 origins)[39m
2025-11-13 18:57:11:5711 [32minfo[39m: [32m✅ Service configurations checked[39m
2025-11-13 18:57:11:5711 [32minfo[39m: [32m[39m
[32m━━━━━━━━━━━━━━━━━━━━━━━━━━━━━━━━━━━━━━━━━━━━━━━━━━━━━━━━━[39m
2025-11-13 18:57:11:5711 [32minfo[39m: [32mSTEP 4: System Information[39m
2025-11-13 18:57:11:5711 [32minfo[39m: [32m━━━━━━━━━━━━━━━━━━━━━━━━━━━━━━━━━━━━━━━━━━━━━━━━━━━━━━━━━[39m
2025-11-13 18:57:11:5711 [32minfo[39m: [32m📊 System Information:[39m
2025-11-13 18:57:11:5711 [32minfo[39m: [32m  • Node.js: v22.20.0[39m
2025-11-13 18:57:11:5711 [32minfo[39m: [32m  • Platform: linux[39m
2025-11-13 18:57:11:5711 [32minfo[39m: [32m  • Architecture: x64[39m
2025-11-13 18:57:11:5711 [32minfo[39m: [32m  • Memory: 28MB[39m
2025-11-13 18:57:11:5711 [32minfo[39m: [32m  • Environment: development[39m
2025-11-13 18:57:11:5711 [32minfo[39m: [32m  • Port: 3000[39m
2025-11-13 18:57:11:5711 [32minfo[39m: [32m[39m
[32m━━━━━━━━━━━━━━━━━━━━━━━━━━━━━━━━━━━━━━━━━━━━━━━━━━━━━━━━━[39m
2025-11-13 18:57:11:5711 [32minfo[39m: [32mSTEP 5: Starting HTTP Server[39m
2025-11-13 18:57:11:5711 [32minfo[39m: [32m━━━━━━━━━━━━━━━━━━━━━━━━━━━━━━━━━━━━━━━━━━━━━━━━━━━━━━━━━[39m
2025-11-13 18:57:11:5711 [32minfo[39m: [32m[39m
[32m🚀 Server started successfully![39m
2025-11-13 18:57:11:5711 [32minfo[39m: [32m[39m
[32m📍 Endpoints:[39m
2025-11-13 18:57:11:5711 [32minfo[39m: [32m   • Health Check: http://localhost:3000/health[39m
2025-11-13 18:57:11:5711 [32minfo[39m: [32m   • API Info:     http://localhost:3000/api[39m
2025-11-13 18:57:11:5711 [32minfo[39m: [32m   • API Base:     http://localhost:3000/api/*[39m
2025-11-13 18:57:11:5711 [32minfo[39m: [32m[39m
[32m🔧 Services Status:[39m
2025-11-13 18:57:11:5711 [32minfo[39m: [32m   • Database:     ✅ Connected[39m
2025-11-13 18:57:11:5711 [32minfo[39m: [32m   • Cache:        ✅ Connected[39m
2025-11-13 18:57:11:5711 [32minfo[39m: [32m   • Analytics:    ✅ Connected[39m
2025-11-13 18:57:11:5711 [32minfo[39m: [32m[39m
[32m━━━━━━━━━━━━━━━━━━━━━━━━━━━━━━━━━━━━━━━━━━━━━━━━━━━━━━━━━[39m
2025-11-13 18:57:11:5711 [32minfo[39m: [32m✅ FreeTune Backend is ready to serve requests![39m
2025-11-13 18:57:11:5711 [32minfo[39m: [32m━━━━━━━━━━━━━━━━━━━━━━━━━━━━━━━━━━━━━━━━━━━━━━━━━━━━━━━━━[39m
[32m[39m
2025-11-13 18:58:23:5823 [32minfo[39m: [32m━━━━━━━━━━━━━━━━━━━━━━━━━━━━━━━━━━━━━━━━━━━━━━━━━━━━━━━━━[39m
2025-11-13 18:58:23:5823 [32minfo[39m: [32mSTEP 1: Environment Validation[39m
2025-11-13 18:58:23:5823 [32minfo[39m: [32m━━━━━━━━━━━━━━━━━━━━━━━━━━━━━━━━━━━━━━━━━━━━━━━━━━━━━━━━━[39m
2025-11-13 18:58:23:5823 [32minfo[39m: [32m🔍 Validating environment variables...[39m
2025-11-13 18:58:23:5823 [32minfo[39m: [32m✅ Environment variables validated[39m
2025-11-13 18:58:23:5823 [32minfo[39m: [32m[39m
[32m━━━━━━━━━━━━━━━━━━━━━━━━━━━━━━━━━━━━━━━━━━━━━━━━━━━━━━━━━[39m
2025-11-13 18:58:23:5823 [32minfo[39m: [32mSTEP 2: Database Connections[39m
2025-11-13 18:58:23:5823 [32minfo[39m: [32m━━━━━━━━━━━━━━━━━━━━━━━━━━━━━━━━━━━━━━━━━━━━━━━━━━━━━━━━━[39m
2025-11-13 18:58:23:5823 [32minfo[39m: [32m🔌 Checking database connections...[39m
2025-11-13 18:58:23:5823 [32minfo[39m: [32mSupabase client initialized[39m
2025-11-13 18:58:27:5827 [32minfo[39m: [32m  ✅ Supabase (PostgreSQL) connected[39m
2025-11-13 18:58:27:5827 [32minfo[39m: [32mUpstash Redis initialized[39m
2025-11-13 18:58:32:5832 [32minfo[39m: [32m  ✅ Redis (Upstash) connected[39m
2025-11-13 18:58:49:5849 [32minfo[39m: [32mMongoose (MongoDB) connected successfully[39m
2025-11-13 18:58:49:5849 [32minfo[39m: [32m  ✅ MongoDB (Mongoose) connected[39m
2025-11-13 18:58:49:5849 [32minfo[39m: [32m[39m
[32m━━━━━━━━━━━━━━━━━━━━━━━━━━━━━━━━━━━━━━━━━━━━━━━━━━━━━━━━━[39m
2025-11-13 18:58:49:5849 [32minfo[39m: [32mSTEP 3: Service Configuration[39m
2025-11-13 18:58:49:5849 [32minfo[39m: [32m━━━━━━━━━━━━━━━━━━━━━━━━━━━━━━━━━━━━━━━━━━━━━━━━━━━━━━━━━[39m
2025-11-13 18:58:49:5849 [32minfo[39m: [32m🔧 Checking service configurations...[39m
2025-11-13 18:58:49:5849 [32minfo[39m: [32m  ✅ Cloudflare R2 configured[39m
2025-11-13 18:58:49:5849 [32minfo[39m: [32m  ✅ JWT authentication configured[39m
2025-11-13 18:58:49:5849 [32minfo[39m: [32m  ✅ CORS configured (2 origins)[39m
2025-11-13 18:58:49:5849 [32minfo[39m: [32m✅ Service configurations checked[39m
2025-11-13 18:58:49:5849 [32minfo[39m: [32m[39m
[32m━━━━━━━━━━━━━━━━━━━━━━━━━━━━━━━━━━━━━━━━━━━━━━━━━━━━━━━━━[39m
2025-11-13 18:58:49:5849 [32minfo[39m: [32mSTEP 4: System Information[39m
2025-11-13 18:58:49:5849 [32minfo[39m: [32m━━━━━━━━━━━━━━━━━━━━━━━━━━━━━━━━━━━━━━━━━━━━━━━━━━━━━━━━━[39m
2025-11-13 18:58:49:5849 [32minfo[39m: [32m📊 System Information:[39m
2025-11-13 18:58:49:5849 [32minfo[39m: [32m  • Node.js: v22.20.0[39m
2025-11-13 18:58:49:5849 [32minfo[39m: [32m  • Platform: linux[39m
2025-11-13 18:58:49:5849 [32minfo[39m: [32m  • Architecture: x64[39m
2025-11-13 18:58:49:5849 [32minfo[39m: [32m  • Memory: 27MB[39m
2025-11-13 18:58:49:5849 [32minfo[39m: [32m  • Environment: development[39m
2025-11-13 18:58:49:5849 [32minfo[39m: [32m  • Port: 3000[39m
2025-11-13 18:58:49:5849 [32minfo[39m: [32m[39m
[32m━━━━━━━━━━━━━━━━━━━━━━━━━━━━━━━━━━━━━━━━━━━━━━━━━━━━━━━━━[39m
2025-11-13 18:58:49:5849 [32minfo[39m: [32mSTEP 5: Starting HTTP Server[39m
2025-11-13 18:58:49:5849 [32minfo[39m: [32m━━━━━━━━━━━━━━━━━━━━━━━━━━━━━━━━━━━━━━━━━━━━━━━━━━━━━━━━━[39m
2025-11-13 18:58:50:5850 [32minfo[39m: [32m[39m
[32m🚀 Server started successfully![39m
2025-11-13 18:58:50:5850 [32minfo[39m: [32m[39m
[32m📍 Endpoints:[39m
2025-11-13 18:58:50:5850 [32minfo[39m: [32m   • Health Check: http://localhost:3000/health[39m
2025-11-13 18:58:50:5850 [32minfo[39m: [32m   • API Info:     http://localhost:3000/api[39m
2025-11-13 18:58:50:5850 [32minfo[39m: [32m   • API Base:     http://localhost:3000/api/*[39m
2025-11-13 18:58:50:5850 [32minfo[39m: [32m[39m
[32m🔧 Services Status:[39m
2025-11-13 18:58:50:5850 [32minfo[39m: [32m   • Database:     ✅ Connected[39m
2025-11-13 18:58:50:5850 [32minfo[39m: [32m   • Cache:        ✅ Connected[39m
2025-11-13 18:58:50:5850 [32minfo[39m: [32m   • Analytics:    ✅ Connected[39m
2025-11-13 18:58:50:5850 [32minfo[39m: [32m[39m
[32m━━━━━━━━━━━━━━━━━━━━━━━━━━━━━━━━━━━━━━━━━━━━━━━━━━━━━━━━━[39m
2025-11-13 18:58:50:5850 [32minfo[39m: [32m✅ FreeTune Backend is ready to serve requests![39m
2025-11-13 18:58:50:5850 [32minfo[39m: [32m━━━━━━━━━━━━━━━━━━━━━━━━━━━━━━━━━━━━━━━━━━━━━━━━━━━━━━━━━[39m
[32m[39m
2025-11-13 18:58:58:5858 [32minfo[39m: [32m━━━━━━━━━━━━━━━━━━━━━━━━━━━━━━━━━━━━━━━━━━━━━━━━━━━━━━━━━[39m
2025-11-13 18:58:58:5858 [32minfo[39m: [32mSTEP 1: Environment Validation[39m
2025-11-13 18:58:58:5858 [32minfo[39m: [32m━━━━━━━━━━━━━━━━━━━━━━━━━━━━━━━━━━━━━━━━━━━━━━━━━━━━━━━━━[39m
2025-11-13 18:58:58:5858 [32minfo[39m: [32m🔍 Validating environment variables...[39m
2025-11-13 18:58:58:5858 [32minfo[39m: [32m✅ Environment variables validated[39m
2025-11-13 18:58:58:5858 [32minfo[39m: [32m[39m
[32m━━━━━━━━━━━━━━━━━━━━━━━━━━━━━━━━━━━━━━━━━━━━━━━━━━━━━━━━━[39m
2025-11-13 18:58:58:5858 [32minfo[39m: [32mSTEP 2: Database Connections[39m
2025-11-13 18:58:58:5858 [32minfo[39m: [32m━━━━━━━━━━━━━━━━━━━━━━━━━━━━━━━━━━━━━━━━━━━━━━━━━━━━━━━━━[39m
2025-11-13 18:58:58:5858 [32minfo[39m: [32m🔌 Checking database connections...[39m
2025-11-13 18:58:58:5858 [32minfo[39m: [32mSupabase client initialized[39m
2025-11-13 18:59:07:597 [32minfo[39m: [32m  ✅ Supabase (PostgreSQL) connected[39m
2025-11-13 18:59:07:597 [32minfo[39m: [32mUpstash Redis initialized[39m
2025-11-13 18:59:12:5912 [32minfo[39m: [32m  ✅ Redis (Upstash) connected[39m
2025-11-13 18:59:14:5914 [32minfo[39m: [32mMongoose (MongoDB) connected successfully[39m
2025-11-13 18:59:14:5914 [32minfo[39m: [32m  ✅ MongoDB (Mongoose) connected[39m
2025-11-13 18:59:14:5914 [32minfo[39m: [32m[39m
[32m━━━━━━━━━━━━━━━━━━━━━━━━━━━━━━━━━━━━━━━━━━━━━━━━━━━━━━━━━[39m
2025-11-13 18:59:14:5914 [32minfo[39m: [32mSTEP 3: Service Configuration[39m
2025-11-13 18:59:14:5914 [32minfo[39m: [32m━━━━━━━━━━━━━━━━━━━━━━━━━━━━━━━━━━━━━━━━━━━━━━━━━━━━━━━━━[39m
2025-11-13 18:59:14:5914 [32minfo[39m: [32m🔧 Checking service configurations...[39m
2025-11-13 18:59:14:5914 [32minfo[39m: [32m  ✅ Cloudflare R2 configured[39m
2025-11-13 18:59:14:5914 [32minfo[39m: [32m  ✅ JWT authentication configured[39m
2025-11-13 18:59:14:5914 [32minfo[39m: [32m  ✅ CORS configured (2 origins)[39m
2025-11-13 18:59:14:5914 [32minfo[39m: [32m✅ Service configurations checked[39m
2025-11-13 18:59:14:5914 [32minfo[39m: [32m[39m
[32m━━━━━━━━━━━━━━━━━━━━━━━━━━━━━━━━━━━━━━━━━━━━━━━━━━━━━━━━━[39m
2025-11-13 18:59:14:5914 [32minfo[39m: [32mSTEP 4: System Information[39m
2025-11-13 18:59:14:5914 [32minfo[39m: [32m━━━━━━━━━━━━━━━━━━━━━━━━━━━━━━━━━━━━━━━━━━━━━━━━━━━━━━━━━[39m
2025-11-13 18:59:14:5914 [32minfo[39m: [32m📊 System Information:[39m
2025-11-13 18:59:14:5914 [32minfo[39m: [32m  • Node.js: v22.20.0[39m
2025-11-13 18:59:14:5914 [32minfo[39m: [32m  • Platform: linux[39m
2025-11-13 18:59:14:5914 [32minfo[39m: [32m  • Architecture: x64[39m
2025-11-13 18:59:14:5914 [32minfo[39m: [32m  • Memory: 28MB[39m
2025-11-13 18:59:14:5914 [32minfo[39m: [32m  • Environment: development[39m
2025-11-13 18:59:14:5914 [32minfo[39m: [32m  • Port: 3000[39m
2025-11-13 18:59:14:5914 [32minfo[39m: [32m[39m
[32m━━━━━━━━━━━━━━━━━━━━━━━━━━━━━━━━━━━━━━━━━━━━━━━━━━━━━━━━━[39m
2025-11-13 18:59:14:5914 [32minfo[39m: [32mSTEP 5: Starting HTTP Server[39m
2025-11-13 18:59:14:5914 [32minfo[39m: [32m━━━━━━━━━━━━━━━━━━━━━━━━━━━━━━━━━━━━━━━━━━━━━━━━━━━━━━━━━[39m
2025-11-13 18:59:14:5914 [32minfo[39m: [32m[39m
[32m🚀 Server started successfully![39m
2025-11-13 18:59:14:5914 [32minfo[39m: [32m[39m
[32m📍 Endpoints:[39m
2025-11-13 18:59:14:5914 [32minfo[39m: [32m   • Health Check: http://localhost:3000/health[39m
2025-11-13 18:59:14:5914 [32minfo[39m: [32m   • API Info:     http://localhost:3000/api[39m
2025-11-13 18:59:14:5914 [32minfo[39m: [32m   • API Base:     http://localhost:3000/api/*[39m
2025-11-13 18:59:14:5914 [32minfo[39m: [32m[39m
[32m🔧 Services Status:[39m
2025-11-13 18:59:14:5914 [32minfo[39m: [32m   • Database:     ✅ Connected[39m
2025-11-13 18:59:14:5914 [32minfo[39m: [32m   • Cache:        ✅ Connected[39m
2025-11-13 18:59:14:5914 [32minfo[39m: [32m   • Analytics:    ✅ Connected[39m
2025-11-13 18:59:14:5914 [32minfo[39m: [32m[39m
[32m━━━━━━━━━━━━━━━━━━━━━━━━━━━━━━━━━━━━━━━━━━━━━━━━━━━━━━━━━[39m
2025-11-13 18:59:14:5914 [32minfo[39m: [32m✅ FreeTune Backend is ready to serve requests![39m
2025-11-13 18:59:14:5914 [32minfo[39m: [32m━━━━━━━━━━━━━━━━━━━━━━━━━━━━━━━━━━━━━━━━━━━━━━━━━━━━━━━━━[39m
[32m[39m
2025-11-13 18:59:16:5916 [32minfo[39m: [32m━━━━━━━━━━━━━━━━━━━━━━━━━━━━━━━━━━━━━━━━━━━━━━━━━━━━━━━━━[39m
2025-11-13 18:59:16:5916 [32minfo[39m: [32mSTEP 1: Environment Validation[39m
2025-11-13 18:59:16:5916 [32minfo[39m: [32m━━━━━━━━━━━━━━━━━━━━━━━━━━━━━━━━━━━━━━━━━━━━━━━━━━━━━━━━━[39m
2025-11-13 18:59:16:5916 [32minfo[39m: [32m🔍 Validating environment variables...[39m
2025-11-13 18:59:16:5916 [32minfo[39m: [32m✅ Environment variables validated[39m
2025-11-13 18:59:16:5916 [32minfo[39m: [32m[39m
[32m━━━━━━━━━━━━━━━━━━━━━━━━━━━━━━━━━━━━━━━━━━━━━━━━━━━━━━━━━[39m
2025-11-13 18:59:16:5916 [32minfo[39m: [32mSTEP 2: Database Connections[39m
2025-11-13 18:59:16:5916 [32minfo[39m: [32m━━━━━━━━━━━━━━━━━━━━━━━━━━━━━━━━━━━━━━━━━━━━━━━━━━━━━━━━━[39m
2025-11-13 18:59:16:5916 [32minfo[39m: [32m🔌 Checking database connections...[39m
2025-11-13 18:59:16:5916 [32minfo[39m: [32mSupabase client initialized[39m
2025-11-13 18:59:21:5921 [32minfo[39m: [32m  ✅ Supabase (PostgreSQL) connected[39m
2025-11-13 18:59:21:5921 [32minfo[39m: [32mUpstash Redis initialized[39m
2025-11-13 18:59:27:5927 [32minfo[39m: [32m  ✅ Redis (Upstash) connected[39m
2025-11-13 18:59:47:5947 [32minfo[39m: [32m━━━━━━━━━━━━━━━━━━━━━━━━━━━━━━━━━━━━━━━━━━━━━━━━━━━━━━━━━[39m
2025-11-13 18:59:47:5947 [32minfo[39m: [32mSTEP 1: Environment Validation[39m
2025-11-13 18:59:47:5947 [32minfo[39m: [32m━━━━━━━━━━━━━━━━━━━━━━━━━━━━━━━━━━━━━━━━━━━━━━━━━━━━━━━━━[39m
2025-11-13 18:59:47:5947 [32minfo[39m: [32m🔍 Validating environment variables...[39m
2025-11-13 18:59:47:5947 [32minfo[39m: [32m✅ Environment variables validated[39m
2025-11-13 18:59:47:5947 [32minfo[39m: [32m[39m
[32m━━━━━━━━━━━━━━━━━━━━━━━━━━━━━━━━━━━━━━━━━━━━━━━━━━━━━━━━━[39m
2025-11-13 18:59:47:5947 [32minfo[39m: [32mSTEP 2: Database Connections[39m
2025-11-13 18:59:47:5947 [32minfo[39m: [32m━━━━━━━━━━━━━━━━━━━━━━━━━━━━━━━━━━━━━━━━━━━━━━━━━━━━━━━━━[39m
2025-11-13 18:59:47:5947 [32minfo[39m: [32m🔌 Checking database connections...[39m
2025-11-13 18:59:47:5947 [32minfo[39m: [32mSupabase client initialized[39m
2025-11-13 18:59:50:5950 [32minfo[39m: [32m  ✅ Supabase (PostgreSQL) connected[39m
2025-11-13 18:59:50:5950 [32minfo[39m: [32mUpstash Redis initialized[39m
2025-11-13 18:59:51:5951 [32minfo[39m: [32m  ✅ Redis (Upstash) connected[39m
2025-11-13 18:59:53:5953 [32minfo[39m: [32mMongoose (MongoDB) connected successfully[39m
2025-11-13 18:59:53:5953 [32minfo[39m: [32m  ✅ MongoDB (Mongoose) connected[39m
2025-11-13 18:59:53:5953 [32minfo[39m: [32m[39m
[32m━━━━━━━━━━━━━━━━━━━━━━━━━━━━━━━━━━━━━━━━━━━━━━━━━━━━━━━━━[39m
2025-11-13 18:59:53:5953 [32minfo[39m: [32mSTEP 3: Service Configuration[39m
2025-11-13 18:59:53:5953 [32minfo[39m: [32m━━━━━━━━━━━━━━━━━━━━━━━━━━━━━━━━━━━━━━━━━━━━━━━━━━━━━━━━━[39m
2025-11-13 18:59:53:5953 [32minfo[39m: [32m🔧 Checking service configurations...[39m
2025-11-13 18:59:53:5953 [32minfo[39m: [32m  ✅ Cloudflare R2 configured[39m
2025-11-13 18:59:53:5953 [32minfo[39m: [32m  ✅ JWT authentication configured[39m
2025-11-13 18:59:53:5953 [32minfo[39m: [32m  ✅ CORS configured (2 origins)[39m
2025-11-13 18:59:53:5953 [32minfo[39m: [32m✅ Service configurations checked[39m
2025-11-13 18:59:53:5953 [32minfo[39m: [32m[39m
[32m━━━━━━━━━━━━━━━━━━━━━━━━━━━━━━━━━━━━━━━━━━━━━━━━━━━━━━━━━[39m
2025-11-13 18:59:53:5953 [32minfo[39m: [32mSTEP 4: System Information[39m
2025-11-13 18:59:53:5953 [32minfo[39m: [32m━━━━━━━━━━━━━━━━━━━━━━━━━━━━━━━━━━━━━━━━━━━━━━━━━━━━━━━━━[39m
2025-11-13 18:59:53:5953 [32minfo[39m: [32m📊 System Information:[39m
2025-11-13 18:59:53:5953 [32minfo[39m: [32m  • Node.js: v22.20.0[39m
2025-11-13 18:59:53:5953 [32minfo[39m: [32m  • Platform: linux[39m
2025-11-13 18:59:53:5953 [32minfo[39m: [32m  • Architecture: x64[39m
2025-11-13 18:59:53:5953 [32minfo[39m: [32m  • Memory: 42MB[39m
2025-11-13 18:59:53:5953 [32minfo[39m: [32m  • Environment: development[39m
2025-11-13 18:59:53:5953 [32minfo[39m: [32m  • Port: 3000[39m
2025-11-13 18:59:53:5953 [32minfo[39m: [32m[39m
[32m━━━━━━━━━━━━━━━━━━━━━━━━━━━━━━━━━━━━━━━━━━━━━━━━━━━━━━━━━[39m
2025-11-13 18:59:53:5953 [32minfo[39m: [32mSTEP 5: Starting HTTP Server[39m
2025-11-13 18:59:53:5953 [32minfo[39m: [32m━━━━━━━━━━━━━━━━━━━━━━━━━━━━━━━━━━━━━━━━━━━━━━━━━━━━━━━━━[39m
2025-11-13 18:59:53:5953 [32minfo[39m: [32m[39m
[32m🚀 Server started successfully![39m
2025-11-13 18:59:53:5953 [32minfo[39m: [32m[39m
[32m📍 Endpoints:[39m
2025-11-13 18:59:53:5953 [32minfo[39m: [32m   • Health Check: http://localhost:3000/health[39m
2025-11-13 18:59:53:5953 [32minfo[39m: [32m   • API Info:     http://localhost:3000/api[39m
2025-11-13 18:59:53:5953 [32minfo[39m: [32m   • API Base:     http://localhost:3000/api/*[39m
2025-11-13 18:59:53:5953 [32minfo[39m: [32m[39m
[32m🔧 Services Status:[39m
2025-11-13 18:59:53:5953 [32minfo[39m: [32m   • Database:     ✅ Connected[39m
2025-11-13 18:59:53:5953 [32minfo[39m: [32m   • Cache:        ✅ Connected[39m
2025-11-13 18:59:53:5953 [32minfo[39m: [32m   • Analytics:    ✅ Connected[39m
2025-11-13 18:59:53:5953 [32minfo[39m: [32m[39m
[32m━━━━━━━━━━━━━━━━━━━━━━━━━━━━━━━━━━━━━━━━━━━━━━━━━━━━━━━━━[39m
2025-11-13 18:59:53:5953 [32minfo[39m: [32m✅ FreeTune Backend is ready to serve requests![39m
2025-11-13 18:59:53:5953 [32minfo[39m: [32m━━━━━━━━━━━━━━━━━━━━━━━━━━━━━━━━━━━━━━━━━━━━━━━━━━━━━━━━━[39m
[32m[39m
2025-11-13 18:59:54:5954 [31merror[39m: [31mError: Route /health not found[39m
2025-11-13 18:59:58:5958 [32minfo[39m: [32m━━━━━━━━━━━━━━━━━━━━━━━━━━━━━━━━━━━━━━━━━━━━━━━━━━━━━━━━━[39m
2025-11-13 18:59:58:5958 [32minfo[39m: [32mSTEP 1: Environment Validation[39m
2025-11-13 18:59:58:5958 [32minfo[39m: [32m━━━━━━━━━━━━━━━━━━━━━━━━━━━━━━━━━━━━━━━━━━━━━━━━━━━━━━━━━[39m
2025-11-13 18:59:58:5958 [32minfo[39m: [32m🔍 Validating environment variables...[39m
2025-11-13 18:59:58:5958 [32minfo[39m: [32m✅ Environment variables validated[39m
2025-11-13 18:59:58:5958 [32minfo[39m: [32m[39m
[32m━━━━━━━━━━━━━━━━━━━━━━━━━━━━━━━━━━━━━━━━━━━━━━━━━━━━━━━━━[39m
2025-11-13 18:59:58:5958 [32minfo[39m: [32mSTEP 2: Database Connections[39m
2025-11-13 18:59:58:5958 [32minfo[39m: [32m━━━━━━━━━━━━━━━━━━━━━━━━━━━━━━━━━━━━━━━━━━━━━━━━━━━━━━━━━[39m
2025-11-13 18:59:58:5958 [32minfo[39m: [32m🔌 Checking database connections...[39m
2025-11-13 18:59:58:5958 [32minfo[39m: [32mSupabase client initialized[39m
2025-11-13 19:00:00:00 [32minfo[39m: [32m  ✅ Supabase (PostgreSQL) connected[39m
2025-11-13 19:00:00:00 [32minfo[39m: [32mUpstash Redis initialized[39m
2025-11-13 19:00:00:00 [32minfo[39m: [32m  ✅ Redis (Upstash) connected[39m
2025-11-13 19:00:01:01 [32minfo[39m: [32mMongoose (MongoDB) connected successfully[39m
2025-11-13 19:00:01:01 [32minfo[39m: [32m  ✅ MongoDB (Mongoose) connected[39m
2025-11-13 19:00:01:01 [32minfo[39m: [32m[39m
[32m━━━━━━━━━━━━━━━━━━━━━━━━━━━━━━━━━━━━━━━━━━━━━━━━━━━━━━━━━[39m
2025-11-13 19:00:01:01 [32minfo[39m: [32mSTEP 3: Service Configuration[39m
2025-11-13 19:00:01:01 [32minfo[39m: [32m━━━━━━━━━━━━━━━━━━━━━━━━━━━━━━━━━━━━━━━━━━━━━━━━━━━━━━━━━[39m
2025-11-13 19:00:01:01 [32minfo[39m: [32m🔧 Checking service configurations...[39m
2025-11-13 19:00:01:01 [32minfo[39m: [32m  ✅ Cloudflare R2 configured[39m
2025-11-13 19:00:01:01 [32minfo[39m: [32m  ✅ JWT authentication configured[39m
2025-11-13 19:00:01:01 [32minfo[39m: [32m  ✅ CORS configured (2 origins)[39m
2025-11-13 19:00:01:01 [32minfo[39m: [32m✅ Service configurations checked[39m
2025-11-13 19:00:01:01 [32minfo[39m: [32m[39m
[32m━━━━━━━━━━━━━━━━━━━━━━━━━━━━━━━━━━━━━━━━━━━━━━━━━━━━━━━━━[39m
2025-11-13 19:00:01:01 [32minfo[39m: [32mSTEP 4: System Information[39m
2025-11-13 19:00:01:01 [32minfo[39m: [32m━━━━━━━━━━━━━━━━━━━━━━━━━━━━━━━━━━━━━━━━━━━━━━━━━━━━━━━━━[39m
2025-11-13 19:00:01:01 [32minfo[39m: [32m📊 System Information:[39m
2025-11-13 19:00:01:01 [32minfo[39m: [32m  • Node.js: v22.20.0[39m
2025-11-13 19:00:01:01 [32minfo[39m: [32m  • Platform: linux[39m
2025-11-13 19:00:01:01 [32minfo[39m: [32m  • Architecture: x64[39m
2025-11-13 19:00:01:01 [32minfo[39m: [32m  • Memory: 42MB[39m
2025-11-13 19:00:01:01 [32minfo[39m: [32m  • Environment: development[39m
2025-11-13 19:00:01:01 [32minfo[39m: [32m  • Port: 3000[39m
2025-11-13 19:00:01:01 [32minfo[39m: [32m[39m
[32m━━━━━━━━━━━━━━━━━━━━━━━━━━━━━━━━━━━━━━━━━━━━━━━━━━━━━━━━━[39m
2025-11-13 19:00:01:01 [32minfo[39m: [32mSTEP 5: Starting HTTP Server[39m
2025-11-13 19:00:01:01 [32minfo[39m: [32m━━━━━━━━━━━━━━━━━━━━━━━━━━━━━━━━━━━━━━━━━━━━━━━━━━━━━━━━━[39m
2025-11-13 19:00:01:01 [32minfo[39m: [32m[39m
[32m🚀 Server started successfully![39m
2025-11-13 19:00:01:01 [32minfo[39m: [32m[39m
[32m📍 Endpoints:[39m
2025-11-13 19:00:01:01 [32minfo[39m: [32m   • Health Check: http://localhost:3000/health[39m
2025-11-13 19:00:01:01 [32minfo[39m: [32m   • API Info:     http://localhost:3000/api[39m
2025-11-13 19:00:01:01 [32minfo[39m: [32m   • API Base:     http://localhost:3000/api/*[39m
2025-11-13 19:00:01:01 [32minfo[39m: [32m[39m
[32m🔧 Services Status:[39m
2025-11-13 19:00:01:01 [32minfo[39m: [32m   • Database:     ✅ Connected[39m
2025-11-13 19:00:01:01 [32minfo[39m: [32m   • Cache:        ✅ Connected[39m
2025-11-13 19:00:01:01 [32minfo[39m: [32m   • Analytics:    ✅ Connected[39m
2025-11-13 19:00:01:01 [32minfo[39m: [32m[39m
[32m━━━━━━━━━━━━━━━━━━━━━━━━━━━━━━━━━━━━━━━━━━━━━━━━━━━━━━━━━[39m
2025-11-13 19:00:01:01 [32minfo[39m: [32m✅ FreeTune Backend is ready to serve requests![39m
2025-11-13 19:00:01:01 [32minfo[39m: [32m━━━━━━━━━━━━━━━━━━━━━━━━━━━━━━━━━━━━━━━━━━━━━━━━━━━━━━━━━[39m
[32m[39m
2025-11-13 19:00:05:05 [32minfo[39m: [32mSIGINT received, starting graceful shutdown...[39m
2025-11-13 19:10:29:1029 [32minfo[39m: [32m━━━━━━━━━━━━━━━━━━━━━━━━━━━━━━━━━━━━━━━━━━━━━━━━━━━━━━━━━[39m
2025-11-13 19:10:29:1029 [32minfo[39m: [32mSTEP 1: Environment Validation[39m
2025-11-13 19:10:29:1029 [32minfo[39m: [32m━━━━━━━━━━━━━━━━━━━━━━━━━━━━━━━━━━━━━━━━━━━━━━━━━━━━━━━━━[39m
2025-11-13 19:10:29:1029 [32minfo[39m: [32m🔍 Validating environment variables...[39m
2025-11-13 19:10:29:1029 [32minfo[39m: [32m✅ Environment variables validated[39m
2025-11-13 19:10:29:1029 [32minfo[39m: [32m[39m
[32m━━━━━━━━━━━━━━━━━━━━━━━━━━━━━━━━━━━━━━━━━━━━━━━━━━━━━━━━━[39m
2025-11-13 19:10:29:1029 [32minfo[39m: [32mSTEP 2: Database Connections[39m
2025-11-13 19:10:29:1029 [32minfo[39m: [32m━━━━━━━━━━━━━━━━━━━━━━━━━━━━━━━━━━━━━━━━━━━━━━━━━━━━━━━━━[39m
2025-11-13 19:10:29:1029 [32minfo[39m: [32m🔌 Checking database connections...[39m
2025-11-13 19:10:30:1030 [32minfo[39m: [32mSupabase client initialized[39m
2025-11-13 19:10:31:1031 [32minfo[39m: [32m  ✅ Supabase (PostgreSQL) connected[39m
2025-11-13 19:10:31:1031 [32minfo[39m: [32mUpstash Redis initialized[39m
2025-11-13 19:10:31:1031 [32minfo[39m: [32m  ✅ Redis (Upstash) connected[39m
2025-11-13 19:10:37:1037 [32minfo[39m: [32mMongoose (MongoDB) connected successfully[39m
2025-11-13 19:10:37:1037 [32minfo[39m: [32m  ✅ MongoDB (Mongoose) connected[39m
2025-11-13 19:10:37:1037 [32minfo[39m: [32m[39m
[32m━━━━━━━━━━━━━━━━━━━━━━━━━━━━━━━━━━━━━━━━━━━━━━━━━━━━━━━━━[39m
2025-11-13 19:10:37:1037 [32minfo[39m: [32mSTEP 3: Service Configuration[39m
2025-11-13 19:10:37:1037 [32minfo[39m: [32m━━━━━━━━━━━━━━━━━━━━━━━━━━━━━━━━━━━━━━━━━━━━━━━━━━━━━━━━━[39m
2025-11-13 19:10:37:1037 [32minfo[39m: [32m🔧 Checking service configurations...[39m
2025-11-13 19:10:37:1037 [32minfo[39m: [32m  ✅ Cloudflare R2 configured[39m
2025-11-13 19:10:37:1037 [32minfo[39m: [32m  ✅ JWT authentication configured[39m
2025-11-13 19:10:37:1037 [32minfo[39m: [32m  ✅ CORS configured (2 origins)[39m
2025-11-13 19:10:37:1037 [32minfo[39m: [32m✅ Service configurations checked[39m
2025-11-13 19:10:37:1037 [32minfo[39m: [32m[39m
[32m━━━━━━━━━━━━━━━━━━━━━━━━━━━━━━━━━━━━━━━━━━━━━━━━━━━━━━━━━[39m
2025-11-13 19:10:37:1037 [32minfo[39m: [32mSTEP 4: System Information[39m
2025-11-13 19:10:37:1037 [32minfo[39m: [32m━━━━━━━━━━━━━━━━━━━━━━━━━━━━━━━━━━━━━━━━━━━━━━━━━━━━━━━━━[39m
2025-11-13 19:10:37:1037 [32minfo[39m: [32m📊 System Information:[39m
2025-11-13 19:10:37:1037 [32minfo[39m: [32m  • Node.js: v22.20.0[39m
2025-11-13 19:10:37:1037 [32minfo[39m: [32m  • Platform: linux[39m
2025-11-13 19:10:37:1037 [32minfo[39m: [32m  • Architecture: x64[39m
2025-11-13 19:10:37:1037 [32minfo[39m: [32m  • Memory: 41MB[39m
2025-11-13 19:10:37:1037 [32minfo[39m: [32m  • Environment: development[39m
2025-11-13 19:10:37:1037 [32minfo[39m: [32m  • Port: 3000[39m
2025-11-13 19:10:37:1037 [32minfo[39m: [32m[39m
[32m━━━━━━━━━━━━━━━━━━━━━━━━━━━━━━━━━━━━━━━━━━━━━━━━━━━━━━━━━[39m
2025-11-13 19:10:37:1037 [32minfo[39m: [32mSTEP 5: Starting HTTP Server[39m
2025-11-13 19:10:37:1037 [32minfo[39m: [32m━━━━━━━━━━━━━━━━━━━━━━━━━━━━━━━━━━━━━━━━━━━━━━━━━━━━━━━━━[39m
2025-11-13 19:10:38:1038 [32minfo[39m: [32m[39m
[32m🚀 Server started successfully![39m
2025-11-13 19:10:38:1038 [32minfo[39m: [32m[39m
[32m📍 Endpoints:[39m
2025-11-13 19:10:38:1038 [32minfo[39m: [32m   • Health Check: http://localhost:3000/health[39m
2025-11-13 19:10:38:1038 [32minfo[39m: [32m   • API Info:     http://localhost:3000/api[39m
2025-11-13 19:10:38:1038 [32minfo[39m: [32m   • API Base:     http://localhost:3000/api/*[39m
2025-11-13 19:10:38:1038 [32minfo[39m: [32m[39m
[32m🔧 Services Status:[39m
2025-11-13 19:10:38:1038 [32minfo[39m: [32m   • Database:     ✅ Connected[39m
2025-11-13 19:10:38:1038 [32minfo[39m: [32m   • Cache:        ✅ Connected[39m
2025-11-13 19:10:38:1038 [32minfo[39m: [32m   • Analytics:    ✅ Connected[39m
2025-11-13 19:10:38:1038 [32minfo[39m: [32m[39m
[32m━━━━━━━━━━━━━━━━━━━━━━━━━━━━━━━━━━━━━━━━━━━━━━━━━━━━━━━━━[39m
2025-11-13 19:10:38:1038 [32minfo[39m: [32m✅ FreeTune Backend is ready to serve requests![39m
2025-11-13 19:10:38:1038 [32minfo[39m: [32m━━━━━━━━━━━━━━━━━━━━━━━━━━━━━━━━━━━━━━━━━━━━━━━━━━━━━━━━━[39m
[32m[39m
2025-11-13 19:15:43:1543 [32minfo[39m: [32m━━━━━━━━━━━━━━━━━━━━━━━━━━━━━━━━━━━━━━━━━━━━━━━━━━━━━━━━━[39m
2025-11-13 19:15:43:1543 [32minfo[39m: [32mSTEP 1: Environment Validation[39m
2025-11-13 19:15:43:1543 [32minfo[39m: [32m━━━━━━━━━━━━━━━━━━━━━━━━━━━━━━━━━━━━━━━━━━━━━━━━━━━━━━━━━[39m
2025-11-13 19:15:43:1543 [32minfo[39m: [32m🔍 Validating environment variables...[39m
2025-11-13 19:15:43:1543 [32minfo[39m: [32m✅ Environment variables validated[39m
2025-11-13 19:15:43:1543 [32minfo[39m: [32m[39m
[32m━━━━━━━━━━━━━━━━━━━━━━━━━━━━━━━━━━━━━━━━━━━━━━━━━━━━━━━━━[39m
2025-11-13 19:15:43:1543 [32minfo[39m: [32mSTEP 2: Database Connections[39m
2025-11-13 19:15:43:1543 [32minfo[39m: [32m━━━━━━━━━━━━━━━━━━━━━━━━━━━━━━━━━━━━━━━━━━━━━━━━━━━━━━━━━[39m
2025-11-13 19:15:43:1543 [32minfo[39m: [32m🔌 Checking database connections...[39m
2025-11-13 19:15:44:1544 [32minfo[39m: [32mSupabase client initialized[39m
2025-11-13 19:15:45:1545 [32minfo[39m: [32m  ✅ Supabase (PostgreSQL) connected[39m
2025-11-13 19:15:45:1545 [32minfo[39m: [32mUpstash Redis initialized[39m
2025-11-13 19:15:47:1547 [32minfo[39m: [32m  ✅ Redis (Upstash) connected[39m
2025-11-13 19:15:48:1548 [32minfo[39m: [32mMongoose (MongoDB) connected successfully[39m
2025-11-13 19:15:48:1548 [32minfo[39m: [32m  ✅ MongoDB (Mongoose) connected[39m
2025-11-13 19:15:48:1548 [32minfo[39m: [32m[39m
[32m━━━━━━━━━━━━━━━━━━━━━━━━━━━━━━━━━━━━━━━━━━━━━━━━━━━━━━━━━[39m
2025-11-13 19:15:48:1548 [32minfo[39m: [32mSTEP 3: Service Configuration[39m
2025-11-13 19:15:48:1548 [32minfo[39m: [32m━━━━━━━━━━━━━━━━━━━━━━━━━━━━━━━━━━━━━━━━━━━━━━━━━━━━━━━━━[39m
2025-11-13 19:15:48:1548 [32minfo[39m: [32m🔧 Checking service configurations...[39m
2025-11-13 19:15:48:1548 [32minfo[39m: [32m  ✅ Cloudflare R2 configured[39m
2025-11-13 19:15:48:1548 [32minfo[39m: [32m  ✅ JWT authentication configured[39m
2025-11-13 19:15:48:1548 [32minfo[39m: [32m  ✅ CORS configured (2 origins)[39m
2025-11-13 19:15:48:1548 [32minfo[39m: [32m✅ Service configurations checked[39m
2025-11-13 19:15:48:1548 [32minfo[39m: [32m[39m
[32m━━━━━━━━━━━━━━━━━━━━━━━━━━━━━━━━━━━━━━━━━━━━━━━━━━━━━━━━━[39m
2025-11-13 19:15:48:1548 [32minfo[39m: [32mSTEP 4: System Information[39m
2025-11-13 19:15:48:1548 [32minfo[39m: [32m━━━━━━━━━━━━━━━━━━━━━━━━━━━━━━━━━━━━━━━━━━━━━━━━━━━━━━━━━[39m
2025-11-13 19:15:48:1548 [32minfo[39m: [32m📊 System Information:[39m
2025-11-13 19:15:48:1548 [32minfo[39m: [32m  • Node.js: v22.20.0[39m
2025-11-13 19:15:48:1548 [32minfo[39m: [32m  • Platform: linux[39m
2025-11-13 19:15:48:1548 [32minfo[39m: [32m  • Architecture: x64[39m
2025-11-13 19:15:48:1548 [32minfo[39m: [32m  • Memory: 41MB[39m
2025-11-13 19:15:48:1548 [32minfo[39m: [32m  • Environment: development[39m
2025-11-13 19:15:48:1548 [32minfo[39m: [32m  • Port: 3000[39m
2025-11-13 19:15:48:1548 [32minfo[39m: [32m[39m
[32m━━━━━━━━━━━━━━━━━━━━━━━━━━━━━━━━━━━━━━━━━━━━━━━━━━━━━━━━━[39m
2025-11-13 19:15:48:1548 [32minfo[39m: [32mSTEP 5: Starting HTTP Server[39m
2025-11-13 19:15:48:1548 [32minfo[39m: [32m━━━━━━━━━━━━━━━━━━━━━━━━━━━━━━━━━━━━━━━━━━━━━━━━━━━━━━━━━[39m
2025-11-13 19:15:48:1548 [32minfo[39m: [32m[39m
[32m🚀 Server started successfully![39m
2025-11-13 19:15:48:1548 [32minfo[39m: [32m[39m
[32m📍 Endpoints:[39m
2025-11-13 19:15:48:1548 [32minfo[39m: [32m   • Health Check: http://localhost:3000/health[39m
2025-11-13 19:15:48:1548 [32minfo[39m: [32m   • API Info:     http://localhost:3000/api[39m
2025-11-13 19:15:48:1548 [32minfo[39m: [32m   • API Base:     http://localhost:3000/api/*[39m
2025-11-13 19:15:48:1548 [32minfo[39m: [32m[39m
[32m🔧 Services Status:[39m
2025-11-13 19:15:48:1548 [32minfo[39m: [32m   • Database:     ✅ Connected[39m
2025-11-13 19:15:48:1548 [32minfo[39m: [32m   • Cache:        ✅ Connected[39m
2025-11-13 19:15:48:1548 [32minfo[39m: [32m   • Analytics:    ✅ Connected[39m
2025-11-13 19:15:48:1548 [32minfo[39m: [32m[39m
[32m━━━━━━━━━━━━━━━━━━━━━━━━━━━━━━━━━━━━━━━━━━━━━━━━━━━━━━━━━[39m
2025-11-13 19:15:48:1548 [32minfo[39m: [32m✅ FreeTune Backend is ready to serve requests![39m
2025-11-13 19:15:48:1548 [32minfo[39m: [32m━━━━━━━━━━━━━━━━━━━━━━━━━━━━━━━━━━━━━━━━━━━━━━━━━━━━━━━━━[39m
[32m[39m
2025-11-13 19:21:40:2140 [32minfo[39m: [32m━━━━━━━━━━━━━━━━━━━━━━━━━━━━━━━━━━━━━━━━━━━━━━━━━━━━━━━━━[39m
2025-11-13 19:21:40:2140 [32minfo[39m: [32mSTEP 1: Environment Validation[39m
2025-11-13 19:21:40:2140 [32minfo[39m: [32m━━━━━━━━━━━━━━━━━━━━━━━━━━━━━━━━━━━━━━━━━━━━━━━━━━━━━━━━━[39m
2025-11-13 19:21:40:2140 [32minfo[39m: [32m🔍 Validating environment variables...[39m
2025-11-13 19:21:40:2140 [32minfo[39m: [32m✅ Environment variables validated[39m
2025-11-13 19:21:40:2140 [32minfo[39m: [32m[39m
[32m━━━━━━━━━━━━━━━━━━━━━━━━━━━━━━━━━━━━━━━━━━━━━━━━━━━━━━━━━[39m
2025-11-13 19:21:40:2140 [32minfo[39m: [32mSTEP 2: Database Connections[39m
2025-11-13 19:21:40:2140 [32minfo[39m: [32m━━━━━━━━━━━━━━━━━━━━━━━━━━━━━━━━━━━━━━━━━━━━━━━━━━━━━━━━━[39m
2025-11-13 19:21:40:2140 [32minfo[39m: [32m🔌 Checking database connections...[39m
2025-11-13 19:21:40:2140 [32minfo[39m: [32mSupabase client initialized[39m
2025-11-13 19:21:45:2145 [32minfo[39m: [32m  ✅ Supabase (PostgreSQL) connected[39m
2025-11-13 19:21:45:2145 [32minfo[39m: [32mUpstash Redis initialized[39m
2025-11-13 19:21:45:2145 [32minfo[39m: [32m  ✅ Redis (Upstash) connected[39m
2025-11-13 19:21:50:2150 [31merror[39m: [31mMongoose connection error: Could not connect to any servers in your MongoDB Atlas cluster. One common reason is that you're trying to access the database from an IP that isn't whitelisted. Make sure your current IP address is on your Atlas cluster's IP whitelist: https://www.mongodb.com/docs/atlas/security-whitelist/[39m
2025-11-13 19:21:50:2150 [33mwarn[39m: [33m  ⚠️  MongoDB not configured (analytics disabled)[39m
2025-11-13 19:21:50:2150 [32minfo[39m: [32m[39m
[32m━━━━━━━━━━━━━━━━━━━━━━━━━━━━━━━━━━━━━━━━━━━━━━━━━━━━━━━━━[39m
2025-11-13 19:21:50:2150 [32minfo[39m: [32mSTEP 3: Service Configuration[39m
2025-11-13 19:21:50:2150 [32minfo[39m: [32m━━━━━━━━━━━━━━━━━━━━━━━━━━━━━━━━━━━━━━━━━━━━━━━━━━━━━━━━━[39m
2025-11-13 19:21:50:2150 [32minfo[39m: [32m🔧 Checking service configurations...[39m
2025-11-13 19:21:50:2150 [32minfo[39m: [32m  ✅ Cloudflare R2 configured[39m
2025-11-13 19:21:50:2150 [32minfo[39m: [32m  ✅ JWT authentication configured[39m
2025-11-13 19:21:50:2150 [32minfo[39m: [32m  ✅ CORS configured (2 origins)[39m
2025-11-13 19:21:50:2150 [32minfo[39m: [32m✅ Service configurations checked[39m
2025-11-13 19:21:50:2150 [32minfo[39m: [32m[39m
[32m━━━━━━━━━━━━━━━━━━━━━━━━━━━━━━━━━━━━━━━━━━━━━━━━━━━━━━━━━[39m
2025-11-13 19:21:50:2150 [32minfo[39m: [32mSTEP 4: System Information[39m
2025-11-13 19:21:50:2150 [32minfo[39m: [32m━━━━━━━━━━━━━━━━━━━━━━━━━━━━━━━━━━━━━━━━━━━━━━━━━━━━━━━━━[39m
2025-11-13 19:21:50:2150 [32minfo[39m: [32m📊 System Information:[39m
2025-11-13 19:21:50:2150 [32minfo[39m: [32m  • Node.js: v22.20.0[39m
2025-11-13 19:21:50:2150 [32minfo[39m: [32m  • Platform: linux[39m
2025-11-13 19:21:50:2150 [32minfo[39m: [32m  • Architecture: x64[39m
2025-11-13 19:21:50:2150 [32minfo[39m: [32m  • Memory: 27MB[39m
2025-11-13 19:21:50:2150 [32minfo[39m: [32m  • Environment: development[39m
2025-11-13 19:21:50:2150 [32minfo[39m: [32m  • Port: 3000[39m
2025-11-13 19:21:50:2150 [32minfo[39m: [32m[39m
[32m━━━━━━━━━━━━━━━━━━━━━━━━━━━━━━━━━━━━━━━━━━━━━━━━━━━━━━━━━[39m
2025-11-13 19:21:50:2150 [32minfo[39m: [32mSTEP 5: Starting HTTP Server[39m
2025-11-13 19:21:50:2150 [32minfo[39m: [32m━━━━━━━━━━━━━━━━━━━━━━━━━━━━━━━━━━━━━━━━━━━━━━━━━━━━━━━━━[39m
2025-11-13 19:21:50:2150 [32minfo[39m: [32m[39m
[32m🚀 Server started successfully![39m
2025-11-13 19:21:50:2150 [32minfo[39m: [32m[39m
[32m📍 Endpoints:[39m
2025-11-13 19:21:50:2150 [32minfo[39m: [32m   • Health Check: http://localhost:3000/health[39m
2025-11-13 19:21:50:2150 [32minfo[39m: [32m   • API Info:     http://localhost:3000/api[39m
2025-11-13 19:21:50:2150 [32minfo[39m: [32m   • API Base:     http://localhost:3000/api/*[39m
2025-11-13 19:21:50:2150 [32minfo[39m: [32m[39m
[32m🔧 Services Status:[39m
2025-11-13 19:21:50:2150 [32minfo[39m: [32m   • Database:     ✅ Connected[39m
2025-11-13 19:21:50:2150 [32minfo[39m: [32m   • Cache:        ✅ Connected[39m
2025-11-13 19:21:50:2150 [32minfo[39m: [32m   • Analytics:    ⚠️  Disabled[39m
2025-11-13 19:21:50:2150 [32minfo[39m: [32m[39m
[32m━━━━━━━━━━━━━━━━━━━━━━━━━━━━━━━━━━━━━━━━━━━━━━━━━━━━━━━━━[39m
2025-11-13 19:21:50:2150 [32minfo[39m: [32m✅ FreeTune Backend is ready to serve requests![39m
2025-11-13 19:21:50:2150 [32minfo[39m: [32m━━━━━━━━━━━━━━━━━━━━━━━━━━━━━━━━━━━━━━━━━━━━━━━━━━━━━━━━━[39m
[32m[39m
2025-11-13 19:22:25:2225 [32minfo[39m: [32m━━━━━━━━━━━━━━━━━━━━━━━━━━━━━━━━━━━━━━━━━━━━━━━━━━━━━━━━━[39m
2025-11-13 19:22:25:2225 [32minfo[39m: [32mSTEP 1: Environment Validation[39m
2025-11-13 19:22:25:2225 [32minfo[39m: [32m━━━━━━━━━━━━━━━━━━━━━━━━━━━━━━━━━━━━━━━━━━━━━━━━━━━━━━━━━[39m
2025-11-13 19:22:25:2225 [32minfo[39m: [32m🔍 Validating environment variables...[39m
2025-11-13 19:22:25:2225 [32minfo[39m: [32m✅ Environment variables validated[39m
2025-11-13 19:22:25:2225 [32minfo[39m: [32m[39m
[32m━━━━━━━━━━━━━━━━━━━━━━━━━━━━━━━━━━━━━━━━━━━━━━━━━━━━━━━━━[39m
2025-11-13 19:22:25:2225 [32minfo[39m: [32mSTEP 2: Database Connections[39m
2025-11-13 19:22:25:2225 [32minfo[39m: [32m━━━━━━━━━━━━━━━━━━━━━━━━━━━━━━━━━━━━━━━━━━━━━━━━━━━━━━━━━[39m
2025-11-13 19:22:25:2225 [32minfo[39m: [32m🔌 Checking database connections...[39m
2025-11-13 19:22:25:2225 [32minfo[39m: [32mSupabase client initialized[39m
2025-11-13 19:22:36:2236 [31merror[39m: [31m  ❌ Supabase connection failed:[39m
2025-11-13 19:22:43:2243 [32minfo[39m: [32m━━━━━━━━━━━━━━━━━━━━━━━━━━━━━━━━━━━━━━━━━━━━━━━━━━━━━━━━━[39m
2025-11-13 19:22:43:2243 [32minfo[39m: [32mSTEP 1: Environment Validation[39m
2025-11-13 19:22:43:2243 [32minfo[39m: [32m━━━━━━━━━━━━━━━━━━━━━━━━━━━━━━━━━━━━━━━━━━━━━━━━━━━━━━━━━[39m
2025-11-13 19:22:43:2243 [32minfo[39m: [32m🔍 Validating environment variables...[39m
2025-11-13 19:22:43:2243 [32minfo[39m: [32m✅ Environment variables validated[39m
2025-11-13 19:22:43:2243 [32minfo[39m: [32m[39m
[32m━━━━━━━━━━━━━━━━━━━━━━━━━━━━━━━━━━━━━━━━━━━━━━━━━━━━━━━━━[39m
2025-11-13 19:22:43:2243 [32minfo[39m: [32mSTEP 2: Database Connections[39m
2025-11-13 19:22:43:2243 [32minfo[39m: [32m━━━━━━━━━━━━━━━━━━━━━━━━━━━━━━━━━━━━━━━━━━━━━━━━━━━━━━━━━[39m
2025-11-13 19:22:43:2243 [32minfo[39m: [32m🔌 Checking database connections...[39m
2025-11-13 19:22:43:2243 [32minfo[39m: [32mSupabase client initialized[39m
2025-11-13 19:22:46:2246 [32minfo[39m: [32m  ✅ Supabase (PostgreSQL) connected[39m
2025-11-13 19:22:46:2246 [32minfo[39m: [32mUpstash Redis initialized[39m
2025-11-13 19:22:48:2248 [32minfo[39m: [32m  ✅ Redis (Upstash) connected[39m
2025-11-13 19:22:52:2252 [32minfo[39m: [32mSupabase admin client initialized[39m
2025-11-13 19:22:52:2252 [32minfo[39m: [32mAttempting to insert test songs...[39m
2025-11-13 19:22:53:2253 [31merror[39m: [31mError inserting song Song Title 1: Could not find the 'available_qualities' column of 'songs' in the schema cache[39m
2025-11-13 19:22:53:2253 [31merror[39m: [31mError inserting song Song Title 2: Could not find the 'available_qualities' column of 'songs' in the schema cache[39m
2025-11-13 19:22:53:2253 [31merror[39m: [31mError inserting song Song Title 3: Could not find the 'available_qualities' column of 'songs' in the schema cache[39m
2025-11-13 19:22:53:2253 [32minfo[39m: [32mTest song insertion process completed.[39m
2025-11-13 19:22:59:2259 [31merror[39m: [31mMongoose connection error: Server selection timed out after 5000 ms[39m
2025-11-13 19:22:59:2259 [33mwarn[39m: [33m  ⚠️  MongoDB not configured (analytics disabled)[39m
2025-11-13 19:22:59:2259 [32minfo[39m: [32m[39m
[32m━━━━━━━━━━━━━━━━━━━━━━━━━━━━━━━━━━━━━━━━━━━━━━━━━━━━━━━━━[39m
2025-11-13 19:22:59:2259 [32minfo[39m: [32mSTEP 3: Service Configuration[39m
2025-11-13 19:22:59:2259 [32minfo[39m: [32m━━━━━━━━━━━━━━━━━━━━━━━━━━━━━━━━━━━━━━━━━━━━━━━━━━━━━━━━━[39m
2025-11-13 19:22:59:2259 [32minfo[39m: [32m🔧 Checking service configurations...[39m
2025-11-13 19:22:59:2259 [32minfo[39m: [32m  ✅ Cloudflare R2 configured[39m
2025-11-13 19:22:59:2259 [32minfo[39m: [32m  ✅ JWT authentication configured[39m
2025-11-13 19:22:59:2259 [32minfo[39m: [32m  ✅ CORS configured (2 origins)[39m
2025-11-13 19:22:59:2259 [32minfo[39m: [32m✅ Service configurations checked[39m
2025-11-13 19:22:59:2259 [32minfo[39m: [32m[39m
[32m━━━━━━━━━━━━━━━━━━━━━━━━━━━━━━━━━━━━━━━━━━━━━━━━━━━━━━━━━[39m
2025-11-13 19:22:59:2259 [32minfo[39m: [32mSTEP 4: System Information[39m
2025-11-13 19:22:59:2259 [32minfo[39m: [32m━━━━━━━━━━━━━━━━━━━━━━━━━━━━━━━━━━━━━━━━━━━━━━━━━━━━━━━━━[39m
2025-11-13 19:22:59:2259 [32minfo[39m: [32m📊 System Information:[39m
2025-11-13 19:22:59:2259 [32minfo[39m: [32m  • Node.js: v22.20.0[39m
2025-11-13 19:22:59:2259 [32minfo[39m: [32m  • Platform: linux[39m
2025-11-13 19:22:59:2259 [32minfo[39m: [32m  • Architecture: x64[39m
2025-11-13 19:22:59:2259 [32minfo[39m: [32m  • Memory: 27MB[39m
2025-11-13 19:22:59:2259 [32minfo[39m: [32m  • Environment: development[39m
2025-11-13 19:22:59:2259 [32minfo[39m: [32m  • Port: 3000[39m
2025-11-13 19:22:59:2259 [32minfo[39m: [32m[39m
[32m━━━━━━━━━━━━━━━━━━━━━━━━━━━━━━━━━━━━━━━━━━━━━━━━━━━━━━━━━[39m
2025-11-13 19:22:59:2259 [32minfo[39m: [32mSTEP 5: Starting HTTP Server[39m
2025-11-13 19:22:59:2259 [32minfo[39m: [32m━━━━━━━━━━━━━━━━━━━━━━━━━━━━━━━━━━━━━━━━━━━━━━━━━━━━━━━━━[39m
2025-11-13 19:22:59:2259 [32minfo[39m: [32m[39m
[32m🚀 Server started successfully![39m
2025-11-13 19:22:59:2259 [32minfo[39m: [32m[39m
[32m📍 Endpoints:[39m
2025-11-13 19:22:59:2259 [32minfo[39m: [32m   • Health Check: http://localhost:3000/health[39m
2025-11-13 19:22:59:2259 [32minfo[39m: [32m   • API Info:     http://localhost:3000/api[39m
2025-11-13 19:22:59:2259 [32minfo[39m: [32m   • API Base:     http://localhost:3000/api/*[39m
2025-11-13 19:22:59:2259 [32minfo[39m: [32m[39m
[32m🔧 Services Status:[39m
2025-11-13 19:22:59:2259 [32minfo[39m: [32m   • Database:     ✅ Connected[39m
2025-11-13 19:22:59:2259 [32minfo[39m: [32m   • Cache:        ✅ Connected[39m
2025-11-13 19:22:59:2259 [32minfo[39m: [32m   • Analytics:    ⚠️  Disabled[39m
2025-11-13 19:22:59:2259 [32minfo[39m: [32m[39m
[32m━━━━━━━━━━━━━━━━━━━━━━━━━━━━━━━━━━━━━━━━━━━━━━━━━━━━━━━━━[39m
2025-11-13 19:22:59:2259 [32minfo[39m: [32m✅ FreeTune Backend is ready to serve requests![39m
2025-11-13 19:22:59:2259 [32minfo[39m: [32m━━━━━━━━━━━━━━━━━━━━━━━━━━━━━━━━━━━━━━━━━━━━━━━━━━━━━━━━━[39m
[32m[39m
2025-11-13 19:23:23:2323 [32minfo[39m: [32m━━━━━━━━━━━━━━━━━━━━━━━━━━━━━━━━━━━━━━━━━━━━━━━━━━━━━━━━━[39m
2025-11-13 19:23:23:2323 [32minfo[39m: [32mSTEP 1: Environment Validation[39m
2025-11-13 19:23:23:2323 [32minfo[39m: [32m━━━━━━━━━━━━━━━━━━━━━━━━━━━━━━━━━━━━━━━━━━━━━━━━━━━━━━━━━[39m
2025-11-13 19:23:23:2323 [32minfo[39m: [32m🔍 Validating environment variables...[39m
2025-11-13 19:23:23:2323 [32minfo[39m: [32m✅ Environment variables validated[39m
2025-11-13 19:23:23:2323 [32minfo[39m: [32m[39m
[32m━━━━━━━━━━━━━━━━━━━━━━━━━━━━━━━━━━━━━━━━━━━━━━━━━━━━━━━━━[39m
2025-11-13 19:23:23:2323 [32minfo[39m: [32mSTEP 2: Database Connections[39m
2025-11-13 19:23:23:2323 [32minfo[39m: [32m━━━━━━━━━━━━━━━━━━━━━━━━━━━━━━━━━━━━━━━━━━━━━━━━━━━━━━━━━[39m
2025-11-13 19:23:23:2323 [32minfo[39m: [32m🔌 Checking database connections...[39m
2025-11-13 19:23:23:2323 [32minfo[39m: [32mSupabase client initialized[39m
2025-11-13 19:23:29:2329 [32minfo[39m: [32m  ✅ Supabase (PostgreSQL) connected[39m
2025-11-13 19:23:29:2329 [32minfo[39m: [32mUpstash Redis initialized[39m
2025-11-13 19:23:32:2332 [32minfo[39m: [32mSupabase admin client initialized[39m
2025-11-13 19:23:32:2332 [32minfo[39m: [32mAttempting to insert test songs...[39m
2025-11-13 19:23:33:2333 [32minfo[39m: [32mSuccessfully inserted song: Song Title 1[39m
2025-11-13 19:23:35:2335 [32minfo[39m: [32mSuccessfully inserted song: Song Title 2[39m
2025-11-13 19:23:35:2335 [32minfo[39m: [32mSuccessfully inserted song: Song Title 3[39m
2025-11-13 19:23:35:2335 [32minfo[39m: [32mTest song insertion process completed.[39m
2025-11-13 19:23:43:2343 [32minfo[39m: [32m  ✅ Redis (Upstash) connected[39m
2025-11-13 19:23:50:2350 [32minfo[39m: [32mMongoose (MongoDB) connected successfully[39m
2025-11-13 19:23:50:2350 [32minfo[39m: [32m  ✅ MongoDB (Mongoose) connected[39m
2025-11-13 19:23:50:2350 [32minfo[39m: [32m[39m
[32m━━━━━━━━━━━━━━━━━━━━━━━━━━━━━━━━━━━━━━━━━━━━━━━━━━━━━━━━━[39m
2025-11-13 19:23:50:2350 [32minfo[39m: [32mSTEP 3: Service Configuration[39m
2025-11-13 19:23:50:2350 [32minfo[39m: [32m━━━━━━━━━━━━━━━━━━━━━━━━━━━━━━━━━━━━━━━━━━━━━━━━━━━━━━━━━[39m
2025-11-13 19:23:50:2350 [32minfo[39m: [32m🔧 Checking service configurations...[39m
2025-11-13 19:23:50:2350 [32minfo[39m: [32m  ✅ Cloudflare R2 configured[39m
2025-11-13 19:23:50:2350 [32minfo[39m: [32m  ✅ JWT authentication configured[39m
2025-11-13 19:23:50:2350 [32minfo[39m: [32m  ✅ CORS configured (2 origins)[39m
2025-11-13 19:23:50:2350 [32minfo[39m: [32m✅ Service configurations checked[39m
2025-11-13 19:23:50:2350 [32minfo[39m: [32m[39m
[32m━━━━━━━━━━━━━━━━━━━━━━━━━━━━━━━━━━━━━━━━━━━━━━━━━━━━━━━━━[39m
2025-11-13 19:23:50:2350 [32minfo[39m: [32mSTEP 4: System Information[39m
2025-11-13 19:23:50:2350 [32minfo[39m: [32m━━━━━━━━━━━━━━━━━━━━━━━━━━━━━━━━━━━━━━━━━━━━━━━━━━━━━━━━━[39m
2025-11-13 19:23:50:2350 [32minfo[39m: [32m📊 System Information:[39m
2025-11-13 19:23:50:2350 [32minfo[39m: [32m  • Node.js: v22.20.0[39m
2025-11-13 19:23:50:2350 [32minfo[39m: [32m  • Platform: linux[39m
2025-11-13 19:23:50:2350 [32minfo[39m: [32m  • Architecture: x64[39m
2025-11-13 19:23:50:2350 [32minfo[39m: [32m  • Memory: 28MB[39m
2025-11-13 19:23:50:2350 [32minfo[39m: [32m  • Environment: development[39m
2025-11-13 19:23:50:2350 [32minfo[39m: [32m  • Port: 3000[39m
2025-11-13 19:23:50:2350 [32minfo[39m: [32m[39m
[32m━━━━━━━━━━━━━━━━━━━━━━━━━━━━━━━━━━━━━━━━━━━━━━━━━━━━━━━━━[39m
2025-11-13 19:23:50:2350 [32minfo[39m: [32mSTEP 5: Starting HTTP Server[39m
2025-11-13 19:23:50:2350 [32minfo[39m: [32m━━━━━━━━━━━━━━━━━━━━━━━━━━━━━━━━━━━━━━━━━━━━━━━━━━━━━━━━━[39m
2025-11-13 19:23:50:2350 [32minfo[39m: [32m[39m
[32m🚀 Server started successfully![39m
2025-11-13 19:23:50:2350 [32minfo[39m: [32m[39m
[32m📍 Endpoints:[39m
2025-11-13 19:23:50:2350 [32minfo[39m: [32m   • Health Check: http://localhost:3000/health[39m
2025-11-13 19:23:50:2350 [32minfo[39m: [32m   • API Info:     http://localhost:3000/api[39m
2025-11-13 19:23:50:2350 [32minfo[39m: [32m   • API Base:     http://localhost:3000/api/*[39m
2025-11-13 19:23:50:2350 [32minfo[39m: [32m[39m
[32m🔧 Services Status:[39m
2025-11-13 19:23:50:2350 [32minfo[39m: [32m   • Database:     ✅ Connected[39m
2025-11-13 19:23:50:2350 [32minfo[39m: [32m   • Cache:        ✅ Connected[39m
2025-11-13 19:23:50:2350 [32minfo[39m: [32m   • Analytics:    ✅ Connected[39m
2025-11-13 19:23:50:2350 [32minfo[39m: [32m[39m
[32m━━━━━━━━━━━━━━━━━━━━━━━━━━━━━━━━━━━━━━━━━━━━━━━━━━━━━━━━━[39m
2025-11-13 19:23:50:2350 [32minfo[39m: [32m✅ FreeTune Backend is ready to serve requests![39m
2025-11-13 19:23:50:2350 [32minfo[39m: [32m━━━━━━━━━━━━━━━━━━━━━━━━━━━━━━━━━━━━━━━━━━━━━━━━━━━━━━━━━[39m
[32m[39m
2025-11-13 19:25:05:255 [32minfo[39m: [32m━━━━━━━━━━━━━━━━━━━━━━━━━━━━━━━━━━━━━━━━━━━━━━━━━━━━━━━━━[39m
2025-11-13 19:25:05:255 [32minfo[39m: [32mSTEP 1: Environment Validation[39m
2025-11-13 19:25:05:255 [32minfo[39m: [32m━━━━━━━━━━━━━━━━━━━━━━━━━━━━━━━━━━━━━━━━━━━━━━━━━━━━━━━━━[39m
2025-11-13 19:25:05:255 [32minfo[39m: [32m🔍 Validating environment variables...[39m
2025-11-13 19:25:05:255 [32minfo[39m: [32m✅ Environment variables validated[39m
2025-11-13 19:25:05:255 [32minfo[39m: [32m[39m
[32m━━━━━━━━━━━━━━━━━━━━━━━━━━━━━━━━━━━━━━━━━━━━━━━━━━━━━━━━━[39m
2025-11-13 19:25:05:255 [32minfo[39m: [32mSTEP 2: Database Connections[39m
2025-11-13 19:25:05:255 [32minfo[39m: [32m━━━━━━━━━━━━━━━━━━━━━━━━━━━━━━━━━━━━━━━━━━━━━━━━━━━━━━━━━[39m
2025-11-13 19:25:05:255 [32minfo[39m: [32m🔌 Checking database connections...[39m
2025-11-13 19:25:05:255 [32minfo[39m: [32mSupabase client initialized[39m
2025-11-13 19:25:11:2511 [32minfo[39m: [32m  ✅ Supabase (PostgreSQL) connected[39m
2025-11-13 19:25:11:2511 [32minfo[39m: [32mUpstash Redis initialized[39m
2025-11-13 19:25:12:2512 [32minfo[39m: [32m  ✅ Redis (Upstash) connected[39m
2025-11-13 19:25:17:2517 [31merror[39m: [31mMongoose connection error: Server selection timed out after 5000 ms[39m
2025-11-13 19:25:17:2517 [33mwarn[39m: [33m  ⚠️  MongoDB not configured (analytics disabled)[39m
2025-11-13 19:25:17:2517 [32minfo[39m: [32m[39m
[32m━━━━━━━━━━━━━━━━━━━━━━━━━━━━━━━━━━━━━━━━━━━━━━━━━━━━━━━━━[39m
2025-11-13 19:25:17:2517 [32minfo[39m: [32mSTEP 3: Service Configuration[39m
2025-11-13 19:25:17:2517 [32minfo[39m: [32m━━━━━━━━━━━━━━━━━━━━━━━━━━━━━━━━━━━━━━━━━━━━━━━━━━━━━━━━━[39m
2025-11-13 19:25:17:2517 [32minfo[39m: [32m🔧 Checking service configurations...[39m
2025-11-13 19:25:17:2517 [32minfo[39m: [32m  ✅ Cloudflare R2 configured[39m
2025-11-13 19:25:17:2517 [32minfo[39m: [32m  ✅ JWT authentication configured[39m
2025-11-13 19:25:17:2517 [32minfo[39m: [32m  ✅ CORS configured (2 origins)[39m
2025-11-13 19:25:17:2517 [32minfo[39m: [32m✅ Service configurations checked[39m
2025-11-13 19:25:17:2517 [32minfo[39m: [32m[39m
[32m━━━━━━━━━━━━━━━━━━━━━━━━━━━━━━━━━━━━━━━━━━━━━━━━━━━━━━━━━[39m
2025-11-13 19:25:17:2517 [32minfo[39m: [32mSTEP 4: System Information[39m
2025-11-13 19:25:17:2517 [32minfo[39m: [32m━━━━━━━━━━━━━━━━━━━━━━━━━━━━━━━━━━━━━━━━━━━━━━━━━━━━━━━━━[39m
2025-11-13 19:25:17:2517 [32minfo[39m: [32m📊 System Information:[39m
2025-11-13 19:25:17:2517 [32minfo[39m: [32m  • Node.js: v22.20.0[39m
2025-11-13 19:25:17:2517 [32minfo[39m: [32m  • Platform: linux[39m
2025-11-13 19:25:17:2517 [32minfo[39m: [32m  • Architecture: x64[39m
2025-11-13 19:25:17:2517 [32minfo[39m: [32m  • Memory: 28MB[39m
2025-11-13 19:25:17:2517 [32minfo[39m: [32m  • Environment: development[39m
2025-11-13 19:25:17:2517 [32minfo[39m: [32m  • Port: 3000[39m
2025-11-13 19:25:17:2517 [32minfo[39m: [32m[39m
[32m━━━━━━━━━━━━━━━━━━━━━━━━━━━━━━━━━━━━━━━━━━━━━━━━━━━━━━━━━[39m
2025-11-13 19:25:17:2517 [32minfo[39m: [32mSTEP 5: Starting HTTP Server[39m
2025-11-13 19:25:17:2517 [32minfo[39m: [32m━━━━━━━━━━━━━━━━━━━━━━━━━━━━━━━━━━━━━━━━━━━━━━━━━━━━━━━━━[39m
2025-11-13 19:25:17:2517 [32minfo[39m: [32m[39m
[32m🚀 Server started successfully![39m
2025-11-13 19:25:17:2517 [32minfo[39m: [32m[39m
[32m📍 Endpoints:[39m
2025-11-13 19:25:17:2517 [32minfo[39m: [32m   • Health Check: http://localhost:3000/health[39m
2025-11-13 19:25:17:2517 [32minfo[39m: [32m   • API Info:     http://localhost:3000/api[39m
2025-11-13 19:25:17:2517 [32minfo[39m: [32m   • API Base:     http://localhost:3000/api/*[39m
2025-11-13 19:25:17:2517 [32minfo[39m: [32m[39m
[32m🔧 Services Status:[39m
2025-11-13 19:25:17:2517 [32minfo[39m: [32m   • Database:     ✅ Connected[39m
2025-11-13 19:25:17:2517 [32minfo[39m: [32m   • Cache:        ✅ Connected[39m
2025-11-13 19:25:17:2517 [32minfo[39m: [32m   • Analytics:    ⚠️  Disabled[39m
2025-11-13 19:25:17:2517 [32minfo[39m: [32m[39m
[32m━━━━━━━━━━━━━━━━━━━━━━━━━━━━━━━━━━━━━━━━━━━━━━━━━━━━━━━━━[39m
2025-11-13 19:25:17:2517 [32minfo[39m: [32m✅ FreeTune Backend is ready to serve requests![39m
2025-11-13 19:25:17:2517 [32minfo[39m: [32m━━━━━━━━━━━━━━━━━━━━━━━━━━━━━━━━━━━━━━━━━━━━━━━━━━━━━━━━━[39m
[32m[39m
2025-11-13 19:32:01:321 [32minfo[39m: [32m━━━━━━━━━━━━━━━━━━━━━━━━━━━━━━━━━━━━━━━━━━━━━━━━━━━━━━━━━[39m
2025-11-13 19:32:01:321 [32minfo[39m: [32mSTEP 1: Environment Validation[39m
2025-11-13 19:32:01:321 [32minfo[39m: [32m━━━━━━━━━━━━━━━━━━━━━━━━━━━━━━━━━━━━━━━━━━━━━━━━━━━━━━━━━[39m
2025-11-13 19:32:01:321 [32minfo[39m: [32m🔍 Validating environment variables...[39m
2025-11-13 19:32:01:321 [32minfo[39m: [32m✅ Environment variables validated[39m
2025-11-13 19:32:01:321 [32minfo[39m: [32m[39m
[32m━━━━━━━━━━━━━━━━━━━━━━━━━━━━━━━━━━━━━━━━━━━━━━━━━━━━━━━━━[39m
2025-11-13 19:32:01:321 [32minfo[39m: [32mSTEP 2: Database Connections[39m
2025-11-13 19:32:01:321 [32minfo[39m: [32m━━━━━━━━━━━━━━━━━━━━━━━━━━━━━━━━━━━━━━━━━━━━━━━━━━━━━━━━━[39m
2025-11-13 19:32:01:321 [32minfo[39m: [32m🔌 Checking database connections...[39m
2025-11-13 19:32:01:321 [32minfo[39m: [32mSupabase client initialized[39m
2025-11-13 19:32:08:328 [32minfo[39m: [32m  ✅ Supabase (PostgreSQL) connected[39m
2025-11-13 19:32:08:328 [32minfo[39m: [32mUpstash Redis initialized[39m
2025-11-13 19:32:08:328 [32minfo[39m: [32m  ✅ Redis (Upstash) connected[39m
2025-11-13 19:32:10:3210 [32minfo[39m: [32mMongoose (MongoDB) connected successfully[39m
2025-11-13 19:32:10:3210 [32minfo[39m: [32m  ✅ MongoDB (Mongoose) connected[39m
2025-11-13 19:32:10:3210 [32minfo[39m: [32m[39m
[32m━━━━━━━━━━━━━━━━━━━━━━━━━━━━━━━━━━━━━━━━━━━━━━━━━━━━━━━━━[39m
2025-11-13 19:32:10:3210 [32minfo[39m: [32mSTEP 3: Service Configuration[39m
2025-11-13 19:32:10:3210 [32minfo[39m: [32m━━━━━━━━━━━━━━━━━━━━━━━━━━━━━━━━━━━━━━━━━━━━━━━━━━━━━━━━━[39m
2025-11-13 19:32:10:3210 [32minfo[39m: [32m🔧 Checking service configurations...[39m
2025-11-13 19:32:10:3210 [32minfo[39m: [32m  ✅ Cloudflare R2 configured[39m
2025-11-13 19:32:10:3210 [32minfo[39m: [32m  ✅ JWT authentication configured[39m
2025-11-13 19:32:10:3210 [32minfo[39m: [32m  ✅ CORS configured (2 origins)[39m
2025-11-13 19:32:10:3210 [32minfo[39m: [32m✅ Service configurations checked[39m
2025-11-13 19:32:10:3210 [32minfo[39m: [32m[39m
[32m━━━━━━━━━━━━━━━━━━━━━━━━━━━━━━━━━━━━━━━━━━━━━━━━━━━━━━━━━[39m
2025-11-13 19:32:10:3210 [32minfo[39m: [32mSTEP 4: System Information[39m
2025-11-13 19:32:10:3210 [32minfo[39m: [32m━━━━━━━━━━━━━━━━━━━━━━━━━━━━━━━━━━━━━━━━━━━━━━━━━━━━━━━━━[39m
2025-11-13 19:32:10:3210 [32minfo[39m: [32m📊 System Information:[39m
2025-11-13 19:32:10:3210 [32minfo[39m: [32m  • Node.js: v22.20.0[39m
2025-11-13 19:32:10:3210 [32minfo[39m: [32m  • Platform: linux[39m
2025-11-13 19:32:10:3210 [32minfo[39m: [32m  • Architecture: x64[39m
2025-11-13 19:32:10:3210 [32minfo[39m: [32m  • Memory: 41MB[39m
2025-11-13 19:32:10:3210 [32minfo[39m: [32m  • Environment: development[39m
2025-11-13 19:32:10:3210 [32minfo[39m: [32m  • Port: 3000[39m
2025-11-13 19:32:10:3210 [32minfo[39m: [32m[39m
[32m━━━━━━━━━━━━━━━━━━━━━━━━━━━━━━━━━━━━━━━━━━━━━━━━━━━━━━━━━[39m
2025-11-13 19:32:10:3210 [32minfo[39m: [32mSTEP 5: Starting HTTP Server[39m
2025-11-13 19:32:10:3210 [32minfo[39m: [32m━━━━━━━━━━━━━━━━━━━━━━━━━━━━━━━━━━━━━━━━━━━━━━━━━━━━━━━━━[39m
2025-11-13 19:32:10:3210 [32minfo[39m: [32m[39m
[32m🚀 Server started successfully![39m
2025-11-13 19:32:10:3210 [32minfo[39m: [32m[39m
[32m📍 Endpoints:[39m
2025-11-13 19:32:10:3210 [32minfo[39m: [32m   • Health Check: http://localhost:3000/health[39m
2025-11-13 19:32:10:3210 [32minfo[39m: [32m   • API Info:     http://localhost:3000/api[39m
2025-11-13 19:32:10:3210 [32minfo[39m: [32m   • API Base:     http://localhost:3000/api/*[39m
2025-11-13 19:32:10:3210 [32minfo[39m: [32m[39m
[32m🔧 Services Status:[39m
2025-11-13 19:32:10:3210 [32minfo[39m: [32m   • Database:     ✅ Connected[39m
2025-11-13 19:32:10:3210 [32minfo[39m: [32m   • Cache:        ✅ Connected[39m
2025-11-13 19:32:10:3210 [32minfo[39m: [32m   • Analytics:    ✅ Connected[39m
2025-11-13 19:32:10:3210 [32minfo[39m: [32m[39m
[32m━━━━━━━━━━━━━━━━━━━━━━━━━━━━━━━━━━━━━━━━━━━━━━━━━━━━━━━━━[39m
2025-11-13 19:32:10:3210 [32minfo[39m: [32m✅ FreeTune Backend is ready to serve requests![39m
2025-11-13 19:32:10:3210 [32minfo[39m: [32m━━━━━━━━━━━━━━━━━━━━━━━━━━━━━━━━━━━━━━━━━━━━━━━━━━━━━━━━━[39m
[32m[39m
2025-11-15 17:31:52:3152 [32minfo[39m: [32m━━━━━━━━━━━━━━━━━━━━━━━━━━━━━━━━━━━━━━━━━━━━━━━━━━━━━━━━━[39m
2025-11-15 17:31:52:3152 [32minfo[39m: [32mSTEP 1: Environment Validation[39m
2025-11-15 17:31:52:3152 [32minfo[39m: [32m━━━━━━━━━━━━━━━━━━━━━━━━━━━━━━━━━━━━━━━━━━━━━━━━━━━━━━━━━[39m
2025-11-15 17:31:52:3152 [32minfo[39m: [32m🔍 Validating environment variables...[39m
2025-11-15 17:31:52:3152 [32minfo[39m: [32m✅ Environment variables validated[39m
2025-11-15 17:31:52:3152 [32minfo[39m: [32m[39m
[32m━━━━━━━━━━━━━━━━━━━━━━━━━━━━━━━━━━━━━━━━━━━━━━━━━━━━━━━━━[39m
2025-11-15 17:31:52:3152 [32minfo[39m: [32mSTEP 2: Database Connections[39m
2025-11-15 17:31:52:3152 [32minfo[39m: [32m━━━━━━━━━━━━━━━━━━━━━━━━━━━━━━━━━━━━━━━━━━━━━━━━━━━━━━━━━[39m
2025-11-15 17:31:52:3152 [32minfo[39m: [32m🔌 Checking database connections...[39m
2025-11-15 17:31:52:3152 [32minfo[39m: [32mSupabase client initialized[39m
2025-11-15 17:31:59:3159 [32minfo[39m: [32m  ✅ Supabase (PostgreSQL) connected[39m
2025-11-15 17:31:59:3159 [32minfo[39m: [32mUpstash Redis initialized[39m
2025-11-15 17:31:59:3159 [32minfo[39m: [32m  ✅ Redis (Upstash) connected[39m
2025-11-15 17:32:04:324 [31merror[39m: [31mMongoose connection error: Server selection timed out after 5000 ms[39m
2025-11-15 17:32:04:324 [31merror[39m: [31m  ❌ MongoDB (Mongoose) URI set but connection failed[39m
2025-11-15 17:32:04:324 [32minfo[39m: [32m[39m
[32m━━━━━━━━━━━━━━━━━━━━━━━━━━━━━━━━━━━━━━━━━━━━━━━━━━━━━━━━━[39m
2025-11-15 17:32:04:324 [32minfo[39m: [32mSTEP 3: Service Configuration[39m
2025-11-15 17:32:04:324 [32minfo[39m: [32m━━━━━━━━━━━━━━━━━━━━━━━━━━━━━━━━━━━━━━━━━━━━━━━━━━━━━━━━━[39m
2025-11-15 17:32:04:324 [32minfo[39m: [32m🔧 Checking service configurations...[39m
2025-11-15 17:32:04:324 [32minfo[39m: [32m  ✅ Cloudflare R2 configured[39m
2025-11-15 17:32:04:324 [32minfo[39m: [32m  ✅ JWT authentication configured[39m
2025-11-15 17:32:04:324 [32minfo[39m: [32m  ✅ CORS configured (2 origins)[39m
2025-11-15 17:32:04:324 [32minfo[39m: [32m✅ Service configurations checked[39m
2025-11-15 17:32:04:324 [32minfo[39m: [32m[39m
[32m━━━━━━━━━━━━━━━━━━━━━━━━━━━━━━━━━━━━━━━━━━━━━━━━━━━━━━━━━[39m
2025-11-15 17:32:04:324 [32minfo[39m: [32mSTEP 4: System Information[39m
2025-11-15 17:32:04:324 [32minfo[39m: [32m━━━━━━━━━━━━━━━━━━━━━━━━━━━━━━━━━━━━━━━━━━━━━━━━━━━━━━━━━[39m
2025-11-15 17:32:04:324 [32minfo[39m: [32m📊 System Information:[39m
2025-11-15 17:32:04:324 [32minfo[39m: [32m  • Node.js: v22.20.0[39m
2025-11-15 17:32:04:324 [32minfo[39m: [32m  • Platform: linux[39m
2025-11-15 17:32:04:324 [32minfo[39m: [32m  • Architecture: x64[39m
2025-11-15 17:32:04:324 [32minfo[39m: [32m  • Memory: 64MB[39m
2025-11-15 17:32:04:324 [32minfo[39m: [32m  • Environment: development[39m
2025-11-15 17:32:04:324 [32minfo[39m: [32m  • Port: 3000[39m
2025-11-15 17:32:04:324 [32minfo[39m: [32m[39m
[32m━━━━━━━━━━━━━━━━━━━━━━━━━━━━━━━━━━━━━━━━━━━━━━━━━━━━━━━━━[39m
2025-11-15 17:32:04:324 [32minfo[39m: [32mSTEP 5: Starting HTTP Server[39m
2025-11-15 17:32:04:324 [32minfo[39m: [32m━━━━━━━━━━━━━━━━━━━━━━━━━━━━━━━━━━━━━━━━━━━━━━━━━━━━━━━━━[39m
2025-11-15 17:32:04:324 [32minfo[39m: [32m[39m
[32m🚀 Server started successfully![39m
2025-11-15 17:32:04:324 [32minfo[39m: [32m[39m
[32m📍 Endpoints:[39m
2025-11-15 17:32:04:324 [32minfo[39m: [32m   • Health Check: http://localhost:3000/health[39m
2025-11-15 17:32:04:324 [32minfo[39m: [32m   • API Info:     http://localhost:3000/api[39m
2025-11-15 17:32:04:324 [32minfo[39m: [32m   • API Base:     http://localhost:3000/api/*[39m
2025-11-15 17:32:04:324 [32minfo[39m: [32m[39m
[32m🔧 Services Status:[39m
2025-11-15 17:32:04:324 [32minfo[39m: [32m   • Database:     ✅ Connected[39m
2025-11-15 17:32:04:324 [32minfo[39m: [32m   • Cache:        ✅ Connected[39m
2025-11-15 17:32:04:324 [32minfo[39m: [32m   • Analytics:    ⚠️  Disabled[39m
2025-11-15 17:32:04:324 [32minfo[39m: [32m[39m
[32m━━━━━━━━━━━━━━━━━━━━━━━━━━━━━━━━━━━━━━━━━━━━━━━━━━━━━━━━━[39m
2025-11-15 17:32:04:324 [32minfo[39m: [32m✅ FreeTune Backend is ready to serve requests![39m
2025-11-15 17:32:04:324 [32minfo[39m: [32m━━━━━━━━━━━━━━━━━━━━━━━━━━━━━━━━━━━━━━━━━━━━━━━━━━━━━━━━━[39m
[32m[39m
2025-11-15 17:33:07:337 [32minfo[39m: [32m[39m
[32mSIGINT received. Starting graceful shutdown...[39m
2025-11-15 17:33:17:3317 [32minfo[39m: [32m━━━━━━━━━━━━━━━━━━━━━━━━━━━━━━━━━━━━━━━━━━━━━━━━━━━━━━━━━[39m
2025-11-15 17:33:17:3317 [32minfo[39m: [32mSTEP 1: Environment Validation[39m
2025-11-15 17:33:17:3317 [32minfo[39m: [32m━━━━━━━━━━━━━━━━━━━━━━━━━━━━━━━━━━━━━━━━━━━━━━━━━━━━━━━━━[39m
2025-11-15 17:33:17:3317 [32minfo[39m: [32m🔍 Validating environment variables...[39m
2025-11-15 17:33:17:3317 [32minfo[39m: [32m✅ Environment variables validated[39m
2025-11-15 17:33:17:3317 [32minfo[39m: [32m[39m
[32m━━━━━━━━━━━━━━━━━━━━━━━━━━━━━━━━━━━━━━━━━━━━━━━━━━━━━━━━━[39m
2025-11-15 17:33:17:3317 [32minfo[39m: [32mSTEP 2: Database Connections[39m
2025-11-15 17:33:17:3317 [32minfo[39m: [32m━━━━━━━━━━━━━━━━━━━━━━━━━━━━━━━━━━━━━━━━━━━━━━━━━━━━━━━━━[39m
2025-11-15 17:33:17:3317 [32minfo[39m: [32m🔌 Checking database connections...[39m
2025-11-15 17:33:17:3317 [32minfo[39m: [32mSupabase client initialized[39m
2025-11-15 17:33:18:3318 [32minfo[39m: [32m  ✅ Supabase (PostgreSQL) connected[39m
2025-11-15 17:33:18:3318 [32minfo[39m: [32mUpstash Redis initialized[39m
2025-11-15 17:33:19:3319 [32minfo[39m: [32m  ✅ Redis (Upstash) connected[39m
2025-11-15 17:33:20:3320 [32minfo[39m: [32mMongoose (MongoDB) connected successfully[39m
2025-11-15 17:33:20:3320 [32minfo[39m: [32m  ✅ MongoDB (Mongoose) connected[39m
2025-11-15 17:33:20:3320 [32minfo[39m: [32m[39m
[32m━━━━━━━━━━━━━━━━━━━━━━━━━━━━━━━━━━━━━━━━━━━━━━━━━━━━━━━━━[39m
2025-11-15 17:33:20:3320 [32minfo[39m: [32mSTEP 3: Service Configuration[39m
2025-11-15 17:33:20:3320 [32minfo[39m: [32m━━━━━━━━━━━━━━━━━━━━━━━━━━━━━━━━━━━━━━━━━━━━━━━━━━━━━━━━━[39m
2025-11-15 17:33:20:3320 [32minfo[39m: [32m🔧 Checking service configurations...[39m
2025-11-15 17:33:20:3320 [32minfo[39m: [32m  ✅ Cloudflare R2 configured[39m
2025-11-15 17:33:20:3320 [32minfo[39m: [32m  ✅ JWT authentication configured[39m
2025-11-15 17:33:20:3320 [32minfo[39m: [32m  ✅ CORS configured (2 origins)[39m
2025-11-15 17:33:20:3320 [32minfo[39m: [32m✅ Service configurations checked[39m
2025-11-15 17:33:20:3320 [32minfo[39m: [32m[39m
[32m━━━━━━━━━━━━━━━━━━━━━━━━━━━━━━━━━━━━━━━━━━━━━━━━━━━━━━━━━[39m
2025-11-15 17:33:20:3320 [32minfo[39m: [32mSTEP 4: System Information[39m
2025-11-15 17:33:20:3320 [32minfo[39m: [32m━━━━━━━━━━━━━━━━━━━━━━━━━━━━━━━━━━━━━━━━━━━━━━━━━━━━━━━━━[39m
2025-11-15 17:33:20:3320 [32minfo[39m: [32m📊 System Information:[39m
2025-11-15 17:33:20:3320 [32minfo[39m: [32m  • Node.js: v22.20.0[39m
2025-11-15 17:33:20:3320 [32minfo[39m: [32m  • Platform: linux[39m
2025-11-15 17:33:20:3320 [32minfo[39m: [32m  • Architecture: x64[39m
2025-11-15 17:33:20:3320 [32minfo[39m: [32m  • Memory: 66MB[39m
2025-11-15 17:33:20:3320 [32minfo[39m: [32m  • Environment: development[39m
2025-11-15 17:33:20:3320 [32minfo[39m: [32m  • Port: 3000[39m
2025-11-15 17:33:20:3320 [32minfo[39m: [32m[39m
[32m━━━━━━━━━━━━━━━━━━━━━━━━━━━━━━━━━━━━━━━━━━━━━━━━━━━━━━━━━[39m
2025-11-15 17:33:20:3320 [32minfo[39m: [32mSTEP 5: Starting HTTP Server[39m
2025-11-15 17:33:20:3320 [32minfo[39m: [32m━━━━━━━━━━━━━━━━━━━━━━━━━━━━━━━━━━━━━━━━━━━━━━━━━━━━━━━━━[39m
2025-11-15 17:33:20:3320 [32minfo[39m: [32m[39m
[32m🚀 Server started successfully![39m
2025-11-15 17:33:20:3320 [32minfo[39m: [32m[39m
[32m📍 Endpoints:[39m
2025-11-15 17:33:20:3320 [32minfo[39m: [32m   • Health Check: http://localhost:3000/health[39m
2025-11-15 17:33:20:3320 [32minfo[39m: [32m   • API Info:     http://localhost:3000/api[39m
2025-11-15 17:33:20:3320 [32minfo[39m: [32m   • API Base:     http://localhost:3000/api/*[39m
2025-11-15 17:33:20:3320 [32minfo[39m: [32m[39m
[32m🔧 Services Status:[39m
2025-11-15 17:33:20:3320 [32minfo[39m: [32m   • Database:     ✅ Connected[39m
2025-11-15 17:33:20:3320 [32minfo[39m: [32m   • Cache:        ✅ Connected[39m
2025-11-15 17:33:20:3320 [32minfo[39m: [32m   • Analytics:    ✅ Connected[39m
2025-11-15 17:33:20:3320 [32minfo[39m: [32m[39m
[32m━━━━━━━━━━━━━━━━━━━━━━━━━━━━━━━━━━━━━━━━━━━━━━━━━━━━━━━━━[39m
2025-11-15 17:33:20:3320 [32minfo[39m: [32m✅ FreeTune Backend is ready to serve requests![39m
2025-11-15 17:33:20:3320 [32minfo[39m: [32m━━━━━━━━━━━━━━━━━━━━━━━━━━━━━━━━━━━━━━━━━━━━━━━━━━━━━━━━━[39m
[32m[39m
2025-11-15 17:34:33:3433 [32minfo[39m: [32m[39m
[32mSIGINT received. Starting graceful shutdown...[39m
2025-11-15 17:36:38:3638 [31merror[39m: [31mOperational Error: Validation failed[39m
2025-11-15 17:36:55:3655 [33mwarn[39m: [33mLogin failed for testuser123@example.com: Email not confirmed[39m
2025-11-15 17:36:55:3655 [31merror[39m: [31mOperational Error: Invalid email or password[39m
2025-11-15 19:22:00:220 [32minfo[39m: [32m━━━━━━━━━━━━━━━━━━━━━━━━━━━━━━━━━━━━━━━━━━━━━━━━━━━━━━━━━[39m
2025-11-15 19:22:00:220 [32minfo[39m: [32mSTEP 1: Environment Validation[39m
2025-11-15 19:22:00:220 [32minfo[39m: [32m━━━━━━━━━━━━━━━━━━━━━━━━━━━━━━━━━━━━━━━━━━━━━━━━━━━━━━━━━[39m
2025-11-15 19:22:00:220 [32minfo[39m: [32m🔍 Validating environment variables...[39m
2025-11-15 19:22:00:220 [32minfo[39m: [32m✅ Environment variables validated[39m
2025-11-15 19:22:00:220 [32minfo[39m: [32m[39m
[32m━━━━━━━━━━━━━━━━━━━━━━━━━━━━━━━━━━━━━━━━━━━━━━━━━━━━━━━━━[39m
2025-11-15 19:22:00:220 [32minfo[39m: [32mSTEP 2: Database Connections[39m
2025-11-15 19:22:00:220 [32minfo[39m: [32m━━━━━━━━━━━━━━━━━━━━━━━━━━━━━━━━━━━━━━━━━━━━━━━━━━━━━━━━━[39m
2025-11-15 19:22:00:220 [32minfo[39m: [32m🔌 Checking database connections...[39m
2025-11-15 19:22:00:220 [32minfo[39m: [32mSupabase client initialized[39m
2025-11-15 19:22:07:227 [32minfo[39m: [32m  ✅ Supabase (PostgreSQL) connected[39m
2025-11-15 19:22:07:227 [32minfo[39m: [32mUpstash Redis initialized[39m
2025-11-15 19:22:07:227 [32minfo[39m: [32m  ✅ Redis (Upstash) connected[39m
2025-11-15 19:22:09:229 [32minfo[39m: [32mMongoose (MongoDB) connected successfully[39m
2025-11-15 19:22:09:229 [32minfo[39m: [32m  ✅ MongoDB (Mongoose) connected[39m
2025-11-15 19:22:09:229 [32minfo[39m: [32m[39m
[32m━━━━━━━━━━━━━━━━━━━━━━━━━━━━━━━━━━━━━━━━━━━━━━━━━━━━━━━━━[39m
2025-11-15 19:22:09:229 [32minfo[39m: [32mSTEP 3: Service Configuration[39m
2025-11-15 19:22:09:229 [32minfo[39m: [32m━━━━━━━━━━━━━━━━━━━━━━━━━━━━━━━━━━━━━━━━━━━━━━━━━━━━━━━━━[39m
2025-11-15 19:22:09:229 [32minfo[39m: [32m🔧 Checking service configurations...[39m
2025-11-15 19:22:09:229 [32minfo[39m: [32m  ✅ Cloudflare R2 configured[39m
2025-11-15 19:22:09:229 [32minfo[39m: [32m  ✅ JWT authentication configured[39m
2025-11-15 19:22:09:229 [32minfo[39m: [32m  ✅ CORS configured (2 origins)[39m
2025-11-15 19:22:09:229 [32minfo[39m: [32m✅ Service configurations checked[39m
2025-11-15 19:22:09:229 [32minfo[39m: [32m[39m
[32m━━━━━━━━━━━━━━━━━━━━━━━━━━━━━━━━━━━━━━━━━━━━━━━━━━━━━━━━━[39m
2025-11-15 19:22:09:229 [32minfo[39m: [32mSTEP 4: System Information[39m
2025-11-15 19:22:09:229 [32minfo[39m: [32m━━━━━━━━━━━━━━━━━━━━━━━━━━━━━━━━━━━━━━━━━━━━━━━━━━━━━━━━━[39m
2025-11-15 19:22:09:229 [32minfo[39m: [32m📊 System Information:[39m
2025-11-15 19:22:09:229 [32minfo[39m: [32m  • Node.js: v22.20.0[39m
2025-11-15 19:22:09:229 [32minfo[39m: [32m  • Platform: linux[39m
2025-11-15 19:22:09:229 [32minfo[39m: [32m  • Architecture: x64[39m
2025-11-15 19:22:09:229 [32minfo[39m: [32m  • Memory: 63MB[39m
2025-11-15 19:22:09:229 [32minfo[39m: [32m  • Environment: development[39m
2025-11-15 19:22:09:229 [32minfo[39m: [32m  • Port: 3000[39m
2025-11-15 19:22:09:229 [32minfo[39m: [32m[39m
[32m━━━━━━━━━━━━━━━━━━━━━━━━━━━━━━━━━━━━━━━━━━━━━━━━━━━━━━━━━[39m
2025-11-15 19:22:09:229 [32minfo[39m: [32mSTEP 5: Starting HTTP Server[39m
2025-11-15 19:22:09:229 [32minfo[39m: [32m━━━━━━━━━━━━━━━━━━━━━━━━━━━━━━━━━━━━━━━━━━━━━━━━━━━━━━━━━[39m
2025-11-15 19:22:09:229 [32minfo[39m: [32m[39m
[32m🚀 Server started successfully![39m
2025-11-15 19:22:09:229 [32minfo[39m: [32m[39m
[32m📍 Endpoints:[39m
2025-11-15 19:22:09:229 [32minfo[39m: [32m   • Health Check: http://localhost:3000/health[39m
2025-11-15 19:22:09:229 [32minfo[39m: [32m   • API Info:     http://localhost:3000/api[39m
2025-11-15 19:22:09:229 [32minfo[39m: [32m   • API Base:     http://localhost:3000/api/*[39m
2025-11-15 19:22:09:229 [32minfo[39m: [32m[39m
[32m🔧 Services Status:[39m
2025-11-15 19:22:09:229 [32minfo[39m: [32m   • Database:     ✅ Connected[39m
2025-11-15 19:22:09:229 [32minfo[39m: [32m   • Cache:        ✅ Connected[39m
2025-11-15 19:22:09:229 [32minfo[39m: [32m   • Analytics:    ✅ Connected[39m
2025-11-15 19:22:09:229 [32minfo[39m: [32m[39m
[32m━━━━━━━━━━━━━━━━━━━━━━━━━━━━━━━━━━━━━━━━━━━━━━━━━━━━━━━━━[39m
2025-11-15 19:22:09:229 [32minfo[39m: [32m✅ FreeTune Backend is ready to serve requests![39m
2025-11-15 19:22:09:229 [32minfo[39m: [32m━━━━━━━━━━━━━━━━━━━━━━━━━━━━━━━━━━━━━━━━━━━━━━━━━━━━━━━━━[39m
[32m[39m
2025-11-15 19:29:25:2925 [32minfo[39m: [32m━━━━━━━━━━━━━━━━━━━━━━━━━━━━━━━━━━━━━━━━━━━━━━━━━━━━━━━━━[39m
2025-11-15 19:29:25:2925 [32minfo[39m: [32mSTEP 1: Environment Validation[39m
2025-11-15 19:29:25:2925 [32minfo[39m: [32m━━━━━━━━━━━━━━━━━━━━━━━━━━━━━━━━━━━━━━━━━━━━━━━━━━━━━━━━━[39m
2025-11-15 19:29:25:2925 [32minfo[39m: [32m🔍 Validating environment variables...[39m
2025-11-15 19:29:25:2925 [32minfo[39m: [32m✅ Environment variables validated[39m
2025-11-15 19:29:25:2925 [32minfo[39m: [32m[39m
[32m━━━━━━━━━━━━━━━━━━━━━━━━━━━━━━━━━━━━━━━━━━━━━━━━━━━━━━━━━[39m
2025-11-15 19:29:25:2925 [32minfo[39m: [32mSTEP 2: Database Connections[39m
2025-11-15 19:29:25:2925 [32minfo[39m: [32m━━━━━━━━━━━━━━━━━━━━━━━━━━━━━━━━━━━━━━━━━━━━━━━━━━━━━━━━━[39m
2025-11-15 19:29:25:2925 [32minfo[39m: [32m🔌 Checking database connections...[39m
2025-11-15 19:29:25:2925 [32minfo[39m: [32mSupabase client initialized[39m
2025-11-15 19:29:32:2932 [32minfo[39m: [32m  ✅ Supabase (PostgreSQL) connected[39m
2025-11-15 19:29:32:2932 [32minfo[39m: [32mUpstash Redis initialized[39m
2025-11-15 19:29:41:2941 [32minfo[39m: [32m  ✅ Redis (Upstash) connected[39m
2025-11-15 19:29:46:2946 [31merror[39m: [31mMongoose connection error: Server selection timed out after 5000 ms[39m
2025-11-15 19:29:46:2946 [31merror[39m: [31m  ❌ MongoDB (Mongoose) URI set but connection failed[39m
2025-11-15 19:29:46:2946 [32minfo[39m: [32m[39m
[32m━━━━━━━━━━━━━━━━━━━━━━━━━━━━━━━━━━━━━━━━━━━━━━━━━━━━━━━━━[39m
2025-11-15 19:29:46:2946 [32minfo[39m: [32mSTEP 3: Service Configuration[39m
2025-11-15 19:29:46:2946 [32minfo[39m: [32m━━━━━━━━━━━━━━━━━━━━━━━━━━━━━━━━━━━━━━━━━━━━━━━━━━━━━━━━━[39m
2025-11-15 19:29:46:2946 [32minfo[39m: [32m🔧 Checking service configurations...[39m
2025-11-15 19:29:46:2946 [32minfo[39m: [32m  ✅ Cloudflare R2 configured[39m
2025-11-15 19:29:46:2946 [32minfo[39m: [32m  ✅ JWT authentication configured[39m
2025-11-15 19:29:46:2946 [32minfo[39m: [32m  ✅ CORS configured (2 origins)[39m
2025-11-15 19:29:46:2946 [32minfo[39m: [32m✅ Service configurations checked[39m
2025-11-15 19:29:46:2946 [32minfo[39m: [32m[39m
[32m━━━━━━━━━━━━━━━━━━━━━━━━━━━━━━━━━━━━━━━━━━━━━━━━━━━━━━━━━[39m
2025-11-15 19:29:46:2946 [32minfo[39m: [32mSTEP 4: System Information[39m
2025-11-15 19:29:46:2946 [32minfo[39m: [32m━━━━━━━━━━━━━━━━━━━━━━━━━━━━━━━━━━━━━━━━━━━━━━━━━━━━━━━━━[39m
2025-11-15 19:29:46:2946 [32minfo[39m: [32m📊 System Information:[39m
2025-11-15 19:29:46:2946 [32minfo[39m: [32m  • Node.js: v22.20.0[39m
2025-11-15 19:29:46:2946 [32minfo[39m: [32m  • Platform: linux[39m
2025-11-15 19:29:46:2946 [32minfo[39m: [32m  • Architecture: x64[39m
2025-11-15 19:29:46:2946 [32minfo[39m: [32m  • Memory: 35MB[39m
2025-11-15 19:29:46:2946 [32minfo[39m: [32m  • Environment: development[39m
2025-11-15 19:29:46:2946 [32minfo[39m: [32m  • Port: 3000[39m
2025-11-15 19:29:46:2946 [32minfo[39m: [32m[39m
[32m━━━━━━━━━━━━━━━━━━━━━━━━━━━━━━━━━━━━━━━━━━━━━━━━━━━━━━━━━[39m
2025-11-15 19:29:46:2946 [32minfo[39m: [32mSTEP 5: Starting HTTP Server[39m
2025-11-15 19:29:46:2946 [32minfo[39m: [32m━━━━━━━━━━━━━━━━━━━━━━━━━━━━━━━━━━━━━━━━━━━━━━━━━━━━━━━━━[39m
2025-11-15 19:29:46:2946 [32minfo[39m: [32m[39m
[32m🚀 Server started successfully![39m
2025-11-15 19:29:46:2946 [32minfo[39m: [32m[39m
[32m📍 Endpoints:[39m
2025-11-15 19:29:46:2946 [32minfo[39m: [32m   • Health Check: http://localhost:3000/health[39m
2025-11-15 19:29:46:2946 [32minfo[39m: [32m   • API Info:     http://localhost:3000/api[39m
2025-11-15 19:29:46:2946 [32minfo[39m: [32m   • API Base:     http://localhost:3000/api/*[39m
2025-11-15 19:29:46:2946 [32minfo[39m: [32m[39m
[32m🔧 Services Status:[39m
2025-11-15 19:29:46:2946 [32minfo[39m: [32m   • Database:     ✅ Connected[39m
2025-11-15 19:29:46:2946 [32minfo[39m: [32m   • Cache:        ✅ Connected[39m
2025-11-15 19:29:46:2946 [32minfo[39m: [32m   • Analytics:    ⚠️  Disabled[39m
2025-11-15 19:29:46:2946 [32minfo[39m: [32m[39m
[32m━━━━━━━━━━━━━━━━━━━━━━━━━━━━━━━━━━━━━━━━━━━━━━━━━━━━━━━━━[39m
2025-11-15 19:29:46:2946 [32minfo[39m: [32m✅ FreeTune Backend is ready to serve requests![39m
2025-11-15 19:29:46:2946 [32minfo[39m: [32m━━━━━━━━━━━━━━━━━━━━━━━━━━━━━━━━━━━━━━━━━━━━━━━━━━━━━━━━━[39m
[32m[39m
2025-11-15 19:30:17:3017 [32minfo[39m: [32m━━━━━━━━━━━━━━━━━━━━━━━━━━━━━━━━━━━━━━━━━━━━━━━━━━━━━━━━━[39m
2025-11-15 19:30:17:3017 [32minfo[39m: [32mSTEP 1: Environment Validation[39m
2025-11-15 19:30:17:3017 [32minfo[39m: [32m━━━━━━━━━━━━━━━━━━━━━━━━━━━━━━━━━━━━━━━━━━━━━━━━━━━━━━━━━[39m
2025-11-15 19:30:17:3017 [32minfo[39m: [32m🔍 Validating environment variables...[39m
2025-11-15 19:30:17:3017 [32minfo[39m: [32m✅ Environment variables validated[39m
2025-11-15 19:30:17:3017 [32minfo[39m: [32m[39m
[32m━━━━━━━━━━━━━━━━━━━━━━━━━━━━━━━━━━━━━━━━━━━━━━━━━━━━━━━━━[39m
2025-11-15 19:30:17:3017 [32minfo[39m: [32mSTEP 2: Database Connections[39m
2025-11-15 19:30:17:3017 [32minfo[39m: [32m━━━━━━━━━━━━━━━━━━━━━━━━━━━━━━━━━━━━━━━━━━━━━━━━━━━━━━━━━[39m
2025-11-15 19:30:17:3017 [32minfo[39m: [32m🔌 Checking database connections...[39m
2025-11-15 19:30:17:3017 [32minfo[39m: [32mSupabase client initialized[39m
2025-11-15 19:30:20:3020 [32minfo[39m: [32m  ✅ Supabase (PostgreSQL) connected[39m
2025-11-15 19:30:20:3020 [32minfo[39m: [32mUpstash Redis initialized[39m
2025-11-15 19:30:21:3021 [32minfo[39m: [32m  ✅ Redis (Upstash) connected[39m
2025-11-15 19:30:33:3033 [32minfo[39m: [32mMongoose (MongoDB) connected successfully[39m
2025-11-15 19:30:33:3033 [32minfo[39m: [32m  ✅ MongoDB (Mongoose) connected[39m
2025-11-15 19:30:33:3033 [32minfo[39m: [32m[39m
[32m━━━━━━━━━━━━━━━━━━━━━━━━━━━━━━━━━━━━━━━━━━━━━━━━━━━━━━━━━[39m
2025-11-15 19:30:33:3033 [32minfo[39m: [32mSTEP 3: Service Configuration[39m
2025-11-15 19:30:33:3033 [32minfo[39m: [32m━━━━━━━━━━━━━━━━━━━━━━━━━━━━━━━━━━━━━━━━━━━━━━━━━━━━━━━━━[39m
2025-11-15 19:30:33:3033 [32minfo[39m: [32m🔧 Checking service configurations...[39m
2025-11-15 19:30:33:3033 [32minfo[39m: [32m  ✅ Cloudflare R2 configured[39m
2025-11-15 19:30:33:3033 [32minfo[39m: [32m  ✅ JWT authentication configured[39m
2025-11-15 19:30:33:3033 [32minfo[39m: [32m  ✅ CORS configured (2 origins)[39m
2025-11-15 19:30:33:3033 [32minfo[39m: [32m✅ Service configurations checked[39m
2025-11-15 19:30:33:3033 [32minfo[39m: [32m[39m
[32m━━━━━━━━━━━━━━━━━━━━━━━━━━━━━━━━━━━━━━━━━━━━━━━━━━━━━━━━━[39m
2025-11-15 19:30:33:3033 [32minfo[39m: [32mSTEP 4: System Information[39m
2025-11-15 19:30:33:3033 [32minfo[39m: [32m━━━━━━━━━━━━━━━━━━━━━━━━━━━━━━━━━━━━━━━━━━━━━━━━━━━━━━━━━[39m
2025-11-15 19:30:33:3033 [32minfo[39m: [32m📊 System Information:[39m
2025-11-15 19:30:33:3033 [32minfo[39m: [32m  • Node.js: v22.20.0[39m
2025-11-15 19:30:33:3033 [32minfo[39m: [32m  • Platform: linux[39m
2025-11-15 19:30:33:3033 [32minfo[39m: [32m  • Architecture: x64[39m
2025-11-15 19:30:33:3033 [32minfo[39m: [32m  • Memory: 63MB[39m
2025-11-15 19:30:33:3033 [32minfo[39m: [32m  • Environment: development[39m
2025-11-15 19:30:33:3033 [32minfo[39m: [32m  • Port: 3000[39m
2025-11-15 19:30:33:3033 [32minfo[39m: [32m[39m
[32m━━━━━━━━━━━━━━━━━━━━━━━━━━━━━━━━━━━━━━━━━━━━━━━━━━━━━━━━━[39m
2025-11-15 19:30:33:3033 [32minfo[39m: [32mSTEP 5: Starting HTTP Server[39m
2025-11-15 19:30:33:3033 [32minfo[39m: [32m━━━━━━━━━━━━━━━━━━━━━━━━━━━━━━━━━━━━━━━━━━━━━━━━━━━━━━━━━[39m
2025-11-15 19:30:33:3033 [32minfo[39m: [32m[39m
[32m🚀 Server started successfully![39m
2025-11-15 19:30:33:3033 [32minfo[39m: [32m[39m
[32m📍 Endpoints:[39m
2025-11-15 19:30:33:3033 [32minfo[39m: [32m   • Health Check: http://localhost:3000/health[39m
2025-11-15 19:30:33:3033 [32minfo[39m: [32m   • API Info:     http://localhost:3000/api[39m
2025-11-15 19:30:33:3033 [32minfo[39m: [32m   • API Base:     http://localhost:3000/api/*[39m
2025-11-15 19:30:33:3033 [32minfo[39m: [32m[39m
[32m🔧 Services Status:[39m
2025-11-15 19:30:33:3033 [32minfo[39m: [32m   • Database:     ✅ Connected[39m
2025-11-15 19:30:33:3033 [32minfo[39m: [32m   • Cache:        ✅ Connected[39m
2025-11-15 19:30:33:3033 [32minfo[39m: [32m   • Analytics:    ✅ Connected[39m
2025-11-15 19:30:33:3033 [32minfo[39m: [32m[39m
[32m━━━━━━━━━━━━━━━━━━━━━━━━━━━━━━━━━━━━━━━━━━━━━━━━━━━━━━━━━[39m
2025-11-15 19:30:33:3033 [32minfo[39m: [32m✅ FreeTune Backend is ready to serve requests![39m
2025-11-15 19:30:33:3033 [32minfo[39m: [32m━━━━━━━━━━━━━━━━━━━━━━━━━━━━━━━━━━━━━━━━━━━━━━━━━━━━━━━━━[39m
[32m[39m
2025-11-15 19:33:19:3319 [32minfo[39m: [32m━━━━━━━━━━━━━━━━━━━━━━━━━━━━━━━━━━━━━━━━━━━━━━━━━━━━━━━━━[39m
2025-11-15 19:33:19:3319 [32minfo[39m: [32mSTEP 1: Environment Validation[39m
2025-11-15 19:33:19:3319 [32minfo[39m: [32m━━━━━━━━━━━━━━━━━━━━━━━━━━━━━━━━━━━━━━━━━━━━━━━━━━━━━━━━━[39m
2025-11-15 19:33:19:3319 [32minfo[39m: [32m🔍 Validating environment variables...[39m
2025-11-15 19:33:19:3319 [32minfo[39m: [32m✅ Environment variables validated[39m
2025-11-15 19:33:19:3319 [32minfo[39m: [32m[39m
[32m━━━━━━━━━━━━━━━━━━━━━━━━━━━━━━━━━━━━━━━━━━━━━━━━━━━━━━━━━[39m
2025-11-15 19:33:19:3319 [32minfo[39m: [32mSTEP 2: Database Connections[39m
2025-11-15 19:33:19:3319 [32minfo[39m: [32m━━━━━━━━━━━━━━━━━━━━━━━━━━━━━━━━━━━━━━━━━━━━━━━━━━━━━━━━━[39m
2025-11-15 19:33:19:3319 [32minfo[39m: [32m🔌 Checking database connections...[39m
2025-11-15 19:33:19:3319 [32minfo[39m: [32mSupabase client initialized[39m
2025-11-15 19:33:21:3321 [32minfo[39m: [32m  ✅ Supabase (PostgreSQL) connected[39m
2025-11-15 19:33:21:3321 [32minfo[39m: [32mUpstash Redis initialized[39m
2025-11-15 19:33:24:3324 [32minfo[39m: [32m━━━━━━━━━━━━━━━━━━━━━━━━━━━━━━━━━━━━━━━━━━━━━━━━━━━━━━━━━[39m
2025-11-15 19:33:24:3324 [32minfo[39m: [32mSTEP 1: Environment Validation[39m
2025-11-15 19:33:24:3324 [32minfo[39m: [32m━━━━━━━━━━━━━━━━━━━━━━━━━━━━━━━━━━━━━━━━━━━━━━━━━━━━━━━━━[39m
2025-11-15 19:33:24:3324 [32minfo[39m: [32m🔍 Validating environment variables...[39m
2025-11-15 19:33:24:3324 [32minfo[39m: [32m✅ Environment variables validated[39m
2025-11-15 19:33:24:3324 [32minfo[39m: [32m[39m
[32m━━━━━━━━━━━━━━━━━━━━━━━━━━━━━━━━━━━━━━━━━━━━━━━━━━━━━━━━━[39m
2025-11-15 19:33:24:3324 [32minfo[39m: [32mSTEP 2: Database Connections[39m
2025-11-15 19:33:24:3324 [32minfo[39m: [32m━━━━━━━━━━━━━━━━━━━━━━━━━━━━━━━━━━━━━━━━━━━━━━━━━━━━━━━━━[39m
2025-11-15 19:33:24:3324 [32minfo[39m: [32m🔌 Checking database connections...[39m
2025-11-15 19:33:24:3324 [32minfo[39m: [32mSupabase client initialized[39m
2025-11-15 19:33:25:3325 [32minfo[39m: [32m  ✅ Supabase (PostgreSQL) connected[39m
2025-11-15 19:33:25:3325 [32minfo[39m: [32mUpstash Redis initialized[39m
2025-11-15 19:33:25:3325 [32minfo[39m: [32m  ✅ Redis (Upstash) connected[39m
2025-11-15 19:33:36:3336 [31merror[39m: [31mMongoose connection error: Server selection timed out after 5000 ms[39m
2025-11-15 19:33:36:3336 [31merror[39m: [31m  ❌ MongoDB (Mongoose) URI set but connection failed[39m
2025-11-15 19:33:36:3336 [32minfo[39m: [32m[39m
[32m━━━━━━━━━━━━━━━━━━━━━━━━━━━━━━━━━━━━━━━━━━━━━━━━━━━━━━━━━[39m
2025-11-15 19:33:36:3336 [32minfo[39m: [32mSTEP 3: Service Configuration[39m
2025-11-15 19:33:36:3336 [32minfo[39m: [32m━━━━━━━━━━━━━━━━━━━━━━━━━━━━━━━━━━━━━━━━━━━━━━━━━━━━━━━━━[39m
2025-11-15 19:33:36:3336 [32minfo[39m: [32m🔧 Checking service configurations...[39m
2025-11-15 19:33:36:3336 [32minfo[39m: [32m  ✅ Cloudflare R2 configured[39m
2025-11-15 19:33:36:3336 [32minfo[39m: [32m  ✅ JWT authentication configured[39m
2025-11-15 19:33:36:3336 [32minfo[39m: [32m  ✅ CORS configured (2 origins)[39m
2025-11-15 19:33:36:3336 [32minfo[39m: [32m✅ Service configurations checked[39m
2025-11-15 19:33:36:3336 [32minfo[39m: [32m[39m
[32m━━━━━━━━━━━━━━━━━━━━━━━━━━━━━━━━━━━━━━━━━━━━━━━━━━━━━━━━━[39m
2025-11-15 19:33:36:3336 [32minfo[39m: [32mSTEP 4: System Information[39m
2025-11-15 19:33:36:3336 [32minfo[39m: [32m━━━━━━━━━━━━━━━━━━━━━━━━━━━━━━━━━━━━━━━━━━━━━━━━━━━━━━━━━[39m
2025-11-15 19:33:36:3336 [32minfo[39m: [32m📊 System Information:[39m
2025-11-15 19:33:36:3336 [32minfo[39m: [32m  • Node.js: v22.20.0[39m
2025-11-15 19:33:36:3336 [32minfo[39m: [32m  • Platform: linux[39m
2025-11-15 19:33:36:3336 [32minfo[39m: [32m  • Architecture: x64[39m
2025-11-15 19:33:36:3336 [32minfo[39m: [32m  • Memory: 64MB[39m
2025-11-15 19:33:36:3336 [32minfo[39m: [32m  • Environment: development[39m
2025-11-15 19:33:36:3336 [32minfo[39m: [32m  • Port: 3000[39m
2025-11-15 19:33:36:3336 [32minfo[39m: [32m[39m
[32m━━━━━━━━━━━━━━━━━━━━━━━━━━━━━━━━━━━━━━━━━━━━━━━━━━━━━━━━━[39m
2025-11-15 19:33:36:3336 [32minfo[39m: [32mSTEP 5: Starting HTTP Server[39m
2025-11-15 19:33:36:3336 [32minfo[39m: [32m━━━━━━━━━━━━━━━━━━━━━━━━━━━━━━━━━━━━━━━━━━━━━━━━━━━━━━━━━[39m
2025-11-15 19:33:36:3336 [32minfo[39m: [32m[39m
[32m🚀 Server started successfully![39m
2025-11-15 19:33:36:3336 [32minfo[39m: [32m[39m
[32m📍 Endpoints:[39m
2025-11-15 19:33:36:3336 [32minfo[39m: [32m   • Health Check: http://localhost:3000/health[39m
2025-11-15 19:33:36:3336 [32minfo[39m: [32m   • API Info:     http://localhost:3000/api[39m
2025-11-15 19:33:36:3336 [32minfo[39m: [32m   • API Base:     http://localhost:3000/api/*[39m
2025-11-15 19:33:36:3336 [32minfo[39m: [32m[39m
[32m🔧 Services Status:[39m
2025-11-15 19:33:36:3336 [32minfo[39m: [32m   • Database:     ✅ Connected[39m
2025-11-15 19:33:36:3336 [32minfo[39m: [32m   • Cache:        ✅ Connected[39m
2025-11-15 19:33:36:3336 [32minfo[39m: [32m   • Analytics:    ⚠️  Disabled[39m
2025-11-15 19:33:36:3336 [32minfo[39m: [32m[39m
[32m━━━━━━━━━━━━━━━━━━━━━━━━━━━━━━━━━━━━━━━━━━━━━━━━━━━━━━━━━[39m
2025-11-15 19:33:36:3336 [32minfo[39m: [32m✅ FreeTune Backend is ready to serve requests![39m
2025-11-15 19:33:36:3336 [32minfo[39m: [32m━━━━━━━━━━━━━━━━━━━━━━━━━━━━━━━━━━━━━━━━━━━━━━━━━━━━━━━━━[39m
[32m[39m
2025-11-15 19:34:11:3411 [32minfo[39m: [32m━━━━━━━━━━━━━━━━━━━━━━━━━━━━━━━━━━━━━━━━━━━━━━━━━━━━━━━━━[39m
2025-11-15 19:34:11:3411 [32minfo[39m: [32mSTEP 1: Environment Validation[39m
2025-11-15 19:34:11:3411 [32minfo[39m: [32m━━━━━━━━━━━━━━━━━━━━━━━━━━━━━━━━━━━━━━━━━━━━━━━━━━━━━━━━━[39m
2025-11-15 19:34:11:3411 [32minfo[39m: [32m🔍 Validating environment variables...[39m
2025-11-15 19:34:11:3411 [32minfo[39m: [32m✅ Environment variables validated[39m
2025-11-15 19:34:11:3411 [32minfo[39m: [32m[39m
[32m━━━━━━━━━━━━━━━━━━━━━━━━━━━━━━━━━━━━━━━━━━━━━━━━━━━━━━━━━[39m
2025-11-15 19:34:11:3411 [32minfo[39m: [32mSTEP 2: Database Connections[39m
2025-11-15 19:34:11:3411 [32minfo[39m: [32m━━━━━━━━━━━━━━━━━━━━━━━━━━━━━━━━━━━━━━━━━━━━━━━━━━━━━━━━━[39m
2025-11-15 19:34:11:3411 [32minfo[39m: [32m🔌 Checking database connections...[39m
2025-11-15 19:34:11:3411 [32minfo[39m: [32mSupabase client initialized[39m
2025-11-15 19:34:16:3416 [32minfo[39m: [32m  ✅ Supabase (PostgreSQL) connected[39m
2025-11-15 19:34:16:3416 [32minfo[39m: [32mUpstash Redis initialized[39m
2025-11-15 19:34:17:3417 [32minfo[39m: [32m  ✅ Redis (Upstash) connected[39m
2025-11-15 19:34:25:3425 [32minfo[39m: [32mMongoose (MongoDB) connected successfully[39m
2025-11-15 19:34:25:3425 [32minfo[39m: [32m  ✅ MongoDB (Mongoose) connected[39m
2025-11-15 19:34:25:3425 [32minfo[39m: [32m[39m
[32m━━━━━━━━━━━━━━━━━━━━━━━━━━━━━━━━━━━━━━━━━━━━━━━━━━━━━━━━━[39m
2025-11-15 19:34:25:3425 [32minfo[39m: [32mSTEP 3: Service Configuration[39m
2025-11-15 19:34:25:3425 [32minfo[39m: [32m━━━━━━━━━━━━━━━━━━━━━━━━━━━━━━━━━━━━━━━━━━━━━━━━━━━━━━━━━[39m
2025-11-15 19:34:25:3425 [32minfo[39m: [32m🔧 Checking service configurations...[39m
2025-11-15 19:34:25:3425 [32minfo[39m: [32m  ✅ Cloudflare R2 configured[39m
2025-11-15 19:34:25:3425 [32minfo[39m: [32m  ✅ JWT authentication configured[39m
2025-11-15 19:34:25:3425 [32minfo[39m: [32m  ✅ CORS configured (2 origins)[39m
2025-11-15 19:34:25:3425 [32minfo[39m: [32m✅ Service configurations checked[39m
2025-11-15 19:34:25:3425 [32minfo[39m: [32m[39m
[32m━━━━━━━━━━━━━━━━━━━━━━━━━━━━━━━━━━━━━━━━━━━━━━━━━━━━━━━━━[39m
2025-11-15 19:34:25:3425 [32minfo[39m: [32mSTEP 4: System Information[39m
2025-11-15 19:34:25:3425 [32minfo[39m: [32m━━━━━━━━━━━━━━━━━━━━━━━━━━━━━━━━━━━━━━━━━━━━━━━━━━━━━━━━━[39m
2025-11-15 19:34:25:3425 [32minfo[39m: [32m📊 System Information:[39m
2025-11-15 19:34:25:3425 [32minfo[39m: [32m  • Node.js: v22.20.0[39m
2025-11-15 19:34:25:3425 [32minfo[39m: [32m  • Platform: linux[39m
2025-11-15 19:34:25:3425 [32minfo[39m: [32m  • Architecture: x64[39m
2025-11-15 19:34:25:3425 [32minfo[39m: [32m  • Memory: 35MB[39m
2025-11-15 19:34:25:3425 [32minfo[39m: [32m  • Environment: development[39m
2025-11-15 19:34:25:3425 [32minfo[39m: [32m  • Port: 3000[39m
2025-11-15 19:34:25:3425 [32minfo[39m: [32m[39m
[32m━━━━━━━━━━━━━━━━━━━━━━━━━━━━━━━━━━━━━━━━━━━━━━━━━━━━━━━━━[39m
2025-11-15 19:34:25:3425 [32minfo[39m: [32mSTEP 5: Starting HTTP Server[39m
2025-11-15 19:34:25:3425 [32minfo[39m: [32m━━━━━━━━━━━━━━━━━━━━━━━━━━━━━━━━━━━━━━━━━━━━━━━━━━━━━━━━━[39m
2025-11-15 19:34:25:3425 [32minfo[39m: [32m[39m
[32m🚀 Server started successfully![39m
2025-11-15 19:34:25:3425 [32minfo[39m: [32m[39m
[32m📍 Endpoints:[39m
2025-11-15 19:34:25:3425 [32minfo[39m: [32m   • Health Check: http://localhost:3000/health[39m
2025-11-15 19:34:25:3425 [32minfo[39m: [32m   • API Info:     http://localhost:3000/api[39m
2025-11-15 19:34:25:3425 [32minfo[39m: [32m   • API Base:     http://localhost:3000/api/*[39m
2025-11-15 19:34:25:3425 [32minfo[39m: [32m[39m
[32m🔧 Services Status:[39m
2025-11-15 19:34:25:3425 [32minfo[39m: [32m   • Database:     ✅ Connected[39m
2025-11-15 19:34:25:3425 [32minfo[39m: [32m   • Cache:        ✅ Connected[39m
2025-11-15 19:34:25:3425 [32minfo[39m: [32m   • Analytics:    ✅ Connected[39m
2025-11-15 19:34:25:3425 [32minfo[39m: [32m[39m
[32m━━━━━━━━━━━━━━━━━━━━━━━━━━━━━━━━━━━━━━━━━━━━━━━━━━━━━━━━━[39m
2025-11-15 19:34:25:3425 [32minfo[39m: [32m✅ FreeTune Backend is ready to serve requests![39m
2025-11-15 19:34:25:3425 [32minfo[39m: [32m━━━━━━━━━━━━━━━━━━━━━━━━━━━━━━━━━━━━━━━━━━━━━━━━━━━━━━━━━[39m
[32m[39m
2025-11-15 19:34:30:3430 [32minfo[39m: [32m━━━━━━━━━━━━━━━━━━━━━━━━━━━━━━━━━━━━━━━━━━━━━━━━━━━━━━━━━[39m
2025-11-15 19:34:30:3430 [32minfo[39m: [32mSTEP 1: Environment Validation[39m
2025-11-15 19:34:30:3430 [32minfo[39m: [32m━━━━━━━━━━━━━━━━━━━━━━━━━━━━━━━━━━━━━━━━━━━━━━━━━━━━━━━━━[39m
2025-11-15 19:34:30:3430 [32minfo[39m: [32m🔍 Validating environment variables...[39m
2025-11-15 19:34:30:3430 [32minfo[39m: [32m✅ Environment variables validated[39m
2025-11-15 19:34:30:3430 [32minfo[39m: [32m[39m
[32m━━━━━━━━━━━━━━━━━━━━━━━━━━━━━━━━━━━━━━━━━━━━━━━━━━━━━━━━━[39m
2025-11-15 19:34:30:3430 [32minfo[39m: [32mSTEP 2: Database Connections[39m
2025-11-15 19:34:30:3430 [32minfo[39m: [32m━━━━━━━━━━━━━━━━━━━━━━━━━━━━━━━━━━━━━━━━━━━━━━━━━━━━━━━━━[39m
2025-11-15 19:34:30:3430 [32minfo[39m: [32m🔌 Checking database connections...[39m
2025-11-15 19:34:30:3430 [32minfo[39m: [32mSupabase client initialized[39m
2025-11-15 19:34:34:3434 [32minfo[39m: [32m  ✅ Supabase (PostgreSQL) connected[39m
2025-11-15 19:34:34:3434 [32minfo[39m: [32mUpstash Redis initialized[39m
2025-11-15 19:34:35:3435 [32minfo[39m: [32m  ✅ Redis (Upstash) connected[39m
2025-11-15 19:34:40:3440 [31merror[39m: [31mMongoose connection error: Server selection timed out after 5000 ms[39m
2025-11-15 19:34:40:3440 [31merror[39m: [31m  ❌ MongoDB (Mongoose) URI set but connection failed[39m
2025-11-15 19:34:40:3440 [32minfo[39m: [32m[39m
[32m━━━━━━━━━━━━━━━━━━━━━━━━━━━━━━━━━━━━━━━━━━━━━━━━━━━━━━━━━[39m
2025-11-15 19:34:40:3440 [32minfo[39m: [32mSTEP 3: Service Configuration[39m
2025-11-15 19:34:40:3440 [32minfo[39m: [32m━━━━━━━━━━━━━━━━━━━━━━━━━━━━━━━━━━━━━━━━━━━━━━━━━━━━━━━━━[39m
2025-11-15 19:34:40:3440 [32minfo[39m: [32m🔧 Checking service configurations...[39m
2025-11-15 19:34:40:3440 [32minfo[39m: [32m  ✅ Cloudflare R2 configured[39m
2025-11-15 19:34:40:3440 [32minfo[39m: [32m  ✅ JWT authentication configured[39m
2025-11-15 19:34:40:3440 [32minfo[39m: [32m  ✅ CORS configured (2 origins)[39m
2025-11-15 19:34:40:3440 [32minfo[39m: [32m✅ Service configurations checked[39m
2025-11-15 19:34:40:3440 [32minfo[39m: [32m[39m
[32m━━━━━━━━━━━━━━━━━━━━━━━━━━━━━━━━━━━━━━━━━━━━━━━━━━━━━━━━━[39m
2025-11-15 19:34:40:3440 [32minfo[39m: [32mSTEP 4: System Information[39m
2025-11-15 19:34:40:3440 [32minfo[39m: [32m━━━━━━━━━━━━━━━━━━━━━━━━━━━━━━━━━━━━━━━━━━━━━━━━━━━━━━━━━[39m
2025-11-15 19:34:40:3440 [32minfo[39m: [32m📊 System Information:[39m
2025-11-15 19:34:40:3440 [32minfo[39m: [32m  • Node.js: v22.20.0[39m
2025-11-15 19:34:40:3440 [32minfo[39m: [32m  • Platform: linux[39m
2025-11-15 19:34:40:3440 [32minfo[39m: [32m  • Architecture: x64[39m
2025-11-15 19:34:40:3440 [32minfo[39m: [32m  • Memory: 63MB[39m
2025-11-15 19:34:40:3440 [32minfo[39m: [32m  • Environment: development[39m
2025-11-15 19:34:40:3440 [32minfo[39m: [32m  • Port: 3000[39m
2025-11-15 19:34:40:3440 [32minfo[39m: [32m[39m
[32m━━━━━━━━━━━━━━━━━━━━━━━━━━━━━━━━━━━━━━━━━━━━━━━━━━━━━━━━━[39m
2025-11-15 19:34:40:3440 [32minfo[39m: [32mSTEP 5: Starting HTTP Server[39m
2025-11-15 19:34:40:3440 [32minfo[39m: [32m━━━━━━━━━━━━━━━━━━━━━━━━━━━━━━━━━━━━━━━━━━━━━━━━━━━━━━━━━[39m
2025-11-15 19:34:40:3440 [32minfo[39m: [32m[39m
[32m🚀 Server started successfully![39m
2025-11-15 19:34:40:3440 [32minfo[39m: [32m[39m
[32m📍 Endpoints:[39m
2025-11-15 19:34:40:3440 [32minfo[39m: [32m   • Health Check: http://localhost:3000/health[39m
2025-11-15 19:34:40:3440 [32minfo[39m: [32m   • API Info:     http://localhost:3000/api[39m
2025-11-15 19:34:40:3440 [32minfo[39m: [32m   • API Base:     http://localhost:3000/api/*[39m
2025-11-15 19:34:40:3440 [32minfo[39m: [32m[39m
[32m🔧 Services Status:[39m
2025-11-15 19:34:40:3440 [32minfo[39m: [32m   • Database:     ✅ Connected[39m
2025-11-15 19:34:40:3440 [32minfo[39m: [32m   • Cache:        ✅ Connected[39m
2025-11-15 19:34:40:3440 [32minfo[39m: [32m   • Analytics:    ⚠️  Disabled[39m
2025-11-15 19:34:40:3440 [32minfo[39m: [32m[39m
[32m━━━━━━━━━━━━━━━━━━━━━━━━━━━━━━━━━━━━━━━━━━━━━━━━━━━━━━━━━[39m
2025-11-15 19:34:40:3440 [32minfo[39m: [32m✅ FreeTune Backend is ready to serve requests![39m
2025-11-15 19:34:40:3440 [32minfo[39m: [32m━━━━━━━━━━━━━━━━━━━━━━━━━━━━━━━━━━━━━━━━━━━━━━━━━━━━━━━━━[39m
[32m[39m
2025-11-15 19:35:12:3512 [32minfo[39m: [32m━━━━━━━━━━━━━━━━━━━━━━━━━━━━━━━━━━━━━━━━━━━━━━━━━━━━━━━━━[39m
2025-11-15 19:35:12:3512 [32minfo[39m: [32mSTEP 1: Environment Validation[39m
2025-11-15 19:35:12:3512 [32minfo[39m: [32m━━━━━━━━━━━━━━━━━━━━━━━━━━━━━━━━━━━━━━━━━━━━━━━━━━━━━━━━━[39m
2025-11-15 19:35:12:3512 [32minfo[39m: [32m🔍 Validating environment variables...[39m
2025-11-15 19:35:12:3512 [32minfo[39m: [32m✅ Environment variables validated[39m
2025-11-15 19:35:12:3512 [32minfo[39m: [32m[39m
[32m━━━━━━━━━━━━━━━━━━━━━━━━━━━━━━━━━━━━━━━━━━━━━━━━━━━━━━━━━[39m
2025-11-15 19:35:12:3512 [32minfo[39m: [32mSTEP 2: Database Connections[39m
2025-11-15 19:35:12:3512 [32minfo[39m: [32m━━━━━━━━━━━━━━━━━━━━━━━━━━━━━━━━━━━━━━━━━━━━━━━━━━━━━━━━━[39m
2025-11-15 19:35:12:3512 [32minfo[39m: [32m🔌 Checking database connections...[39m
2025-11-15 19:35:12:3512 [32minfo[39m: [32mSupabase client initialized[39m
2025-11-15 19:35:17:3517 [32minfo[39m: [32m  ✅ Supabase (PostgreSQL) connected[39m
2025-11-15 19:35:17:3517 [32minfo[39m: [32mUpstash Redis initialized[39m
2025-11-15 19:35:22:3522 [32minfo[39m: [32m  ✅ Redis (Upstash) connected[39m
2025-11-15 19:35:26:3526 [32minfo[39m: [32mMongoose (MongoDB) connected successfully[39m
2025-11-15 19:35:26:3526 [32minfo[39m: [32m  ✅ MongoDB (Mongoose) connected[39m
2025-11-15 19:35:26:3526 [32minfo[39m: [32m[39m
[32m━━━━━━━━━━━━━━━━━━━━━━━━━━━━━━━━━━━━━━━━━━━━━━━━━━━━━━━━━[39m
2025-11-15 19:35:26:3526 [32minfo[39m: [32mSTEP 3: Service Configuration[39m
2025-11-15 19:35:26:3526 [32minfo[39m: [32m━━━━━━━━━━━━━━━━━━━━━━━━━━━━━━━━━━━━━━━━━━━━━━━━━━━━━━━━━[39m
2025-11-15 19:35:26:3526 [32minfo[39m: [32m🔧 Checking service configurations...[39m
2025-11-15 19:35:26:3526 [32minfo[39m: [32m  ✅ Cloudflare R2 configured[39m
2025-11-15 19:35:26:3526 [32minfo[39m: [32m  ✅ JWT authentication configured[39m
2025-11-15 19:35:26:3526 [32minfo[39m: [32m  ✅ CORS configured (2 origins)[39m
2025-11-15 19:35:26:3526 [32minfo[39m: [32m✅ Service configurations checked[39m
2025-11-15 19:35:26:3526 [32minfo[39m: [32m[39m
[32m━━━━━━━━━━━━━━━━━━━━━━━━━━━━━━━━━━━━━━━━━━━━━━━━━━━━━━━━━[39m
2025-11-15 19:35:26:3526 [32minfo[39m: [32mSTEP 4: System Information[39m
2025-11-15 19:35:26:3526 [32minfo[39m: [32m━━━━━━━━━━━━━━━━━━━━━━━━━━━━━━━━━━━━━━━━━━━━━━━━━━━━━━━━━[39m
2025-11-15 19:35:26:3526 [32minfo[39m: [32m📊 System Information:[39m
2025-11-15 19:35:26:3526 [32minfo[39m: [32m  • Node.js: v22.20.0[39m
2025-11-15 19:35:26:3526 [32minfo[39m: [32m  • Platform: linux[39m
2025-11-15 19:35:26:3526 [32minfo[39m: [32m  • Architecture: x64[39m
2025-11-15 19:35:26:3526 [32minfo[39m: [32m  • Memory: 63MB[39m
2025-11-15 19:35:26:3526 [32minfo[39m: [32m  • Environment: development[39m
2025-11-15 19:35:26:3526 [32minfo[39m: [32m  • Port: 3000[39m
2025-11-15 19:35:26:3526 [32minfo[39m: [32m[39m
[32m━━━━━━━━━━━━━━━━━━━━━━━━━━━━━━━━━━━━━━━━━━━━━━━━━━━━━━━━━[39m
2025-11-15 19:35:26:3526 [32minfo[39m: [32mSTEP 5: Starting HTTP Server[39m
2025-11-15 19:35:26:3526 [32minfo[39m: [32m━━━━━━━━━━━━━━━━━━━━━━━━━━━━━━━━━━━━━━━━━━━━━━━━━━━━━━━━━[39m
2025-11-15 19:35:26:3526 [32minfo[39m: [32m[39m
[32m🚀 Server started successfully![39m
2025-11-15 19:35:26:3526 [32minfo[39m: [32m[39m
[32m📍 Endpoints:[39m
2025-11-15 19:35:26:3526 [32minfo[39m: [32m   • Health Check: http://localhost:3000/health[39m
2025-11-15 19:35:26:3526 [32minfo[39m: [32m   • API Info:     http://localhost:3000/api[39m
2025-11-15 19:35:26:3526 [32minfo[39m: [32m   • API Base:     http://localhost:3000/api/*[39m
2025-11-15 19:35:26:3526 [32minfo[39m: [32m[39m
[32m🔧 Services Status:[39m
2025-11-15 19:35:26:3526 [32minfo[39m: [32m   • Database:     ✅ Connected[39m
2025-11-15 19:35:26:3526 [32minfo[39m: [32m   • Cache:        ✅ Connected[39m
2025-11-15 19:35:26:3526 [32minfo[39m: [32m   • Analytics:    ✅ Connected[39m
2025-11-15 19:35:26:3526 [32minfo[39m: [32m[39m
[32m━━━━━━━━━━━━━━━━━━━━━━━━━━━━━━━━━━━━━━━━━━━━━━━━━━━━━━━━━[39m
2025-11-15 19:35:26:3526 [32minfo[39m: [32m✅ FreeTune Backend is ready to serve requests![39m
2025-11-15 19:35:26:3526 [32minfo[39m: [32m━━━━━━━━━━━━━━━━━━━━━━━━━━━━━━━━━━━━━━━━━━━━━━━━━━━━━━━━━[39m
[32m[39m
2025-11-15 19:35:51:3551 [32minfo[39m: [32m━━━━━━━━━━━━━━━━━━━━━━━━━━━━━━━━━━━━━━━━━━━━━━━━━━━━━━━━━[39m
2025-11-15 19:35:51:3551 [32minfo[39m: [32mSTEP 1: Environment Validation[39m
2025-11-15 19:35:51:3551 [32minfo[39m: [32m━━━━━━━━━━━━━━━━━━━━━━━━━━━━━━━━━━━━━━━━━━━━━━━━━━━━━━━━━[39m
2025-11-15 19:35:51:3551 [32minfo[39m: [32m🔍 Validating environment variables...[39m
2025-11-15 19:35:51:3551 [32minfo[39m: [32m✅ Environment variables validated[39m
2025-11-15 19:35:51:3551 [32minfo[39m: [32m[39m
[32m━━━━━━━━━━━━━━━━━━━━━━━━━━━━━━━━━━━━━━━━━━━━━━━━━━━━━━━━━[39m
2025-11-15 19:35:51:3551 [32minfo[39m: [32mSTEP 2: Database Connections[39m
2025-11-15 19:35:51:3551 [32minfo[39m: [32m━━━━━━━━━━━━━━━━━━━━━━━━━━━━━━━━━━━━━━━━━━━━━━━━━━━━━━━━━[39m
2025-11-15 19:35:51:3551 [32minfo[39m: [32m🔌 Checking database connections...[39m
2025-11-15 19:35:51:3551 [32minfo[39m: [32mSupabase client initialized[39m
2025-11-15 19:35:57:3557 [32minfo[39m: [32m  ✅ Supabase (PostgreSQL) connected[39m
2025-11-15 19:35:57:3557 [32minfo[39m: [32mUpstash Redis initialized[39m
2025-11-15 19:35:59:3559 [32minfo[39m: [32m  ✅ Redis (Upstash) connected[39m
2025-11-15 19:36:31:3631 [31merror[39m: [31mMongoose connection error: Socket 'secureConnect' timed out after 30011ms (connectTimeoutMS: 30000)[39m
2025-11-15 19:36:31:3631 [31merror[39m: [31m  ❌ MongoDB (Mongoose) URI set but connection failed[39m
2025-11-15 19:36:31:3631 [32minfo[39m: [32m[39m
[32m━━━━━━━━━━━━━━━━━━━━━━━━━━━━━━━━━━━━━━━━━━━━━━━━━━━━━━━━━[39m
2025-11-15 19:36:31:3631 [32minfo[39m: [32mSTEP 3: Service Configuration[39m
2025-11-15 19:36:31:3631 [32minfo[39m: [32m━━━━━━━━━━━━━━━━━━━━━━━━━━━━━━━━━━━━━━━━━━━━━━━━━━━━━━━━━[39m
2025-11-15 19:36:31:3631 [32minfo[39m: [32m🔧 Checking service configurations...[39m
2025-11-15 19:36:31:3631 [32minfo[39m: [32m  ✅ Cloudflare R2 configured[39m
2025-11-15 19:36:31:3631 [32minfo[39m: [32m  ✅ JWT authentication configured[39m
2025-11-15 19:36:31:3631 [32minfo[39m: [32m  ✅ CORS configured (2 origins)[39m
2025-11-15 19:36:31:3631 [32minfo[39m: [32m✅ Service configurations checked[39m
2025-11-15 19:36:31:3631 [32minfo[39m: [32m[39m
[32m━━━━━━━━━━━━━━━━━━━━━━━━━━━━━━━━━━━━━━━━━━━━━━━━━━━━━━━━━[39m
2025-11-15 19:36:31:3631 [32minfo[39m: [32mSTEP 4: System Information[39m
2025-11-15 19:36:31:3631 [32minfo[39m: [32m━━━━━━━━━━━━━━━━━━━━━━━━━━━━━━━━━━━━━━━━━━━━━━━━━━━━━━━━━[39m
2025-11-15 19:36:31:3631 [32minfo[39m: [32m📊 System Information:[39m
2025-11-15 19:36:31:3631 [32minfo[39m: [32m  • Node.js: v22.20.0[39m
2025-11-15 19:36:31:3631 [32minfo[39m: [32m  • Platform: linux[39m
2025-11-15 19:36:31:3631 [32minfo[39m: [32m  • Architecture: x64[39m
2025-11-15 19:36:31:3631 [32minfo[39m: [32m  • Memory: 35MB[39m
2025-11-15 19:36:31:3631 [32minfo[39m: [32m  • Environment: development[39m
2025-11-15 19:36:31:3631 [32minfo[39m: [32m  • Port: 3000[39m
2025-11-15 19:36:31:3631 [32minfo[39m: [32m[39m
[32m━━━━━━━━━━━━━━━━━━━━━━━━━━━━━━━━━━━━━━━━━━━━━━━━━━━━━━━━━[39m
2025-11-15 19:36:31:3631 [32minfo[39m: [32mSTEP 5: Starting HTTP Server[39m
2025-11-15 19:36:31:3631 [32minfo[39m: [32m━━━━━━━━━━━━━━━━━━━━━━━━━━━━━━━━━━━━━━━━━━━━━━━━━━━━━━━━━[39m
2025-11-15 19:36:31:3631 [32minfo[39m: [32m[39m
[32m🚀 Server started successfully![39m
2025-11-15 19:36:31:3631 [32minfo[39m: [32m[39m
[32m📍 Endpoints:[39m
2025-11-15 19:36:31:3631 [32minfo[39m: [32m   • Health Check: http://localhost:3000/health[39m
2025-11-15 19:36:31:3631 [32minfo[39m: [32m   • API Info:     http://localhost:3000/api[39m
2025-11-15 19:36:31:3631 [32minfo[39m: [32m   • API Base:     http://localhost:3000/api/*[39m
2025-11-15 19:36:31:3631 [32minfo[39m: [32m[39m
[32m🔧 Services Status:[39m
2025-11-15 19:36:31:3631 [32minfo[39m: [32m   • Database:     ✅ Connected[39m
2025-11-15 19:36:31:3631 [32minfo[39m: [32m   • Cache:        ✅ Connected[39m
2025-11-15 19:36:31:3631 [32minfo[39m: [32m   • Analytics:    ⚠️  Disabled[39m
2025-11-15 19:36:31:3631 [32minfo[39m: [32m[39m
[32m━━━━━━━━━━━━━━━━━━━━━━━━━━━━━━━━━━━━━━━━━━━━━━━━━━━━━━━━━[39m
2025-11-15 19:36:31:3631 [32minfo[39m: [32m✅ FreeTune Backend is ready to serve requests![39m
2025-11-15 19:36:31:3631 [32minfo[39m: [32m━━━━━━━━━━━━━━━━━━━━━━━━━━━━━━━━━━━━━━━━━━━━━━━━━━━━━━━━━[39m
[32m[39m
2025-11-15 19:37:17:3717 [32minfo[39m: [32m━━━━━━━━━━━━━━━━━━━━━━━━━━━━━━━━━━━━━━━━━━━━━━━━━━━━━━━━━[39m
2025-11-15 19:37:17:3717 [32minfo[39m: [32mSTEP 1: Environment Validation[39m
2025-11-15 19:37:17:3717 [32minfo[39m: [32m━━━━━━━━━━━━━━━━━━━━━━━━━━━━━━━━━━━━━━━━━━━━━━━━━━━━━━━━━[39m
2025-11-15 19:37:17:3717 [32minfo[39m: [32m🔍 Validating environment variables...[39m
2025-11-15 19:37:17:3717 [32minfo[39m: [32m✅ Environment variables validated[39m
2025-11-15 19:37:17:3717 [32minfo[39m: [32m[39m
[32m━━━━━━━━━━━━━━━━━━━━━━━━━━━━━━━━━━━━━━━━━━━━━━━━━━━━━━━━━[39m
2025-11-15 19:37:17:3717 [32minfo[39m: [32mSTEP 2: Database Connections[39m
2025-11-15 19:37:17:3717 [32minfo[39m: [32m━━━━━━━━━━━━━━━━━━━━━━━━━━━━━━━━━━━━━━━━━━━━━━━━━━━━━━━━━[39m
2025-11-15 19:37:17:3717 [32minfo[39m: [32m🔌 Checking database connections...[39m
2025-11-15 19:37:17:3717 [32minfo[39m: [32mSupabase client initialized[39m
2025-11-15 19:37:24:3724 [32minfo[39m: [32m  ✅ Supabase (PostgreSQL) connected[39m
2025-11-15 19:37:24:3724 [32minfo[39m: [32mUpstash Redis initialized[39m
2025-11-15 19:37:25:3725 [32minfo[39m: [32m  ✅ Redis (Upstash) connected[39m
2025-11-15 19:37:30:3730 [32minfo[39m: [32mSupabase admin client initialized[39m
2025-11-15 19:37:32:3732 [32minfo[39m: [32mUser registered successfully: testuser_1763215650532@example.com[39m
2025-11-15 19:37:32:3732 [31merror[39m: [31mSupabase auth user creation failed: A user with this email address has already been registered[39m
2025-11-15 19:37:32:3732 [31merror[39m: [31mError: Failed to create user account[39m
2025-11-15 19:37:32:3732 [32minfo[39m: [32mSupabase client initialized[39m
2025-11-15 19:37:32:3732 [33mwarn[39m: [33mLogin failed for testuser_1763215650532@example.com: Email not confirmed[39m
2025-11-15 19:37:32:3732 [31merror[39m: [31mError: Invalid email or password[39m
2025-11-15 19:37:33:3733 [31merror[39m: [31mError: Invalid or expired token[39m
2025-11-15 19:37:33:3733 [31merror[39m: [31mError: Invalid or expired token[39m
2025-11-15 19:37:34:3734 [33mwarn[39m: [33mToken refresh failed:[39m
2025-11-15 19:37:34:3734 [31merror[39m: [31mError: Invalid or expired refresh token[39m
2025-11-15 19:37:34:3734 [31merror[39m: [31mError: Invalid or expired token[39m
2025-11-15 19:37:56:3756 [31merror[39m: [31mMongoose connection error: Socket 'secureConnect' timed out after 30007ms (connectTimeoutMS: 30000)[39m
2025-11-15 19:37:56:3756 [31merror[39m: [31m  ❌ MongoDB (Mongoose) URI set but connection failed[39m
2025-11-15 19:37:56:3756 [32minfo[39m: [32m[39m
[32m━━━━━━━━━━━━━━━━━━━━━━━━━━━━━━━━━━━━━━━━━━━━━━━━━━━━━━━━━[39m
2025-11-15 19:37:56:3756 [32minfo[39m: [32mSTEP 3: Service Configuration[39m
2025-11-15 19:37:56:3756 [32minfo[39m: [32m━━━━━━━━━━━━━━━━━━━━━━━━━━━━━━━━━━━━━━━━━━━━━━━━━━━━━━━━━[39m
2025-11-15 19:37:56:3756 [32minfo[39m: [32m🔧 Checking service configurations...[39m
2025-11-15 19:37:56:3756 [32minfo[39m: [32m  ✅ Cloudflare R2 configured[39m
2025-11-15 19:37:56:3756 [32minfo[39m: [32m  ✅ JWT authentication configured[39m
2025-11-15 19:37:56:3756 [32minfo[39m: [32m  ✅ CORS configured (2 origins)[39m
2025-11-15 19:37:56:3756 [32minfo[39m: [32m✅ Service configurations checked[39m
2025-11-15 19:37:56:3756 [32minfo[39m: [32m[39m
[32m━━━━━━━━━━━━━━━━━━━━━━━━━━━━━━━━━━━━━━━━━━━━━━━━━━━━━━━━━[39m
2025-11-15 19:37:56:3756 [32minfo[39m: [32mSTEP 4: System Information[39m
2025-11-15 19:37:56:3756 [32minfo[39m: [32m━━━━━━━━━━━━━━━━━━━━━━━━━━━━━━━━━━━━━━━━━━━━━━━━━━━━━━━━━[39m
2025-11-15 19:37:56:3756 [32minfo[39m: [32m📊 System Information:[39m
2025-11-15 19:37:56:3756 [32minfo[39m: [32m  • Node.js: v22.20.0[39m
2025-11-15 19:37:56:3756 [32minfo[39m: [32m  • Platform: linux[39m
2025-11-15 19:37:56:3756 [32minfo[39m: [32m  • Architecture: x64[39m
2025-11-15 19:37:56:3756 [32minfo[39m: [32m  • Memory: 36MB[39m
2025-11-15 19:37:56:3756 [32minfo[39m: [32m  • Environment: development[39m
2025-11-15 19:37:56:3756 [32minfo[39m: [32m  • Port: 3000[39m
2025-11-15 19:37:56:3756 [32minfo[39m: [32m[39m
[32m━━━━━━━━━━━━━━━━━━━━━━━━━━━━━━━━━━━━━━━━━━━━━━━━━━━━━━━━━[39m
2025-11-15 19:37:56:3756 [32minfo[39m: [32mSTEP 5: Starting HTTP Server[39m
2025-11-15 19:37:56:3756 [32minfo[39m: [32m━━━━━━━━━━━━━━━━━━━━━━━━━━━━━━━━━━━━━━━━━━━━━━━━━━━━━━━━━[39m
2025-11-15 19:37:56:3756 [32minfo[39m: [32m[39m
[32m🚀 Server started successfully![39m
2025-11-15 19:37:56:3756 [32minfo[39m: [32m[39m
[32m📍 Endpoints:[39m
2025-11-15 19:37:56:3756 [32minfo[39m: [32m   • Health Check: http://localhost:3000/health[39m
2025-11-15 19:37:56:3756 [32minfo[39m: [32m   • API Info:     http://localhost:3000/api[39m
2025-11-15 19:37:56:3756 [32minfo[39m: [32m   • API Base:     http://localhost:3000/api/*[39m
2025-11-15 19:37:56:3756 [32minfo[39m: [32m[39m
[32m🔧 Services Status:[39m
2025-11-15 19:37:56:3756 [32minfo[39m: [32m   • Database:     ✅ Connected[39m
2025-11-15 19:37:56:3756 [32minfo[39m: [32m   • Cache:        ✅ Connected[39m
2025-11-15 19:37:56:3756 [32minfo[39m: [32m   • Analytics:    ⚠️  Disabled[39m
2025-11-15 19:37:56:3756 [32minfo[39m: [32m[39m
[32m━━━━━━━━━━━━━━━━━━━━━━━━━━━━━━━━━━━━━━━━━━━━━━━━━━━━━━━━━[39m
2025-11-15 19:37:56:3756 [32minfo[39m: [32m✅ FreeTune Backend is ready to serve requests![39m
2025-11-15 19:37:56:3756 [32minfo[39m: [32m━━━━━━━━━━━━━━━━━━━━━━━━━━━━━━━━━━━━━━━━━━━━━━━━━━━━━━━━━[39m
[32m[39m
2025-11-15 19:43:32:4332 [32minfo[39m: [32m━━━━━━━━━━━━━━━━━━━━━━━━━━━━━━━━━━━━━━━━━━━━━━━━━━━━━━━━━[39m
2025-11-15 19:43:32:4332 [32minfo[39m: [32mSTEP 1: Environment Validation[39m
2025-11-15 19:43:32:4332 [32minfo[39m: [32m━━━━━━━━━━━━━━━━━━━━━━━━━━━━━━━━━━━━━━━━━━━━━━━━━━━━━━━━━[39m
2025-11-15 19:43:32:4332 [32minfo[39m: [32m🔍 Validating environment variables...[39m
2025-11-15 19:43:32:4332 [32minfo[39m: [32m✅ Environment variables validated[39m
2025-11-15 19:43:32:4332 [32minfo[39m: [32m[39m
[32m━━━━━━━━━━━━━━━━━━━━━━━━━━━━━━━━━━━━━━━━━━━━━━━━━━━━━━━━━[39m
2025-11-15 19:43:32:4332 [32minfo[39m: [32mSTEP 2: Database Connections[39m
2025-11-15 19:43:32:4332 [32minfo[39m: [32m━━━━━━━━━━━━━━━━━━━━━━━━━━━━━━━━━━━━━━━━━━━━━━━━━━━━━━━━━[39m
2025-11-15 19:43:32:4332 [32minfo[39m: [32m🔌 Checking database connections...[39m
2025-11-15 19:43:32:4332 [32minfo[39m: [32mSupabase client initialized[39m
2025-11-15 19:43:42:4342 [31merror[39m: [31m  ❌ Supabase connection failed:[39m
2025-11-15 19:46:01:461 [32minfo[39m: [32mSupabase admin client initialized[39m
2025-11-15 19:53:05:535 [32minfo[39m: [32m━━━━━━━━━━━━━━━━━━━━━━━━━━━━━━━━━━━━━━━━━━━━━━━━━━━━━━━━━[39m
2025-11-15 19:53:05:535 [32minfo[39m: [32mSTEP 1: Environment Validation[39m
2025-11-15 19:53:05:535 [32minfo[39m: [32m━━━━━━━━━━━━━━━━━━━━━━━━━━━━━━━━━━━━━━━━━━━━━━━━━━━━━━━━━[39m
2025-11-15 19:53:05:535 [32minfo[39m: [32m🔍 Validating environment variables...[39m
2025-11-15 19:53:05:535 [32minfo[39m: [32m✅ Environment variables validated[39m
2025-11-15 19:53:05:535 [32minfo[39m: [32m[39m
[32m━━━━━━━━━━━━━━━━━━━━━━━━━━━━━━━━━━━━━━━━━━━━━━━━━━━━━━━━━[39m
2025-11-15 19:53:05:535 [32minfo[39m: [32mSTEP 2: Database Connections[39m
2025-11-15 19:53:05:535 [32minfo[39m: [32m━━━━━━━━━━━━━━━━━━━━━━━━━━━━━━━━━━━━━━━━━━━━━━━━━━━━━━━━━[39m
2025-11-15 19:53:05:535 [32minfo[39m: [32m🔌 Checking database connections...[39m
2025-11-15 19:53:06:536 [32minfo[39m: [32mSupabase client initialized[39m
2025-11-15 19:53:11:5311 [32minfo[39m: [32m  ✅ Supabase (PostgreSQL) connected[39m
2025-11-15 19:53:11:5311 [32minfo[39m: [32mUpstash Redis initialized[39m
2025-11-15 19:53:11:5311 [32minfo[39m: [32m  ✅ Redis (Upstash) connected[39m
2025-11-15 19:53:12:5312 [32minfo[39m: [32mMongoose (MongoDB) connected successfully[39m
2025-11-15 19:53:12:5312 [32minfo[39m: [32m  ✅ MongoDB (Mongoose) connected[39m
2025-11-15 19:53:12:5312 [32minfo[39m: [32m[39m
[32m━━━━━━━━━━━━━━━━━━━━━━━━━━━━━━━━━━━━━━━━━━━━━━━━━━━━━━━━━[39m
2025-11-15 19:53:12:5312 [32minfo[39m: [32mSTEP 3: Service Configuration[39m
2025-11-15 19:53:12:5312 [32minfo[39m: [32m━━━━━━━━━━━━━━━━━━━━━━━━━━━━━━━━━━━━━━━━━━━━━━━━━━━━━━━━━[39m
2025-11-15 19:53:12:5312 [32minfo[39m: [32m🔧 Checking service configurations...[39m
2025-11-15 19:53:12:5312 [32minfo[39m: [32m  ✅ Cloudflare R2 configured[39m
2025-11-15 19:53:12:5312 [32minfo[39m: [32m  ✅ JWT authentication configured[39m
2025-11-15 19:53:12:5312 [32minfo[39m: [32m  ✅ CORS configured (2 origins)[39m
2025-11-15 19:53:12:5312 [32minfo[39m: [32m✅ Service configurations checked[39m
2025-11-15 19:53:12:5312 [32minfo[39m: [32m[39m
[32m━━━━━━━━━━━━━━━━━━━━━━━━━━━━━━━━━━━━━━━━━━━━━━━━━━━━━━━━━[39m
2025-11-15 19:53:12:5312 [32minfo[39m: [32mSTEP 4: System Information[39m
2025-11-15 19:53:12:5312 [32minfo[39m: [32m━━━━━━━━━━━━━━━━━━━━━━━━━━━━━━━━━━━━━━━━━━━━━━━━━━━━━━━━━[39m
2025-11-15 19:53:12:5312 [32minfo[39m: [32m📊 System Information:[39m
2025-11-15 19:53:12:5312 [32minfo[39m: [32m  • Node.js: v22.20.0[39m
2025-11-15 19:53:12:5312 [32minfo[39m: [32m  • Platform: linux[39m
2025-11-15 19:53:12:5312 [32minfo[39m: [32m  • Architecture: x64[39m
2025-11-15 19:53:12:5312 [32minfo[39m: [32m  • Memory: 63MB[39m
2025-11-15 19:53:12:5312 [32minfo[39m: [32m  • Environment: development[39m
2025-11-15 19:53:12:5312 [32minfo[39m: [32m  • Port: 3000[39m
2025-11-15 19:53:12:5312 [32minfo[39m: [32m[39m
[32m━━━━━━━━━━━━━━━━━━━━━━━━━━━━━━━━━━━━━━━━━━━━━━━━━━━━━━━━━[39m
2025-11-15 19:53:12:5312 [32minfo[39m: [32mSTEP 5: Starting HTTP Server[39m
2025-11-15 19:53:12:5312 [32minfo[39m: [32m━━━━━━━━━━━━━━━━━━━━━━━━━━━━━━━━━━━━━━━━━━━━━━━━━━━━━━━━━[39m
2025-11-15 19:53:12:5312 [32minfo[39m: [32m[39m
[32m🚀 Server started successfully![39m
2025-11-15 19:53:12:5312 [32minfo[39m: [32m[39m
[32m📍 Endpoints:[39m
2025-11-15 19:53:12:5312 [32minfo[39m: [32m   • Health Check: http://localhost:3000/health[39m
2025-11-15 19:53:12:5312 [32minfo[39m: [32m   • API Info:     http://localhost:3000/api[39m
2025-11-15 19:53:12:5312 [32minfo[39m: [32m   • API Base:     http://localhost:3000/api/*[39m
2025-11-15 19:53:12:5312 [32minfo[39m: [32m[39m
[32m🔧 Services Status:[39m
2025-11-15 19:53:12:5312 [32minfo[39m: [32m   • Database:     ✅ Connected[39m
2025-11-15 19:53:12:5312 [32minfo[39m: [32m   • Cache:        ✅ Connected[39m
2025-11-15 19:53:12:5312 [32minfo[39m: [32m   • Analytics:    ✅ Connected[39m
2025-11-15 19:53:12:5312 [32minfo[39m: [32m[39m
[32m━━━━━━━━━━━━━━━━━━━━━━━━━━━━━━━━━━━━━━━━━━━━━━━━━━━━━━━━━[39m
2025-11-15 19:53:12:5312 [32minfo[39m: [32m✅ FreeTune Backend is ready to serve requests![39m
2025-11-15 19:53:12:5312 [32minfo[39m: [32m━━━━━━━━━━━━━━━━━━━━━━━━━━━━━━━━━━━━━━━━━━━━━━━━━━━━━━━━━[39m
[32m[39m
2025-11-15 19:53:43:5343 [32minfo[39m: [32m━━━━━━━━━━━━━━━━━━━━━━━━━━━━━━━━━━━━━━━━━━━━━━━━━━━━━━━━━[39m
2025-11-15 19:53:43:5343 [32minfo[39m: [32mSTEP 1: Environment Validation[39m
2025-11-15 19:53:43:5343 [32minfo[39m: [32m━━━━━━━━━━━━━━━━━━━━━━━━━━━━━━━━━━━━━━━━━━━━━━━━━━━━━━━━━[39m
2025-11-15 19:53:43:5343 [32minfo[39m: [32m🔍 Validating environment variables...[39m
2025-11-15 19:53:43:5343 [32minfo[39m: [32m✅ Environment variables validated[39m
2025-11-15 19:53:43:5343 [32minfo[39m: [32m[39m
[32m━━━━━━━━━━━━━━━━━━━━━━━━━━━━━━━━━━━━━━━━━━━━━━━━━━━━━━━━━[39m
2025-11-15 19:53:43:5343 [32minfo[39m: [32mSTEP 2: Database Connections[39m
2025-11-15 19:53:43:5343 [32minfo[39m: [32m━━━━━━━━━━━━━━━━━━━━━━━━━━━━━━━━━━━━━━━━━━━━━━━━━━━━━━━━━[39m
2025-11-15 19:53:43:5343 [32minfo[39m: [32m🔌 Checking database connections...[39m
2025-11-15 19:53:43:5343 [32minfo[39m: [32mSupabase client initialized[39m
2025-11-15 19:53:45:5345 [32minfo[39m: [32m  ✅ Supabase (PostgreSQL) connected[39m
2025-11-15 19:53:45:5345 [32minfo[39m: [32mUpstash Redis initialized[39m
2025-11-15 19:53:45:5345 [32minfo[39m: [32m  ✅ Redis (Upstash) connected[39m
2025-11-15 19:53:50:5350 [32minfo[39m: [32m━━━━━━━━━━━━━━━━━━━━━━━━━━━━━━━━━━━━━━━━━━━━━━━━━━━━━━━━━[39m
2025-11-15 19:53:50:5350 [32minfo[39m: [32mSTEP 1: Environment Validation[39m
2025-11-15 19:53:50:5350 [32minfo[39m: [32m━━━━━━━━━━━━━━━━━━━━━━━━━━━━━━━━━━━━━━━━━━━━━━━━━━━━━━━━━[39m
2025-11-15 19:53:50:5350 [32minfo[39m: [32m🔍 Validating environment variables...[39m
2025-11-15 19:53:50:5350 [32minfo[39m: [32m✅ Environment variables validated[39m
2025-11-15 19:53:50:5350 [32minfo[39m: [32m[39m
[32m━━━━━━━━━━━━━━━━━━━━━━━━━━━━━━━━━━━━━━━━━━━━━━━━━━━━━━━━━[39m
2025-11-15 19:53:50:5350 [32minfo[39m: [32mSTEP 2: Database Connections[39m
2025-11-15 19:53:50:5350 [32minfo[39m: [32m━━━━━━━━━━━━━━━━━━━━━━━━━━━━━━━━━━━━━━━━━━━━━━━━━━━━━━━━━[39m
2025-11-15 19:53:50:5350 [32minfo[39m: [32m🔌 Checking database connections...[39m
2025-11-15 19:53:50:5350 [32minfo[39m: [32mSupabase client initialized[39m
2025-11-15 19:53:51:5351 [32minfo[39m: [32m  ✅ Supabase (PostgreSQL) connected[39m
2025-11-15 19:53:51:5351 [32minfo[39m: [32mUpstash Redis initialized[39m
2025-11-15 19:53:52:5352 [32minfo[39m: [32m  ✅ Redis (Upstash) connected[39m
2025-11-15 19:53:53:5353 [32minfo[39m: [32mMongoose (MongoDB) connected successfully[39m
2025-11-15 19:53:53:5353 [32minfo[39m: [32m  ✅ MongoDB (Mongoose) connected[39m
2025-11-15 19:53:53:5353 [32minfo[39m: [32m[39m
[32m━━━━━━━━━━━━━━━━━━━━━━━━━━━━━━━━━━━━━━━━━━━━━━━━━━━━━━━━━[39m
2025-11-15 19:53:53:5353 [32minfo[39m: [32mSTEP 3: Service Configuration[39m
2025-11-15 19:53:53:5353 [32minfo[39m: [32m━━━━━━━━━━━━━━━━━━━━━━━━━━━━━━━━━━━━━━━━━━━━━━━━━━━━━━━━━[39m
2025-11-15 19:53:53:5353 [32minfo[39m: [32m🔧 Checking service configurations...[39m
2025-11-15 19:53:53:5353 [32minfo[39m: [32m  ✅ Cloudflare R2 configured[39m
2025-11-15 19:53:53:5353 [32minfo[39m: [32m  ✅ JWT authentication configured[39m
2025-11-15 19:53:53:5353 [32minfo[39m: [32m  ✅ CORS configured (2 origins)[39m
2025-11-15 19:53:53:5353 [32minfo[39m: [32m✅ Service configurations checked[39m
2025-11-15 19:53:53:5353 [32minfo[39m: [32m[39m
[32m━━━━━━━━━━━━━━━━━━━━━━━━━━━━━━━━━━━━━━━━━━━━━━━━━━━━━━━━━[39m
2025-11-15 19:53:53:5353 [32minfo[39m: [32mSTEP 4: System Information[39m
2025-11-15 19:53:53:5353 [32minfo[39m: [32m━━━━━━━━━━━━━━━━━━━━━━━━━━━━━━━━━━━━━━━━━━━━━━━━━━━━━━━━━[39m
2025-11-15 19:53:53:5353 [32minfo[39m: [32m📊 System Information:[39m
2025-11-15 19:53:53:5353 [32minfo[39m: [32m  • Node.js: v22.20.0[39m
2025-11-15 19:53:53:5353 [32minfo[39m: [32m  • Platform: linux[39m
2025-11-15 19:53:53:5353 [32minfo[39m: [32m  • Architecture: x64[39m
2025-11-15 19:53:53:5353 [32minfo[39m: [32m  • Memory: 63MB[39m
2025-11-15 19:53:53:5353 [32minfo[39m: [32m  • Environment: development[39m
2025-11-15 19:53:53:5353 [32minfo[39m: [32m  • Port: 3000[39m
2025-11-15 19:53:53:5353 [32minfo[39m: [32m[39m
[32m━━━━━━━━━━━━━━━━━━━━━━━━━━━━━━━━━━━━━━━━━━━━━━━━━━━━━━━━━[39m
2025-11-15 19:53:53:5353 [32minfo[39m: [32mSTEP 5: Starting HTTP Server[39m
2025-11-15 19:53:53:5353 [32minfo[39m: [32m━━━━━━━━━━━━━━━━━━━━━━━━━━━━━━━━━━━━━━━━━━━━━━━━━━━━━━━━━[39m
2025-11-15 19:53:53:5353 [32minfo[39m: [32m[39m
[32m🚀 Server started successfully![39m
2025-11-15 19:53:53:5353 [32minfo[39m: [32m[39m
[32m📍 Endpoints:[39m
2025-11-15 19:53:53:5353 [32minfo[39m: [32m   • Health Check: http://localhost:3000/health[39m
2025-11-15 19:53:53:5353 [32minfo[39m: [32m   • API Info:     http://localhost:3000/api[39m
2025-11-15 19:53:53:5353 [32minfo[39m: [32m   • API Base:     http://localhost:3000/api/*[39m
2025-11-15 19:53:53:5353 [32minfo[39m: [32m[39m
[32m🔧 Services Status:[39m
2025-11-15 19:53:53:5353 [32minfo[39m: [32m   • Database:     ✅ Connected[39m
2025-11-15 19:53:53:5353 [32minfo[39m: [32m   • Cache:        ✅ Connected[39m
2025-11-15 19:53:53:5353 [32minfo[39m: [32m   • Analytics:    ✅ Connected[39m
2025-11-15 19:53:53:5353 [32minfo[39m: [32m[39m
[32m━━━━━━━━━━━━━━━━━━━━━━━━━━━━━━━━━━━━━━━━━━━━━━━━━━━━━━━━━[39m
2025-11-15 19:53:53:5353 [32minfo[39m: [32m✅ FreeTune Backend is ready to serve requests![39m
2025-11-15 19:53:53:5353 [32minfo[39m: [32m━━━━━━━━━━━━━━━━━━━━━━━━━━━━━━━━━━━━━━━━━━━━━━━━━━━━━━━━━[39m
[32m[39m
2025-11-15 19:54:02:542 [32minfo[39m: [32mSupabase admin client initialized[39m
2025-11-15 19:54:04:544 [32minfo[39m: [32mSupabase client initialized[39m
2025-11-15 19:54:05:545 [33mwarn[39m: [33mUser preferences not found, creating defaults[39m
2025-11-15 19:54:05:545 [32minfo[39m: [32mUser logged in successfully: testuser_1763216642952@example.com[39m
2025-11-15 19:54:05:545 [31merror[39m: [31mSupabase auth user creation failed: A user with this email address has already been registered[39m
2025-11-15 19:54:06:546 [31merror[39m: [31mError: Failed to create user account[39m
2025-11-15 19:54:06:546 [33mwarn[39m: [33mUser preferences not found, creating defaults[39m
2025-11-15 19:54:06:546 [32minfo[39m: [32mUser logged in successfully: testuser_1763216642952@example.com[39m
2025-11-15 19:54:07:547 [33mwarn[39m: [33mPreferences not found for user bf727dd5-264b-47ca-8e8e-f48f195a8b08[39m
2025-11-15 19:54:07:547 [32minfo[39m: [32mProfile updated for user: bf727dd5-264b-47ca-8e8e-f48f195a8b08[39m
2025-11-15 19:54:08:548 [33mwarn[39m: [33mPreferences not found for user bf727dd5-264b-47ca-8e8e-f48f195a8b08[39m
2025-11-15 19:54:09:549 [32minfo[39m: [32mUser logged out successfully[39m
2025-11-15 19:56:00:560 [32minfo[39m: [32m━━━━━━━━━━━━━━━━━━━━━━━━━━━━━━━━━━━━━━━━━━━━━━━━━━━━━━━━━[39m
2025-11-15 19:56:00:560 [32minfo[39m: [32mSTEP 1: Environment Validation[39m
2025-11-15 19:56:00:560 [32minfo[39m: [32m━━━━━━━━━━━━━━━━━━━━━━━━━━━━━━━━━━━━━━━━━━━━━━━━━━━━━━━━━[39m
2025-11-15 19:56:00:560 [32minfo[39m: [32m🔍 Validating environment variables...[39m
2025-11-15 19:56:00:560 [32minfo[39m: [32m✅ Environment variables validated[39m
2025-11-15 19:56:00:560 [32minfo[39m: [32m[39m
[32m━━━━━━━━━━━━━━━━━━━━━━━━━━━━━━━━━━━━━━━━━━━━━━━━━━━━━━━━━[39m
2025-11-15 19:56:00:560 [32minfo[39m: [32mSTEP 2: Database Connections[39m
2025-11-15 19:56:00:560 [32minfo[39m: [32m━━━━━━━━━━━━━━━━━━━━━━━━━━━━━━━━━━━━━━━━━━━━━━━━━━━━━━━━━[39m
2025-11-15 19:56:00:560 [32minfo[39m: [32m🔌 Checking database connections...[39m
2025-11-15 19:56:00:560 [32minfo[39m: [32mSupabase client initialized[39m
2025-11-15 19:56:05:565 [32minfo[39m: [32m  ✅ Supabase (PostgreSQL) connected[39m
2025-11-15 19:56:05:565 [32minfo[39m: [32mUpstash Redis initialized[39m
2025-11-15 19:56:11:5611 [32minfo[39m: [32m  ✅ Redis (Upstash) connected[39m
2025-11-15 19:56:17:5617 [31merror[39m: [31mMongoose connection error: Could not connect to any servers in your MongoDB Atlas cluster. One common reason is that you're trying to access the database from an IP that isn't whitelisted. Make sure your current IP address is on your Atlas cluster's IP whitelist: https://www.mongodb.com/docs/atlas/security-whitelist/[39m
2025-11-15 19:56:17:5617 [31merror[39m: [31m  ❌ MongoDB (Mongoose) URI set but connection failed[39m
2025-11-15 19:56:17:5617 [32minfo[39m: [32m[39m
[32m━━━━━━━━━━━━━━━━━━━━━━━━━━━━━━━━━━━━━━━━━━━━━━━━━━━━━━━━━[39m
2025-11-15 19:56:17:5617 [32minfo[39m: [32mSTEP 3: Service Configuration[39m
2025-11-15 19:56:17:5617 [32minfo[39m: [32m━━━━━━━━━━━━━━━━━━━━━━━━━━━━━━━━━━━━━━━━━━━━━━━━━━━━━━━━━[39m
2025-11-15 19:56:17:5617 [32minfo[39m: [32m🔧 Checking service configurations...[39m
2025-11-15 19:56:17:5617 [32minfo[39m: [32m  ✅ Cloudflare R2 configured[39m
2025-11-15 19:56:17:5617 [32minfo[39m: [32m  ✅ JWT authentication configured[39m
2025-11-15 19:56:17:5617 [32minfo[39m: [32m  ✅ CORS configured (2 origins)[39m
2025-11-15 19:56:17:5617 [32minfo[39m: [32m✅ Service configurations checked[39m
2025-11-15 19:56:17:5617 [32minfo[39m: [32m[39m
[32m━━━━━━━━━━━━━━━━━━━━━━━━━━━━━━━━━━━━━━━━━━━━━━━━━━━━━━━━━[39m
2025-11-15 19:56:17:5617 [32minfo[39m: [32mSTEP 4: System Information[39m
2025-11-15 19:56:17:5617 [32minfo[39m: [32m━━━━━━━━━━━━━━━━━━━━━━━━━━━━━━━━━━━━━━━━━━━━━━━━━━━━━━━━━[39m
2025-11-15 19:56:17:5617 [32minfo[39m: [32m📊 System Information:[39m
2025-11-15 19:56:17:5617 [32minfo[39m: [32m  • Node.js: v22.20.0[39m
2025-11-15 19:56:17:5617 [32minfo[39m: [32m  • Platform: linux[39m
2025-11-15 19:56:17:5617 [32minfo[39m: [32m  • Architecture: x64[39m
2025-11-15 19:56:17:5617 [32minfo[39m: [32m  • Memory: 63MB[39m
2025-11-15 19:56:17:5617 [32minfo[39m: [32m  • Environment: development[39m
2025-11-15 19:56:17:5617 [32minfo[39m: [32m  • Port: 3000[39m
2025-11-15 19:56:17:5617 [32minfo[39m: [32m[39m
[32m━━━━━━━━━━━━━━━━━━━━━━━━━━━━━━━━━━━━━━━━━━━━━━━━━━━━━━━━━[39m
2025-11-15 19:56:17:5617 [32minfo[39m: [32mSTEP 5: Starting HTTP Server[39m
2025-11-15 19:56:17:5617 [32minfo[39m: [32m━━━━━━━━━━━━━━━━━━━━━━━━━━━━━━━━━━━━━━━━━━━━━━━━━━━━━━━━━[39m
2025-11-15 19:56:17:5617 [32minfo[39m: [32m[39m
[32m🚀 Server started successfully![39m
2025-11-15 19:56:17:5617 [32minfo[39m: [32m[39m
[32m📍 Endpoints:[39m
2025-11-15 19:56:17:5617 [32minfo[39m: [32m   • Health Check: http://localhost:3000/health[39m
2025-11-15 19:56:17:5617 [32minfo[39m: [32m   • API Info:     http://localhost:3000/api[39m
2025-11-15 19:56:17:5617 [32minfo[39m: [32m   • API Base:     http://localhost:3000/api/*[39m
2025-11-15 19:56:17:5617 [32minfo[39m: [32m[39m
[32m🔧 Services Status:[39m
2025-11-15 19:56:17:5617 [32minfo[39m: [32m   • Database:     ✅ Connected[39m
2025-11-15 19:56:17:5617 [32minfo[39m: [32m   • Cache:        ✅ Connected[39m
2025-11-15 19:56:17:5617 [32minfo[39m: [32m   • Analytics:    ⚠️  Disabled[39m
2025-11-15 19:56:17:5617 [32minfo[39m: [32m[39m
[32m━━━━━━━━━━━━━━━━━━━━━━━━━━━━━━━━━━━━━━━━━━━━━━━━━━━━━━━━━[39m
2025-11-15 19:56:17:5617 [32minfo[39m: [32m✅ FreeTune Backend is ready to serve requests![39m
2025-11-15 19:56:17:5617 [32minfo[39m: [32m━━━━━━━━━━━━━━━━━━━━━━━━━━━━━━━━━━━━━━━━━━━━━━━━━━━━━━━━━[39m
[32m[39m
2025-11-15 19:59:18:5918 [32minfo[39m: [32m━━━━━━━━━━━━━━━━━━━━━━━━━━━━━━━━━━━━━━━━━━━━━━━━━━━━━━━━━[39m
2025-11-15 19:59:18:5918 [32minfo[39m: [32mSTEP 1: Environment Validation[39m
2025-11-15 19:59:18:5918 [32minfo[39m: [32m━━━━━━━━━━━━━━━━━━━━━━━━━━━━━━━━━━━━━━━━━━━━━━━━━━━━━━━━━[39m
2025-11-15 19:59:18:5918 [32minfo[39m: [32m🔍 Validating environment variables...[39m
2025-11-15 19:59:18:5918 [32minfo[39m: [32m✅ Environment variables validated[39m
2025-11-15 19:59:18:5918 [32minfo[39m: [32m[39m
[32m━━━━━━━━━━━━━━━━━━━━━━━━━━━━━━━━━━━━━━━━━━━━━━━━━━━━━━━━━[39m
2025-11-15 19:59:18:5918 [32minfo[39m: [32mSTEP 2: Database Connections[39m
2025-11-15 19:59:18:5918 [32minfo[39m: [32m━━━━━━━━━━━━━━━━━━━━━━━━━━━━━━━━━━━━━━━━━━━━━━━━━━━━━━━━━[39m
2025-11-15 19:59:18:5918 [32minfo[39m: [32m🔌 Checking database connections...[39m
2025-11-15 19:59:18:5918 [32minfo[39m: [32mSupabase client initialized[39m
2025-11-15 19:59:29:5929 [32minfo[39m: [32m  ✅ Supabase (PostgreSQL) connected[39m
2025-11-15 19:59:29:5929 [32minfo[39m: [32mUpstash Redis initialized[39m
2025-11-15 19:59:38:5938 [32minfo[39m: [32m  ✅ Redis (Upstash) connected[39m
2025-11-15 19:59:45:5945 [31merror[39m: [31mMongoose connection error: Could not connect to any servers in your MongoDB Atlas cluster. One common reason is that you're trying to access the database from an IP that isn't whitelisted. Make sure your current IP address is on your Atlas cluster's IP whitelist: https://www.mongodb.com/docs/atlas/security-whitelist/[39m
2025-11-15 19:59:45:5945 [31merror[39m: [31m  ❌ MongoDB (Mongoose) URI set but connection failed[39m
2025-11-15 19:59:45:5945 [32minfo[39m: [32m[39m
[32m━━━━━━━━━━━━━━━━━━━━━━━━━━━━━━━━━━━━━━━━━━━━━━━━━━━━━━━━━[39m
2025-11-15 19:59:45:5945 [32minfo[39m: [32mSTEP 3: Service Configuration[39m
2025-11-15 19:59:45:5945 [32minfo[39m: [32m━━━━━━━━━━━━━━━━━━━━━━━━━━━━━━━━━━━━━━━━━━━━━━━━━━━━━━━━━[39m
2025-11-15 19:59:45:5945 [32minfo[39m: [32m🔧 Checking service configurations...[39m
2025-11-15 19:59:45:5945 [32minfo[39m: [32m  ✅ Cloudflare R2 configured[39m
2025-11-15 19:59:45:5945 [32minfo[39m: [32m  ✅ JWT authentication configured[39m
2025-11-15 19:59:45:5945 [32minfo[39m: [32m  ✅ CORS configured (2 origins)[39m
2025-11-15 19:59:45:5945 [32minfo[39m: [32m✅ Service configurations checked[39m
2025-11-15 19:59:45:5945 [32minfo[39m: [32m[39m
[32m━━━━━━━━━━━━━━━━━━━━━━━━━━━━━━━━━━━━━━━━━━━━━━━━━━━━━━━━━[39m
2025-11-15 19:59:45:5945 [32minfo[39m: [32mSTEP 4: System Information[39m
2025-11-15 19:59:45:5945 [32minfo[39m: [32m━━━━━━━━━━━━━━━━━━━━━━━━━━━━━━━━━━━━━━━━━━━━━━━━━━━━━━━━━[39m
2025-11-15 19:59:45:5945 [32minfo[39m: [32m📊 System Information:[39m
2025-11-15 19:59:45:5945 [32minfo[39m: [32m  • Node.js: v22.20.0[39m
2025-11-15 19:59:45:5945 [32minfo[39m: [32m  • Platform: linux[39m
2025-11-15 19:59:45:5945 [32minfo[39m: [32m  • Architecture: x64[39m
2025-11-15 19:59:45:5945 [32minfo[39m: [32m  • Memory: 34MB[39m
2025-11-15 19:59:45:5945 [32minfo[39m: [32m  • Environment: development[39m
2025-11-15 19:59:45:5945 [32minfo[39m: [32m  • Port: 3000[39m
2025-11-15 19:59:45:5945 [32minfo[39m: [32m[39m
[32m━━━━━━━━━━━━━━━━━━━━━━━━━━━━━━━━━━━━━━━━━━━━━━━━━━━━━━━━━[39m
2025-11-15 19:59:45:5945 [32minfo[39m: [32mSTEP 5: Starting HTTP Server[39m
2025-11-15 19:59:45:5945 [32minfo[39m: [32m━━━━━━━━━━━━━━━━━━━━━━━━━━━━━━━━━━━━━━━━━━━━━━━━━━━━━━━━━[39m
2025-11-15 19:59:45:5945 [32minfo[39m: [32m[39m
[32m🚀 Server started successfully![39m
2025-11-15 19:59:45:5945 [32minfo[39m: [32m[39m
[32m📍 Endpoints:[39m
2025-11-15 19:59:45:5945 [32minfo[39m: [32m   • Health Check: http://localhost:3000/health[39m
2025-11-15 19:59:45:5945 [32minfo[39m: [32m   • API Info:     http://localhost:3000/api[39m
2025-11-15 19:59:45:5945 [32minfo[39m: [32m   • API Base:     http://localhost:3000/api/*[39m
2025-11-15 19:59:45:5945 [32minfo[39m: [32m[39m
[32m🔧 Services Status:[39m
2025-11-15 19:59:45:5945 [32minfo[39m: [32m   • Database:     ✅ Connected[39m
2025-11-15 19:59:45:5945 [32minfo[39m: [32m   • Cache:        ✅ Connected[39m
2025-11-15 19:59:45:5945 [32minfo[39m: [32m   • Analytics:    ⚠️  Disabled[39m
2025-11-15 19:59:45:5945 [32minfo[39m: [32m[39m
[32m━━━━━━━━━━━━━━━━━━━━━━━━━━━━━━━━━━━━━━━━━━━━━━━━━━━━━━━━━[39m
2025-11-15 19:59:45:5945 [32minfo[39m: [32m✅ FreeTune Backend is ready to serve requests![39m
2025-11-15 19:59:45:5945 [32minfo[39m: [32m━━━━━━━━━━━━━━━━━━━━━━━━━━━━━━━━━━━━━━━━━━━━━━━━━━━━━━━━━[39m
[32m[39m
2025-11-15 20:00:19:019 [32minfo[39m: [32mSupabase admin client initialized[39m
2025-11-15 20:00:20:020 [32minfo[39m: [32mSupabase client initialized[39m
2025-11-15 20:00:21:021 [33mwarn[39m: [33mUser preferences not found, creating defaults[39m
2025-11-15 20:00:21:021 [32minfo[39m: [32mUser logged in successfully: testuser_1763217019629@example.com[39m
2025-11-15 20:00:22:022 [31merror[39m: [31mSupabase auth user creation failed: A user with this email address has already been registered[39m
2025-11-15 20:00:22:022 [31merror[39m: [31mError: Failed to create user account[39m
2025-11-15 20:00:23:023 [33mwarn[39m: [33mUser preferences not found, creating defaults[39m
2025-11-15 20:00:23:023 [32minfo[39m: [32mUser logged in successfully: testuser_1763217019629@example.com[39m
2025-11-15 20:00:24:024 [33mwarn[39m: [33mPreferences not found for user b0467f82-e146-42dd-a87f-e6b9f105f723[39m
2025-11-15 20:00:24:024 [32minfo[39m: [32mProfile updated for user: b0467f82-e146-42dd-a87f-e6b9f105f723[39m
2025-11-15 20:00:25:025 [33mwarn[39m: [33mPreferences not found for user b0467f82-e146-42dd-a87f-e6b9f105f723[39m
2025-11-15 20:00:26:026 [32minfo[39m: [32mUser logged out successfully[39m
2025-11-15 20:03:05:35 [32minfo[39m: [32m━━━━━━━━━━━━━━━━━━━━━━━━━━━━━━━━━━━━━━━━━━━━━━━━━━━━━━━━━[39m
2025-11-15 20:03:05:35 [32minfo[39m: [32mSTEP 1: Environment Validation[39m
2025-11-15 20:03:05:35 [32minfo[39m: [32m━━━━━━━━━━━━━━━━━━━━━━━━━━━━━━━━━━━━━━━━━━━━━━━━━━━━━━━━━[39m
2025-11-15 20:03:05:35 [32minfo[39m: [32m🔍 Validating environment variables...[39m
2025-11-15 20:03:05:35 [32minfo[39m: [32m✅ Environment variables validated[39m
2025-11-15 20:03:05:35 [32minfo[39m: [32m[39m
[32m━━━━━━━━━━━━━━━━━━━━━━━━━━━━━━━━━━━━━━━━━━━━━━━━━━━━━━━━━[39m
2025-11-15 20:03:05:35 [32minfo[39m: [32mSTEP 2: Database Connections[39m
2025-11-15 20:03:05:35 [32minfo[39m: [32m━━━━━━━━━━━━━━━━━━━━━━━━━━━━━━━━━━━━━━━━━━━━━━━━━━━━━━━━━[39m
2025-11-15 20:03:05:35 [32minfo[39m: [32m🔌 Checking database connections...[39m
2025-11-15 20:03:05:35 [32minfo[39m: [32mSupabase client initialized[39m
2025-11-15 20:03:24:324 [32minfo[39m: [32m  ✅ Supabase (PostgreSQL) connected[39m
2025-11-15 20:03:24:324 [32minfo[39m: [32mUpstash Redis initialized[39m
2025-11-15 20:04:05:45 [32minfo[39m: [32m  ✅ Redis (Upstash) connected[39m
2025-11-15 20:04:16:416 [31merror[39m: [31mMongoose connection error: Could not connect to any servers in your MongoDB Atlas cluster. One common reason is that you're trying to access the database from an IP that isn't whitelisted. Make sure your current IP address is on your Atlas cluster's IP whitelist: https://www.mongodb.com/docs/atlas/security-whitelist/[39m
2025-11-15 20:04:16:416 [31merror[39m: [31m  ❌ MongoDB (Mongoose) URI set but connection failed[39m
2025-11-15 20:04:16:416 [32minfo[39m: [32m[39m
[32m━━━━━━━━━━━━━━━━━━━━━━━━━━━━━━━━━━━━━━━━━━━━━━━━━━━━━━━━━[39m
2025-11-15 20:04:16:416 [32minfo[39m: [32mSTEP 3: Service Configuration[39m
2025-11-15 20:04:16:416 [32minfo[39m: [32m━━━━━━━━━━━━━━━━━━━━━━━━━━━━━━━━━━━━━━━━━━━━━━━━━━━━━━━━━[39m
2025-11-15 20:04:16:416 [32minfo[39m: [32m🔧 Checking service configurations...[39m
2025-11-15 20:04:16:416 [32minfo[39m: [32m  ✅ Cloudflare R2 configured[39m
2025-11-15 20:04:16:416 [32minfo[39m: [32m  ✅ JWT authentication configured[39m
2025-11-15 20:04:16:416 [32minfo[39m: [32m  ✅ CORS configured (2 origins)[39m
2025-11-15 20:04:16:416 [32minfo[39m: [32m✅ Service configurations checked[39m
2025-11-15 20:04:16:416 [32minfo[39m: [32m[39m
[32m━━━━━━━━━━━━━━━━━━━━━━━━━━━━━━━━━━━━━━━━━━━━━━━━━━━━━━━━━[39m
2025-11-15 20:04:16:416 [32minfo[39m: [32mSTEP 4: System Information[39m
2025-11-15 20:04:16:416 [32minfo[39m: [32m━━━━━━━━━━━━━━━━━━━━━━━━━━━━━━━━━━━━━━━━━━━━━━━━━━━━━━━━━[39m
2025-11-15 20:04:16:416 [32minfo[39m: [32m📊 System Information:[39m
2025-11-15 20:04:16:416 [32minfo[39m: [32m  • Node.js: v22.20.0[39m
2025-11-15 20:04:16:416 [32minfo[39m: [32m  • Platform: linux[39m
2025-11-15 20:04:16:416 [32minfo[39m: [32m  • Architecture: x64[39m
2025-11-15 20:04:16:416 [32minfo[39m: [32m  • Memory: 35MB[39m
2025-11-15 20:04:16:416 [32minfo[39m: [32m  • Environment: development[39m
2025-11-15 20:04:16:416 [32minfo[39m: [32m  • Port: 3000[39m
2025-11-15 20:04:16:416 [32minfo[39m: [32m[39m
[32m━━━━━━━━━━━━━━━━━━━━━━━━━━━━━━━━━━━━━━━━━━━━━━━━━━━━━━━━━[39m
2025-11-15 20:04:16:416 [32minfo[39m: [32mSTEP 5: Starting HTTP Server[39m
2025-11-15 20:04:16:416 [32minfo[39m: [32m━━━━━━━━━━━━━━━━━━━━━━━━━━━━━━━━━━━━━━━━━━━━━━━━━━━━━━━━━[39m
2025-11-15 20:04:16:416 [32minfo[39m: [32m[39m
[32m🚀 Server started successfully![39m
2025-11-15 20:04:16:416 [32minfo[39m: [32m[39m
[32m📍 Endpoints:[39m
2025-11-15 20:04:16:416 [32minfo[39m: [32m   • Health Check: http://localhost:3000/health[39m
2025-11-15 20:04:16:416 [32minfo[39m: [32m   • API Info:     http://localhost:3000/api[39m
2025-11-15 20:04:16:416 [32minfo[39m: [32m   • API Base:     http://localhost:3000/api/*[39m
2025-11-15 20:04:16:416 [32minfo[39m: [32m[39m
[32m🔧 Services Status:[39m
2025-11-15 20:04:16:416 [32minfo[39m: [32m   • Database:     ✅ Connected[39m
2025-11-15 20:04:16:416 [32minfo[39m: [32m   • Cache:        ✅ Connected[39m
2025-11-15 20:04:16:416 [32minfo[39m: [32m   • Analytics:    ⚠️  Disabled[39m
2025-11-15 20:04:16:416 [32minfo[39m: [32m[39m
[32m━━━━━━━━━━━━━━━━━━━━━━━━━━━━━━━━━━━━━━━━━━━━━━━━━━━━━━━━━[39m
2025-11-15 20:04:16:416 [32minfo[39m: [32m✅ FreeTune Backend is ready to serve requests![39m
2025-11-15 20:04:16:416 [32minfo[39m: [32m━━━━━━━━━━━━━━━━━━━━━━━━━━━━━━━━━━━━━━━━━━━━━━━━━━━━━━━━━[39m
[32m[39m
2025-11-15 20:05:41:541 [32minfo[39m: [32m━━━━━━━━━━━━━━━━━━━━━━━━━━━━━━━━━━━━━━━━━━━━━━━━━━━━━━━━━[39m
2025-11-15 20:05:41:541 [32minfo[39m: [32mSTEP 1: Environment Validation[39m
2025-11-15 20:05:41:541 [32minfo[39m: [32m━━━━━━━━━━━━━━━━━━━━━━━━━━━━━━━━━━━━━━━━━━━━━━━━━━━━━━━━━[39m
2025-11-15 20:05:41:541 [32minfo[39m: [32m🔍 Validating environment variables...[39m
2025-11-15 20:05:41:541 [32minfo[39m: [32m✅ Environment variables validated[39m
2025-11-15 20:05:41:541 [32minfo[39m: [32m[39m
[32m━━━━━━━━━━━━━━━━━━━━━━━━━━━━━━━━━━━━━━━━━━━━━━━━━━━━━━━━━[39m
2025-11-15 20:05:41:541 [32minfo[39m: [32mSTEP 2: Database Connections[39m
2025-11-15 20:05:41:541 [32minfo[39m: [32m━━━━━━━━━━━━━━━━━━━━━━━━━━━━━━━━━━━━━━━━━━━━━━━━━━━━━━━━━[39m
2025-11-15 20:05:41:541 [32minfo[39m: [32m🔌 Checking database connections...[39m
2025-11-15 20:05:41:541 [32minfo[39m: [32mSupabase client initialized[39m
2025-11-15 20:05:42:542 [32minfo[39m: [32m  ✅ Supabase (PostgreSQL) connected[39m
2025-11-15 20:05:42:542 [32minfo[39m: [32mUpstash Redis initialized[39m
2025-11-15 20:05:42:542 [32minfo[39m: [32m  ✅ Redis (Upstash) connected[39m
2025-11-15 20:05:44:544 [32minfo[39m: [32mMongoose (MongoDB) connected successfully[39m
2025-11-15 20:05:44:544 [32minfo[39m: [32m  ✅ MongoDB (Mongoose) connected[39m
2025-11-15 20:05:44:544 [32minfo[39m: [32m[39m
[32m━━━━━━━━━━━━━━━━━━━━━━━━━━━━━━━━━━━━━━━━━━━━━━━━━━━━━━━━━[39m
2025-11-15 20:05:44:544 [32minfo[39m: [32mSTEP 3: Service Configuration[39m
2025-11-15 20:05:44:544 [32minfo[39m: [32m━━━━━━━━━━━━━━━━━━━━━━━━━━━━━━━━━━━━━━━━━━━━━━━━━━━━━━━━━[39m
2025-11-15 20:05:44:544 [32minfo[39m: [32m🔧 Checking service configurations...[39m
2025-11-15 20:05:44:544 [32minfo[39m: [32m  ✅ Cloudflare R2 configured[39m
2025-11-15 20:05:44:544 [32minfo[39m: [32m  ✅ JWT authentication configured[39m
2025-11-15 20:05:44:544 [32minfo[39m: [32m  ✅ CORS configured (2 origins)[39m
2025-11-15 20:05:44:544 [32minfo[39m: [32m✅ Service configurations checked[39m
2025-11-15 20:05:44:544 [32minfo[39m: [32m[39m
[32m━━━━━━━━━━━━━━━━━━━━━━━━━━━━━━━━━━━━━━━━━━━━━━━━━━━━━━━━━[39m
2025-11-15 20:05:44:544 [32minfo[39m: [32mSTEP 4: System Information[39m
2025-11-15 20:05:44:544 [32minfo[39m: [32m━━━━━━━━━━━━━━━━━━━━━━━━━━━━━━━━━━━━━━━━━━━━━━━━━━━━━━━━━[39m
2025-11-15 20:05:44:544 [32minfo[39m: [32m📊 System Information:[39m
2025-11-15 20:05:44:544 [32minfo[39m: [32m  • Node.js: v22.20.0[39m
2025-11-15 20:05:44:544 [32minfo[39m: [32m  • Platform: linux[39m
2025-11-15 20:05:44:544 [32minfo[39m: [32m  • Architecture: x64[39m
2025-11-15 20:05:44:544 [32minfo[39m: [32m  • Memory: 64MB[39m
2025-11-15 20:05:44:544 [32minfo[39m: [32m  • Environment: development[39m
2025-11-15 20:05:44:544 [32minfo[39m: [32m  • Port: 3000[39m
2025-11-15 20:05:44:544 [32minfo[39m: [32m[39m
[32m━━━━━━━━━━━━━━━━━━━━━━━━━━━━━━━━━━━━━━━━━━━━━━━━━━━━━━━━━[39m
2025-11-15 20:05:44:544 [32minfo[39m: [32mSTEP 5: Starting HTTP Server[39m
2025-11-15 20:05:44:544 [32minfo[39m: [32m━━━━━━━━━━━━━━━━━━━━━━━━━━━━━━━━━━━━━━━━━━━━━━━━━━━━━━━━━[39m
2025-11-15 20:05:44:544 [32minfo[39m: [32m[39m
[32m🚀 Server started successfully![39m
2025-11-15 20:05:44:544 [32minfo[39m: [32m[39m
[32m📍 Endpoints:[39m
2025-11-15 20:05:44:544 [32minfo[39m: [32m   • Health Check: http://localhost:3000/health[39m
2025-11-15 20:05:44:544 [32minfo[39m: [32m   • API Info:     http://localhost:3000/api[39m
2025-11-15 20:05:44:544 [32minfo[39m: [32m   • API Base:     http://localhost:3000/api/*[39m
2025-11-15 20:05:44:544 [32minfo[39m: [32m[39m
[32m🔧 Services Status:[39m
2025-11-15 20:05:44:544 [32minfo[39m: [32m   • Database:     ✅ Connected[39m
2025-11-15 20:05:44:544 [32minfo[39m: [32m   • Cache:        ✅ Connected[39m
2025-11-15 20:05:44:544 [32minfo[39m: [32m   • Analytics:    ✅ Connected[39m
2025-11-15 20:05:44:544 [32minfo[39m: [32m[39m
[32m━━━━━━━━━━━━━━━━━━━━━━━━━━━━━━━━━━━━━━━━━━━━━━━━━━━━━━━━━[39m
2025-11-15 20:05:44:544 [32minfo[39m: [32m✅ FreeTune Backend is ready to serve requests![39m
2025-11-15 20:05:44:544 [32minfo[39m: [32m━━━━━━━━━━━━━━━━━━━━━━━━━━━━━━━━━━━━━━━━━━━━━━━━━━━━━━━━━[39m
[32m[39m
2025-11-15 20:05:48:548 [32minfo[39m: [32m━━━━━━━━━━━━━━━━━━━━━━━━━━━━━━━━━━━━━━━━━━━━━━━━━━━━━━━━━[39m
2025-11-15 20:05:48:548 [32minfo[39m: [32mSTEP 1: Environment Validation[39m
2025-11-15 20:05:48:548 [32minfo[39m: [32m━━━━━━━━━━━━━━━━━━━━━━━━━━━━━━━━━━━━━━━━━━━━━━━━━━━━━━━━━[39m
2025-11-15 20:05:48:548 [32minfo[39m: [32m🔍 Validating environment variables...[39m
2025-11-15 20:05:48:548 [32minfo[39m: [32m✅ Environment variables validated[39m
2025-11-15 20:05:48:548 [32minfo[39m: [32m[39m
[32m━━━━━━━━━━━━━━━━━━━━━━━━━━━━━━━━━━━━━━━━━━━━━━━━━━━━━━━━━[39m
2025-11-15 20:05:48:548 [32minfo[39m: [32mSTEP 2: Database Connections[39m
2025-11-15 20:05:48:548 [32minfo[39m: [32m━━━━━━━━━━━━━━━━━━━━━━━━━━━━━━━━━━━━━━━━━━━━━━━━━━━━━━━━━[39m
2025-11-15 20:05:48:548 [32minfo[39m: [32m🔌 Checking database connections...[39m
2025-11-15 20:05:48:548 [32minfo[39m: [32mSupabase client initialized[39m
2025-11-15 20:05:50:550 [32minfo[39m: [32m  ✅ Supabase (PostgreSQL) connected[39m
2025-11-15 20:05:50:550 [32minfo[39m: [32mUpstash Redis initialized[39m
2025-11-15 20:05:50:550 [32minfo[39m: [32m  ✅ Redis (Upstash) connected[39m
2025-11-15 20:05:51:551 [32minfo[39m: [32mMongoose (MongoDB) connected successfully[39m
2025-11-15 20:05:51:551 [32minfo[39m: [32m  ✅ MongoDB (Mongoose) connected[39m
2025-11-15 20:05:51:551 [32minfo[39m: [32m[39m
[32m━━━━━━━━━━━━━━━━━━━━━━━━━━━━━━━━━━━━━━━━━━━━━━━━━━━━━━━━━[39m
2025-11-15 20:05:51:551 [32minfo[39m: [32mSTEP 3: Service Configuration[39m
2025-11-15 20:05:51:551 [32minfo[39m: [32m━━━━━━━━━━━━━━━━━━━━━━━━━━━━━━━━━━━━━━━━━━━━━━━━━━━━━━━━━[39m
2025-11-15 20:05:51:551 [32minfo[39m: [32m🔧 Checking service configurations...[39m
2025-11-15 20:05:51:551 [32minfo[39m: [32m  ✅ Cloudflare R2 configured[39m
2025-11-15 20:05:51:551 [32minfo[39m: [32m  ✅ JWT authentication configured[39m
2025-11-15 20:05:51:551 [32minfo[39m: [32m  ✅ CORS configured (2 origins)[39m
2025-11-15 20:05:51:551 [32minfo[39m: [32m✅ Service configurations checked[39m
2025-11-15 20:05:51:551 [32minfo[39m: [32m[39m
[32m━━━━━━━━━━━━━━━━━━━━━━━━━━━━━━━━━━━━━━━━━━━━━━━━━━━━━━━━━[39m
2025-11-15 20:05:51:551 [32minfo[39m: [32mSTEP 4: System Information[39m
2025-11-15 20:05:51:551 [32minfo[39m: [32m━━━━━━━━━━━━━━━━━━━━━━━━━━━━━━━━━━━━━━━━━━━━━━━━━━━━━━━━━[39m
2025-11-15 20:05:51:551 [32minfo[39m: [32m📊 System Information:[39m
2025-11-15 20:05:51:551 [32minfo[39m: [32m  • Node.js: v22.20.0[39m
2025-11-15 20:05:51:551 [32minfo[39m: [32m  • Platform: linux[39m
2025-11-15 20:05:51:551 [32minfo[39m: [32m  • Architecture: x64[39m
2025-11-15 20:05:51:551 [32minfo[39m: [32m  • Memory: 64MB[39m
2025-11-15 20:05:51:551 [32minfo[39m: [32m  • Environment: development[39m
2025-11-15 20:05:51:551 [32minfo[39m: [32m  • Port: 3000[39m
2025-11-15 20:05:51:551 [32minfo[39m: [32m[39m
[32m━━━━━━━━━━━━━━━━━━━━━━━━━━━━━━━━━━━━━━━━━━━━━━━━━━━━━━━━━[39m
2025-11-15 20:05:51:551 [32minfo[39m: [32mSTEP 5: Starting HTTP Server[39m
2025-11-15 20:05:51:551 [32minfo[39m: [32m━━━━━━━━━━━━━━━━━━━━━━━━━━━━━━━━━━━━━━━━━━━━━━━━━━━━━━━━━[39m
2025-11-15 20:05:51:551 [32minfo[39m: [32m[39m
[32m🚀 Server started successfully![39m
2025-11-15 20:05:51:551 [32minfo[39m: [32m[39m
[32m📍 Endpoints:[39m
2025-11-15 20:05:51:551 [32minfo[39m: [32m   • Health Check: http://localhost:3000/health[39m
2025-11-15 20:05:51:551 [32minfo[39m: [32m   • API Info:     http://localhost:3000/api[39m
2025-11-15 20:05:51:551 [32minfo[39m: [32m   • API Base:     http://localhost:3000/api/*[39m
2025-11-15 20:05:51:551 [32minfo[39m: [32m[39m
[32m🔧 Services Status:[39m
2025-11-15 20:05:51:551 [32minfo[39m: [32m   • Database:     ✅ Connected[39m
2025-11-15 20:05:51:551 [32minfo[39m: [32m   • Cache:        ✅ Connected[39m
2025-11-15 20:05:51:551 [32minfo[39m: [32m   • Analytics:    ✅ Connected[39m
2025-11-15 20:05:51:551 [32minfo[39m: [32m[39m
[32m━━━━━━━━━━━━━━━━━━━━━━━━━━━━━━━━━━━━━━━━━━━━━━━━━━━━━━━━━[39m
2025-11-15 20:05:51:551 [32minfo[39m: [32m✅ FreeTune Backend is ready to serve requests![39m
2025-11-15 20:05:51:551 [32minfo[39m: [32m━━━━━━━━━━━━━━━━━━━━━━━━━━━━━━━━━━━━━━━━━━━━━━━━━━━━━━━━━[39m
[32m[39m
2025-11-15 20:06:53:653 [32minfo[39m: [32m━━━━━━━━━━━━━━━━━━━━━━━━━━━━━━━━━━━━━━━━━━━━━━━━━━━━━━━━━[39m
2025-11-15 20:06:53:653 [32minfo[39m: [32mSTEP 1: Environment Validation[39m
2025-11-15 20:06:53:653 [32minfo[39m: [32m━━━━━━━━━━━━━━━━━━━━━━━━━━━━━━━━━━━━━━━━━━━━━━━━━━━━━━━━━[39m
2025-11-15 20:06:53:653 [32minfo[39m: [32m🔍 Validating environment variables...[39m
2025-11-15 20:06:53:653 [32minfo[39m: [32m✅ Environment variables validated[39m
2025-11-15 20:06:53:653 [32minfo[39m: [32m[39m
[32m━━━━━━━━━━━━━━━━━━━━━━━━━━━━━━━━━━━━━━━━━━━━━━━━━━━━━━━━━[39m
2025-11-15 20:06:53:653 [32minfo[39m: [32mSTEP 2: Database Connections[39m
2025-11-15 20:06:53:653 [32minfo[39m: [32m━━━━━━━━━━━━━━━━━━━━━━━━━━━━━━━━━━━━━━━━━━━━━━━━━━━━━━━━━[39m
2025-11-15 20:06:53:653 [32minfo[39m: [32m🔌 Checking database connections...[39m
2025-11-15 20:06:53:653 [32minfo[39m: [32mSupabase client initialized[39m
2025-11-15 20:06:54:654 [32minfo[39m: [32m  ✅ Supabase (PostgreSQL) connected[39m
2025-11-15 20:06:54:654 [32minfo[39m: [32mUpstash Redis initialized[39m
2025-11-15 20:06:54:654 [32minfo[39m: [32m  ✅ Redis (Upstash) connected[39m
2025-11-15 20:06:55:655 [32minfo[39m: [32mMongoose (MongoDB) connected successfully[39m
2025-11-15 20:06:55:655 [32minfo[39m: [32m  ✅ MongoDB (Mongoose) connected[39m
2025-11-15 20:06:55:655 [32minfo[39m: [32m[39m
[32m━━━━━━━━━━━━━━━━━━━━━━━━━━━━━━━━━━━━━━━━━━━━━━━━━━━━━━━━━[39m
2025-11-15 20:06:55:655 [32minfo[39m: [32mSTEP 3: Service Configuration[39m
2025-11-15 20:06:55:655 [32minfo[39m: [32m━━━━━━━━━━━━━━━━━━━━━━━━━━━━━━━━━━━━━━━━━━━━━━━━━━━━━━━━━[39m
2025-11-15 20:06:55:655 [32minfo[39m: [32m🔧 Checking service configurations...[39m
2025-11-15 20:06:55:655 [32minfo[39m: [32m  ✅ Cloudflare R2 configured[39m
2025-11-15 20:06:55:655 [32minfo[39m: [32m  ✅ JWT authentication configured[39m
2025-11-15 20:06:55:655 [32minfo[39m: [32m  ✅ CORS configured (2 origins)[39m
2025-11-15 20:06:55:655 [32minfo[39m: [32m✅ Service configurations checked[39m
2025-11-15 20:06:55:655 [32minfo[39m: [32m[39m
[32m━━━━━━━━━━━━━━━━━━━━━━━━━━━━━━━━━━━━━━━━━━━━━━━━━━━━━━━━━[39m
2025-11-15 20:06:55:655 [32minfo[39m: [32mSTEP 4: System Information[39m
2025-11-15 20:06:55:655 [32minfo[39m: [32m━━━━━━━━━━━━━━━━━━━━━━━━━━━━━━━━━━━━━━━━━━━━━━━━━━━━━━━━━[39m
2025-11-15 20:06:55:655 [32minfo[39m: [32m📊 System Information:[39m
2025-11-15 20:06:55:655 [32minfo[39m: [32m  • Node.js: v22.20.0[39m
2025-11-15 20:06:55:655 [32minfo[39m: [32m  • Platform: linux[39m
2025-11-15 20:06:55:655 [32minfo[39m: [32m  • Architecture: x64[39m
2025-11-15 20:06:55:655 [32minfo[39m: [32m  • Memory: 63MB[39m
2025-11-15 20:06:55:655 [32minfo[39m: [32m  • Environment: development[39m
2025-11-15 20:06:55:655 [32minfo[39m: [32m  • Port: 3000[39m
2025-11-15 20:06:55:655 [32minfo[39m: [32m[39m
[32m━━━━━━━━━━━━━━━━━━━━━━━━━━━━━━━━━━━━━━━━━━━━━━━━━━━━━━━━━[39m
2025-11-15 20:06:55:655 [32minfo[39m: [32mSTEP 5: Starting HTTP Server[39m
2025-11-15 20:06:55:655 [32minfo[39m: [32m━━━━━━━━━━━━━━━━━━━━━━━━━━━━━━━━━━━━━━━━━━━━━━━━━━━━━━━━━[39m
2025-11-15 20:06:55:655 [32minfo[39m: [32m[39m
[32m🚀 Server started successfully![39m
2025-11-15 20:06:55:655 [32minfo[39m: [32m[39m
[32m📍 Endpoints:[39m
2025-11-15 20:06:55:655 [32minfo[39m: [32m   • Health Check: http://localhost:3000/health[39m
2025-11-15 20:06:55:655 [32minfo[39m: [32m   • API Info:     http://localhost:3000/api[39m
2025-11-15 20:06:55:655 [32minfo[39m: [32m   • API Base:     http://localhost:3000/api/*[39m
2025-11-15 20:06:55:655 [32minfo[39m: [32m[39m
[32m🔧 Services Status:[39m
2025-11-15 20:06:55:655 [32minfo[39m: [32m   • Database:     ✅ Connected[39m
2025-11-15 20:06:55:655 [32minfo[39m: [32m   • Cache:        ✅ Connected[39m
2025-11-15 20:06:55:655 [32minfo[39m: [32m   • Analytics:    ✅ Connected[39m
2025-11-15 20:06:55:655 [32minfo[39m: [32m[39m
[32m━━━━━━━━━━━━━━━━━━━━━━━━━━━━━━━━━━━━━━━━━━━━━━━━━━━━━━━━━[39m
2025-11-15 20:06:55:655 [32minfo[39m: [32m✅ FreeTune Backend is ready to serve requests![39m
2025-11-15 20:06:55:655 [32minfo[39m: [32m━━━━━━━━━━━━━━━━━━━━━━━━━━━━━━━━━━━━━━━━━━━━━━━━━━━━━━━━━[39m
[32m[39m
2025-11-15 20:07:11:711 [32minfo[39m: [32m━━━━━━━━━━━━━━━━━━━━━━━━━━━━━━━━━━━━━━━━━━━━━━━━━━━━━━━━━[39m
2025-11-15 20:07:11:711 [32minfo[39m: [32mSTEP 1: Environment Validation[39m
2025-11-15 20:07:11:711 [32minfo[39m: [32m━━━━━━━━━━━━━━━━━━━━━━━━━━━━━━━━━━━━━━━━━━━━━━━━━━━━━━━━━[39m
2025-11-15 20:07:11:711 [32minfo[39m: [32m🔍 Validating environment variables...[39m
2025-11-15 20:07:11:711 [32minfo[39m: [32m✅ Environment variables validated[39m
2025-11-15 20:07:11:711 [32minfo[39m: [32m[39m
[32m━━━━━━━━━━━━━━━━━━━━━━━━━━━━━━━━━━━━━━━━━━━━━━━━━━━━━━━━━[39m
2025-11-15 20:07:11:711 [32minfo[39m: [32mSTEP 2: Database Connections[39m
2025-11-15 20:07:11:711 [32minfo[39m: [32m━━━━━━━━━━━━━━━━━━━━━━━━━━━━━━━━━━━━━━━━━━━━━━━━━━━━━━━━━[39m
2025-11-15 20:07:11:711 [32minfo[39m: [32m🔌 Checking database connections...[39m
2025-11-15 20:07:11:711 [32minfo[39m: [32mSupabase client initialized[39m
2025-11-15 20:07:11:711 [32minfo[39m: [32m  ✅ Supabase (PostgreSQL) connected[39m
2025-11-15 20:07:11:711 [32minfo[39m: [32mUpstash Redis initialized[39m
2025-11-15 20:07:12:712 [32minfo[39m: [32m  ✅ Redis (Upstash) connected[39m
2025-11-15 20:07:12:712 [32minfo[39m: [32mMongoose (MongoDB) connected successfully[39m
2025-11-15 20:07:12:712 [32minfo[39m: [32m  ✅ MongoDB (Mongoose) connected[39m
2025-11-15 20:07:12:712 [32minfo[39m: [32m[39m
[32m━━━━━━━━━━━━━━━━━━━━━━━━━━━━━━━━━━━━━━━━━━━━━━━━━━━━━━━━━[39m
2025-11-15 20:07:12:712 [32minfo[39m: [32mSTEP 3: Service Configuration[39m
2025-11-15 20:07:12:712 [32minfo[39m: [32m━━━━━━━━━━━━━━━━━━━━━━━━━━━━━━━━━━━━━━━━━━━━━━━━━━━━━━━━━[39m
2025-11-15 20:07:12:712 [32minfo[39m: [32m🔧 Checking service configurations...[39m
2025-11-15 20:07:12:712 [32minfo[39m: [32m  ✅ Cloudflare R2 configured[39m
2025-11-15 20:07:12:712 [32minfo[39m: [32m  ✅ JWT authentication configured[39m
2025-11-15 20:07:12:712 [32minfo[39m: [32m  ✅ CORS configured (2 origins)[39m
2025-11-15 20:07:12:712 [32minfo[39m: [32m✅ Service configurations checked[39m
2025-11-15 20:07:12:712 [32minfo[39m: [32m[39m
[32m━━━━━━━━━━━━━━━━━━━━━━━━━━━━━━━━━━━━━━━━━━━━━━━━━━━━━━━━━[39m
2025-11-15 20:07:12:712 [32minfo[39m: [32mSTEP 4: System Information[39m
2025-11-15 20:07:12:712 [32minfo[39m: [32m━━━━━━━━━━━━━━━━━━━━━━━━━━━━━━━━━━━━━━━━━━━━━━━━━━━━━━━━━[39m
2025-11-15 20:07:12:712 [32minfo[39m: [32m📊 System Information:[39m
2025-11-15 20:07:12:712 [32minfo[39m: [32m  • Node.js: v22.20.0[39m
2025-11-15 20:07:12:712 [32minfo[39m: [32m  • Platform: linux[39m
2025-11-15 20:07:12:712 [32minfo[39m: [32m  • Architecture: x64[39m
2025-11-15 20:07:12:712 [32minfo[39m: [32m  • Memory: 64MB[39m
2025-11-15 20:07:12:712 [32minfo[39m: [32m  • Environment: development[39m
2025-11-15 20:07:12:712 [32minfo[39m: [32m  • Port: 3000[39m
2025-11-15 20:07:12:712 [32minfo[39m: [32m[39m
[32m━━━━━━━━━━━━━━━━━━━━━━━━━━━━━━━━━━━━━━━━━━━━━━━━━━━━━━━━━[39m
2025-11-15 20:07:12:712 [32minfo[39m: [32mSTEP 5: Starting HTTP Server[39m
2025-11-15 20:07:12:712 [32minfo[39m: [32m━━━━━━━━━━━━━━━━━━━━━━━━━━━━━━━━━━━━━━━━━━━━━━━━━━━━━━━━━[39m
2025-11-15 20:07:12:712 [32minfo[39m: [32m[39m
[32m🚀 Server started successfully![39m
2025-11-15 20:07:12:712 [32minfo[39m: [32m[39m
[32m📍 Endpoints:[39m
2025-11-15 20:07:12:712 [32minfo[39m: [32m   • Health Check: http://localhost:3000/health[39m
2025-11-15 20:07:12:712 [32minfo[39m: [32m   • API Info:     http://localhost:3000/api[39m
2025-11-15 20:07:12:712 [32minfo[39m: [32m   • API Base:     http://localhost:3000/api/*[39m
2025-11-15 20:07:12:712 [32minfo[39m: [32m[39m
[32m🔧 Services Status:[39m
2025-11-15 20:07:12:712 [32minfo[39m: [32m   • Database:     ✅ Connected[39m
2025-11-15 20:07:12:712 [32minfo[39m: [32m   • Cache:        ✅ Connected[39m
2025-11-15 20:07:12:712 [32minfo[39m: [32m   • Analytics:    ✅ Connected[39m
2025-11-15 20:07:12:712 [32minfo[39m: [32m[39m
[32m━━━━━━━━━━━━━━━━━━━━━━━━━━━━━━━━━━━━━━━━━━━━━━━━━━━━━━━━━[39m
2025-11-15 20:07:12:712 [32minfo[39m: [32m✅ FreeTune Backend is ready to serve requests![39m
2025-11-15 20:07:12:712 [32minfo[39m: [32m━━━━━━━━━━━━━━━━━━━━━━━━━━━━━━━━━━━━━━━━━━━━━━━━━━━━━━━━━[39m
[32m[39m
2025-11-15 20:07:29:729 [32minfo[39m: [32m━━━━━━━━━━━━━━━━━━━━━━━━━━━━━━━━━━━━━━━━━━━━━━━━━━━━━━━━━[39m
2025-11-15 20:07:29:729 [32minfo[39m: [32mSTEP 1: Environment Validation[39m
2025-11-15 20:07:29:729 [32minfo[39m: [32m━━━━━━━━━━━━━━━━━━━━━━━━━━━━━━━━━━━━━━━━━━━━━━━━━━━━━━━━━[39m
2025-11-15 20:07:29:729 [32minfo[39m: [32m🔍 Validating environment variables...[39m
2025-11-15 20:07:29:729 [32minfo[39m: [32m✅ Environment variables validated[39m
2025-11-15 20:07:29:729 [32minfo[39m: [32m[39m
[32m━━━━━━━━━━━━━━━━━━━━━━━━━━━━━━━━━━━━━━━━━━━━━━━━━━━━━━━━━[39m
2025-11-15 20:07:29:729 [32minfo[39m: [32mSTEP 2: Database Connections[39m
2025-11-15 20:07:29:729 [32minfo[39m: [32m━━━━━━━━━━━━━━━━━━━━━━━━━━━━━━━━━━━━━━━━━━━━━━━━━━━━━━━━━[39m
2025-11-15 20:07:29:729 [32minfo[39m: [32m🔌 Checking database connections...[39m
2025-11-15 20:07:29:729 [32minfo[39m: [32mSupabase client initialized[39m
2025-11-15 20:07:29:729 [32minfo[39m: [32m  ✅ Supabase (PostgreSQL) connected[39m
2025-11-15 20:07:29:729 [32minfo[39m: [32mUpstash Redis initialized[39m
2025-11-15 20:07:30:730 [32minfo[39m: [32m  ✅ Redis (Upstash) connected[39m
2025-11-15 20:07:31:731 [32minfo[39m: [32mMongoose (MongoDB) connected successfully[39m
2025-11-15 20:07:31:731 [32minfo[39m: [32m  ✅ MongoDB (Mongoose) connected[39m
2025-11-15 20:07:31:731 [32minfo[39m: [32m[39m
[32m━━━━━━━━━━━━━━━━━━━━━━━━━━━━━━━━━━━━━━━━━━━━━━━━━━━━━━━━━[39m
2025-11-15 20:07:31:731 [32minfo[39m: [32mSTEP 3: Service Configuration[39m
2025-11-15 20:07:31:731 [32minfo[39m: [32m━━━━━━━━━━━━━━━━━━━━━━━━━━━━━━━━━━━━━━━━━━━━━━━━━━━━━━━━━[39m
2025-11-15 20:07:31:731 [32minfo[39m: [32m🔧 Checking service configurations...[39m
2025-11-15 20:07:31:731 [32minfo[39m: [32m  ✅ Cloudflare R2 configured[39m
2025-11-15 20:07:31:731 [32minfo[39m: [32m  ✅ JWT authentication configured[39m
2025-11-15 20:07:31:731 [32minfo[39m: [32m  ✅ CORS configured (2 origins)[39m
2025-11-15 20:07:31:731 [32minfo[39m: [32m✅ Service configurations checked[39m
2025-11-15 20:07:31:731 [32minfo[39m: [32m[39m
[32m━━━━━━━━━━━━━━━━━━━━━━━━━━━━━━━━━━━━━━━━━━━━━━━━━━━━━━━━━[39m
2025-11-15 20:07:31:731 [32minfo[39m: [32mSTEP 4: System Information[39m
2025-11-15 20:07:31:731 [32minfo[39m: [32m━━━━━━━━━━━━━━━━━━━━━━━━━━━━━━━━━━━━━━━━━━━━━━━━━━━━━━━━━[39m
2025-11-15 20:07:31:731 [32minfo[39m: [32m📊 System Information:[39m
2025-11-15 20:07:31:731 [32minfo[39m: [32m  • Node.js: v22.20.0[39m
2025-11-15 20:07:31:731 [32minfo[39m: [32m  • Platform: linux[39m
2025-11-15 20:07:31:731 [32minfo[39m: [32m  • Architecture: x64[39m
2025-11-15 20:07:31:731 [32minfo[39m: [32m  • Memory: 63MB[39m
2025-11-15 20:07:31:731 [32minfo[39m: [32m  • Environment: development[39m
2025-11-15 20:07:31:731 [32minfo[39m: [32m  • Port: 3000[39m
2025-11-15 20:07:31:731 [32minfo[39m: [32m[39m
[32m━━━━━━━━━━━━━━━━━━━━━━━━━━━━━━━━━━━━━━━━━━━━━━━━━━━━━━━━━[39m
2025-11-15 20:07:31:731 [32minfo[39m: [32mSTEP 5: Starting HTTP Server[39m
2025-11-15 20:07:31:731 [32minfo[39m: [32m━━━━━━━━━━━━━━━━━━━━━━━━━━━━━━━━━━━━━━━━━━━━━━━━━━━━━━━━━[39m
2025-11-15 20:07:31:731 [32minfo[39m: [32m[39m
[32m🚀 Server started successfully![39m
2025-11-15 20:07:31:731 [32minfo[39m: [32m[39m
[32m📍 Endpoints:[39m
2025-11-15 20:07:31:731 [32minfo[39m: [32m   • Health Check: http://localhost:3000/health[39m
2025-11-15 20:07:31:731 [32minfo[39m: [32m   • API Info:     http://localhost:3000/api[39m
2025-11-15 20:07:31:731 [32minfo[39m: [32m   • API Base:     http://localhost:3000/api/*[39m
2025-11-15 20:07:31:731 [32minfo[39m: [32m[39m
[32m🔧 Services Status:[39m
2025-11-15 20:07:31:731 [32minfo[39m: [32m   • Database:     ✅ Connected[39m
2025-11-15 20:07:31:731 [32minfo[39m: [32m   • Cache:        ✅ Connected[39m
2025-11-15 20:07:31:731 [32minfo[39m: [32m   • Analytics:    ✅ Connected[39m
2025-11-15 20:07:31:731 [32minfo[39m: [32m[39m
[32m━━━━━━━━━━━━━━━━━━━━━━━━━━━━━━━━━━━━━━━━━━━━━━━━━━━━━━━━━[39m
2025-11-15 20:07:31:731 [32minfo[39m: [32m✅ FreeTune Backend is ready to serve requests![39m
2025-11-15 20:07:31:731 [32minfo[39m: [32m━━━━━━━━━━━━━━━━━━━━━━━━━━━━━━━━━━━━━━━━━━━━━━━━━━━━━━━━━[39m
[32m[39m
2025-11-15 20:07:48:748 [32minfo[39m: [32m━━━━━━━━━━━━━━━━━━━━━━━━━━━━━━━━━━━━━━━━━━━━━━━━━━━━━━━━━[39m
2025-11-15 20:07:48:748 [32minfo[39m: [32mSTEP 1: Environment Validation[39m
2025-11-15 20:07:48:748 [32minfo[39m: [32m━━━━━━━━━━━━━━━━━━━━━━━━━━━━━━━━━━━━━━━━━━━━━━━━━━━━━━━━━[39m
2025-11-15 20:07:48:748 [32minfo[39m: [32m🔍 Validating environment variables...[39m
2025-11-15 20:07:48:748 [32minfo[39m: [32m✅ Environment variables validated[39m
2025-11-15 20:07:48:748 [32minfo[39m: [32m[39m
[32m━━━━━━━━━━━━━━━━━━━━━━━━━━━━━━━━━━━━━━━━━━━━━━━━━━━━━━━━━[39m
2025-11-15 20:07:48:748 [32minfo[39m: [32mSTEP 2: Database Connections[39m
2025-11-15 20:07:48:748 [32minfo[39m: [32m━━━━━━━━━━━━━━━━━━━━━━━━━━━━━━━━━━━━━━━━━━━━━━━━━━━━━━━━━[39m
2025-11-15 20:07:48:748 [32minfo[39m: [32m🔌 Checking database connections...[39m
2025-11-15 20:07:48:748 [32minfo[39m: [32mSupabase client initialized[39m
2025-11-15 20:07:49:749 [32minfo[39m: [32m  ✅ Supabase (PostgreSQL) connected[39m
2025-11-15 20:07:49:749 [32minfo[39m: [32mUpstash Redis initialized[39m
2025-11-15 20:07:49:749 [32minfo[39m: [32m  ✅ Redis (Upstash) connected[39m
2025-11-15 20:07:51:751 [32minfo[39m: [32mMongoose (MongoDB) connected successfully[39m
2025-11-15 20:07:51:751 [32minfo[39m: [32m  ✅ MongoDB (Mongoose) connected[39m
2025-11-15 20:07:51:751 [32minfo[39m: [32m[39m
[32m━━━━━━━━━━━━━━━━━━━━━━━━━━━━━━━━━━━━━━━━━━━━━━━━━━━━━━━━━[39m
2025-11-15 20:07:51:751 [32minfo[39m: [32mSTEP 3: Service Configuration[39m
2025-11-15 20:07:51:751 [32minfo[39m: [32m━━━━━━━━━━━━━━━━━━━━━━━━━━━━━━━━━━━━━━━━━━━━━━━━━━━━━━━━━[39m
2025-11-15 20:07:51:751 [32minfo[39m: [32m🔧 Checking service configurations...[39m
2025-11-15 20:07:51:751 [32minfo[39m: [32m  ✅ Cloudflare R2 configured[39m
2025-11-15 20:07:51:751 [32minfo[39m: [32m  ✅ JWT authentication configured[39m
2025-11-15 20:07:51:751 [32minfo[39m: [32m  ✅ CORS configured (2 origins)[39m
2025-11-15 20:07:51:751 [32minfo[39m: [32m✅ Service configurations checked[39m
2025-11-15 20:07:51:751 [32minfo[39m: [32m[39m
[32m━━━━━━━━━━━━━━━━━━━━━━━━━━━━━━━━━━━━━━━━━━━━━━━━━━━━━━━━━[39m
2025-11-15 20:07:51:751 [32minfo[39m: [32mSTEP 4: System Information[39m
2025-11-15 20:07:51:751 [32minfo[39m: [32m━━━━━━━━━━━━━━━━━━━━━━━━━━━━━━━━━━━━━━━━━━━━━━━━━━━━━━━━━[39m
2025-11-15 20:07:51:751 [32minfo[39m: [32m📊 System Information:[39m
2025-11-15 20:07:51:751 [32minfo[39m: [32m  • Node.js: v22.20.0[39m
2025-11-15 20:07:51:751 [32minfo[39m: [32m  • Platform: linux[39m
2025-11-15 20:07:51:751 [32minfo[39m: [32m  • Architecture: x64[39m
2025-11-15 20:07:51:751 [32minfo[39m: [32m  • Memory: 63MB[39m
2025-11-15 20:07:51:751 [32minfo[39m: [32m  • Environment: development[39m
2025-11-15 20:07:51:751 [32minfo[39m: [32m  • Port: 3000[39m
2025-11-15 20:07:51:751 [32minfo[39m: [32m[39m
[32m━━━━━━━━━━━━━━━━━━━━━━━━━━━━━━━━━━━━━━━━━━━━━━━━━━━━━━━━━[39m
2025-11-15 20:07:51:751 [32minfo[39m: [32mSTEP 5: Starting HTTP Server[39m
2025-11-15 20:07:51:751 [32minfo[39m: [32m━━━━━━━━━━━━━━━━━━━━━━━━━━━━━━━━━━━━━━━━━━━━━━━━━━━━━━━━━[39m
2025-11-15 20:07:51:751 [32minfo[39m: [32m[39m
[32m🚀 Server started successfully![39m
2025-11-15 20:07:51:751 [32minfo[39m: [32m[39m
[32m📍 Endpoints:[39m
2025-11-15 20:07:51:751 [32minfo[39m: [32m   • Health Check: http://localhost:3000/health[39m
2025-11-15 20:07:51:751 [32minfo[39m: [32m   • API Info:     http://localhost:3000/api[39m
2025-11-15 20:07:51:751 [32minfo[39m: [32m   • API Base:     http://localhost:3000/api/*[39m
2025-11-15 20:07:51:751 [32minfo[39m: [32m[39m
[32m🔧 Services Status:[39m
2025-11-15 20:07:51:751 [32minfo[39m: [32m   • Database:     ✅ Connected[39m
2025-11-15 20:07:51:751 [32minfo[39m: [32m   • Cache:        ✅ Connected[39m
2025-11-15 20:07:51:751 [32minfo[39m: [32m   • Analytics:    ✅ Connected[39m
2025-11-15 20:07:51:751 [32minfo[39m: [32m[39m
[32m━━━━━━━━━━━━━━━━━━━━━━━━━━━━━━━━━━━━━━━━━━━━━━━━━━━━━━━━━[39m
2025-11-15 20:07:51:751 [32minfo[39m: [32m✅ FreeTune Backend is ready to serve requests![39m
2025-11-15 20:07:51:751 [32minfo[39m: [32m━━━━━━━━━━━━━━━━━━━━━━━━━━━━━━━━━━━━━━━━━━━━━━━━━━━━━━━━━[39m
[32m[39m
2025-11-15 20:08:38:838 [32minfo[39m: [32m━━━━━━━━━━━━━━━━━━━━━━━━━━━━━━━━━━━━━━━━━━━━━━━━━━━━━━━━━[39m
2025-11-15 20:08:38:838 [32minfo[39m: [32mSTEP 1: Environment Validation[39m
2025-11-15 20:08:38:838 [32minfo[39m: [32m━━━━━━━━━━━━━━━━━━━━━━━━━━━━━━━━━━━━━━━━━━━━━━━━━━━━━━━━━[39m
2025-11-15 20:08:38:838 [32minfo[39m: [32m🔍 Validating environment variables...[39m
2025-11-15 20:08:38:838 [32minfo[39m: [32m✅ Environment variables validated[39m
2025-11-15 20:08:38:838 [32minfo[39m: [32m[39m
[32m━━━━━━━━━━━━━━━━━━━━━━━━━━━━━━━━━━━━━━━━━━━━━━━━━━━━━━━━━[39m
2025-11-15 20:08:38:838 [32minfo[39m: [32mSTEP 2: Database Connections[39m
2025-11-15 20:08:38:838 [32minfo[39m: [32m━━━━━━━━━━━━━━━━━━━━━━━━━━━━━━━━━━━━━━━━━━━━━━━━━━━━━━━━━[39m
2025-11-15 20:08:39:839 [32minfo[39m: [32m🔌 Checking database connections...[39m
2025-11-15 20:08:39:839 [32minfo[39m: [32mSupabase client initialized[39m
2025-11-15 20:08:39:839 [32minfo[39m: [32m  ✅ Supabase (PostgreSQL) connected[39m
2025-11-15 20:08:39:839 [32minfo[39m: [32mUpstash Redis initialized[39m
2025-11-15 20:08:40:840 [32minfo[39m: [32m  ✅ Redis (Upstash) connected[39m
2025-11-15 20:08:41:841 [32minfo[39m: [32mMongoose (MongoDB) connected successfully[39m
2025-11-15 20:08:41:841 [32minfo[39m: [32m  ✅ MongoDB (Mongoose) connected[39m
2025-11-15 20:08:41:841 [32minfo[39m: [32m[39m
[32m━━━━━━━━━━━━━━━━━━━━━━━━━━━━━━━━━━━━━━━━━━━━━━━━━━━━━━━━━[39m
2025-11-15 20:08:41:841 [32minfo[39m: [32mSTEP 3: Service Configuration[39m
2025-11-15 20:08:41:841 [32minfo[39m: [32m━━━━━━━━━━━━━━━━━━━━━━━━━━━━━━━━━━━━━━━━━━━━━━━━━━━━━━━━━[39m
2025-11-15 20:08:41:841 [32minfo[39m: [32m🔧 Checking service configurations...[39m
2025-11-15 20:08:41:841 [32minfo[39m: [32m  ✅ Cloudflare R2 configured[39m
2025-11-15 20:08:41:841 [32minfo[39m: [32m  ✅ JWT authentication configured[39m
2025-11-15 20:08:41:841 [32minfo[39m: [32m  ✅ CORS configured (2 origins)[39m
2025-11-15 20:08:41:841 [32minfo[39m: [32m✅ Service configurations checked[39m
2025-11-15 20:08:41:841 [32minfo[39m: [32m[39m
[32m━━━━━━━━━━━━━━━━━━━━━━━━━━━━━━━━━━━━━━━━━━━━━━━━━━━━━━━━━[39m
2025-11-15 20:08:41:841 [32minfo[39m: [32mSTEP 4: System Information[39m
2025-11-15 20:08:41:841 [32minfo[39m: [32m━━━━━━━━━━━━━━━━━━━━━━━━━━━━━━━━━━━━━━━━━━━━━━━━━━━━━━━━━[39m
2025-11-15 20:08:41:841 [32minfo[39m: [32m📊 System Information:[39m
2025-11-15 20:08:41:841 [32minfo[39m: [32m  • Node.js: v22.20.0[39m
2025-11-15 20:08:41:841 [32minfo[39m: [32m  • Platform: linux[39m
2025-11-15 20:08:41:841 [32minfo[39m: [32m  • Architecture: x64[39m
2025-11-15 20:08:41:841 [32minfo[39m: [32m  • Memory: 63MB[39m
2025-11-15 20:08:41:841 [32minfo[39m: [32m  • Environment: development[39m
2025-11-15 20:08:41:841 [32minfo[39m: [32m  • Port: 3000[39m
2025-11-15 20:08:41:841 [32minfo[39m: [32m[39m
[32m━━━━━━━━━━━━━━━━━━━━━━━━━━━━━━━━━━━━━━━━━━━━━━━━━━━━━━━━━[39m
2025-11-15 20:08:41:841 [32minfo[39m: [32mSTEP 5: Starting HTTP Server[39m
2025-11-15 20:08:41:841 [32minfo[39m: [32m━━━━━━━━━━━━━━━━━━━━━━━━━━━━━━━━━━━━━━━━━━━━━━━━━━━━━━━━━[39m
2025-11-15 20:08:41:841 [32minfo[39m: [32m[39m
[32m🚀 Server started successfully![39m
2025-11-15 20:08:41:841 [32minfo[39m: [32m[39m
[32m📍 Endpoints:[39m
2025-11-15 20:08:41:841 [32minfo[39m: [32m   • Health Check: http://localhost:3000/health[39m
2025-11-15 20:08:41:841 [32minfo[39m: [32m   • API Info:     http://localhost:3000/api[39m
2025-11-15 20:08:41:841 [32minfo[39m: [32m   • API Base:     http://localhost:3000/api/*[39m
2025-11-15 20:08:41:841 [32minfo[39m: [32m[39m
[32m🔧 Services Status:[39m
2025-11-15 20:08:41:841 [32minfo[39m: [32m   • Database:     ✅ Connected[39m
2025-11-15 20:08:41:841 [32minfo[39m: [32m   • Cache:        ✅ Connected[39m
2025-11-15 20:08:41:841 [32minfo[39m: [32m   • Analytics:    ✅ Connected[39m
2025-11-15 20:08:41:841 [32minfo[39m: [32m[39m
[32m━━━━━━━━━━━━━━━━━━━━━━━━━━━━━━━━━━━━━━━━━━━━━━━━━━━━━━━━━[39m
2025-11-15 20:08:41:841 [32minfo[39m: [32m✅ FreeTune Backend is ready to serve requests![39m
2025-11-15 20:08:41:841 [32minfo[39m: [32m━━━━━━━━━━━━━━━━━━━━━━━━━━━━━━━━━━━━━━━━━━━━━━━━━━━━━━━━━[39m
[32m[39m
2025-11-15 20:09:06:96 [32minfo[39m: [32m━━━━━━━━━━━━━━━━━━━━━━━━━━━━━━━━━━━━━━━━━━━━━━━━━━━━━━━━━[39m
2025-11-15 20:09:06:96 [32minfo[39m: [32mSTEP 1: Environment Validation[39m
2025-11-15 20:09:06:96 [32minfo[39m: [32m━━━━━━━━━━━━━━━━━━━━━━━━━━━━━━━━━━━━━━━━━━━━━━━━━━━━━━━━━[39m
2025-11-15 20:09:06:96 [32minfo[39m: [32m🔍 Validating environment variables...[39m
2025-11-15 20:09:06:96 [32minfo[39m: [32m✅ Environment variables validated[39m
2025-11-15 20:09:06:96 [32minfo[39m: [32m[39m
[32m━━━━━━━━━━━━━━━━━━━━━━━━━━━━━━━━━━━━━━━━━━━━━━━━━━━━━━━━━[39m
2025-11-15 20:09:06:96 [32minfo[39m: [32mSTEP 2: Database Connections[39m
2025-11-15 20:09:06:96 [32minfo[39m: [32m━━━━━━━━━━━━━━━━━━━━━━━━━━━━━━━━━━━━━━━━━━━━━━━━━━━━━━━━━[39m
2025-11-15 20:09:06:96 [32minfo[39m: [32m🔌 Checking database connections...[39m
2025-11-15 20:09:06:96 [32minfo[39m: [32mSupabase client initialized[39m
2025-11-15 20:09:06:96 [32minfo[39m: [32m  ✅ Supabase (PostgreSQL) connected[39m
2025-11-15 20:09:06:96 [32minfo[39m: [32mUpstash Redis initialized[39m
2025-11-15 20:09:07:97 [32minfo[39m: [32m  ✅ Redis (Upstash) connected[39m
2025-11-15 20:09:08:98 [32minfo[39m: [32mMongoose (MongoDB) connected successfully[39m
2025-11-15 20:09:08:98 [32minfo[39m: [32m  ✅ MongoDB (Mongoose) connected[39m
2025-11-15 20:09:08:98 [32minfo[39m: [32m[39m
[32m━━━━━━━━━━━━━━━━━━━━━━━━━━━━━━━━━━━━━━━━━━━━━━━━━━━━━━━━━[39m
2025-11-15 20:09:08:98 [32minfo[39m: [32mSTEP 3: Service Configuration[39m
2025-11-15 20:09:08:98 [32minfo[39m: [32m━━━━━━━━━━━━━━━━━━━━━━━━━━━━━━━━━━━━━━━━━━━━━━━━━━━━━━━━━[39m
2025-11-15 20:09:08:98 [32minfo[39m: [32m🔧 Checking service configurations...[39m
2025-11-15 20:09:08:98 [32minfo[39m: [32m  ✅ Cloudflare R2 configured[39m
2025-11-15 20:09:08:98 [32minfo[39m: [32m  ✅ JWT authentication configured[39m
2025-11-15 20:09:08:98 [32minfo[39m: [32m  ✅ CORS configured (2 origins)[39m
2025-11-15 20:09:08:98 [32minfo[39m: [32m✅ Service configurations checked[39m
2025-11-15 20:09:08:98 [32minfo[39m: [32m[39m
[32m━━━━━━━━━━━━━━━━━━━━━━━━━━━━━━━━━━━━━━━━━━━━━━━━━━━━━━━━━[39m
2025-11-15 20:09:08:98 [32minfo[39m: [32mSTEP 4: System Information[39m
2025-11-15 20:09:08:98 [32minfo[39m: [32m━━━━━━━━━━━━━━━━━━━━━━━━━━━━━━━━━━━━━━━━━━━━━━━━━━━━━━━━━[39m
2025-11-15 20:09:08:98 [32minfo[39m: [32m📊 System Information:[39m
2025-11-15 20:09:08:98 [32minfo[39m: [32m  • Node.js: v22.20.0[39m
2025-11-15 20:09:08:98 [32minfo[39m: [32m  • Platform: linux[39m
2025-11-15 20:09:08:98 [32minfo[39m: [32m  • Architecture: x64[39m
2025-11-15 20:09:08:98 [32minfo[39m: [32m  • Memory: 63MB[39m
2025-11-15 20:09:08:98 [32minfo[39m: [32m  • Environment: development[39m
2025-11-15 20:09:08:98 [32minfo[39m: [32m  • Port: 3000[39m
2025-11-15 20:09:08:98 [32minfo[39m: [32m[39m
[32m━━━━━━━━━━━━━━━━━━━━━━━━━━━━━━━━━━━━━━━━━━━━━━━━━━━━━━━━━[39m
2025-11-15 20:09:08:98 [32minfo[39m: [32mSTEP 5: Starting HTTP Server[39m
2025-11-15 20:09:08:98 [32minfo[39m: [32m━━━━━━━━━━━━━━━━━━━━━━━━━━━━━━━━━━━━━━━━━━━━━━━━━━━━━━━━━[39m
2025-11-15 20:09:08:98 [32minfo[39m: [32m[39m
[32m🚀 Server started successfully![39m
2025-11-15 20:09:08:98 [32minfo[39m: [32m[39m
[32m📍 Endpoints:[39m
2025-11-15 20:09:08:98 [32minfo[39m: [32m   • Health Check: http://localhost:3000/health[39m
2025-11-15 20:09:08:98 [32minfo[39m: [32m   • API Info:     http://localhost:3000/api[39m
2025-11-15 20:09:08:98 [32minfo[39m: [32m   • API Base:     http://localhost:3000/api/*[39m
2025-11-15 20:09:08:98 [32minfo[39m: [32m[39m
[32m🔧 Services Status:[39m
2025-11-15 20:09:08:98 [32minfo[39m: [32m   • Database:     ✅ Connected[39m
2025-11-15 20:09:08:98 [32minfo[39m: [32m   • Cache:        ✅ Connected[39m
2025-11-15 20:09:08:98 [32minfo[39m: [32m   • Analytics:    ✅ Connected[39m
2025-11-15 20:09:08:98 [32minfo[39m: [32m[39m
[32m━━━━━━━━━━━━━━━━━━━━━━━━━━━━━━━━━━━━━━━━━━━━━━━━━━━━━━━━━[39m
2025-11-15 20:09:08:98 [32minfo[39m: [32m✅ FreeTune Backend is ready to serve requests![39m
2025-11-15 20:09:08:98 [32minfo[39m: [32m━━━━━━━━━━━━━━━━━━━━━━━━━━━━━━━━━━━━━━━━━━━━━━━━━━━━━━━━━[39m
[32m[39m
2025-11-15 20:09:31:931 [32minfo[39m: [32m━━━━━━━━━━━━━━━━━━━━━━━━━━━━━━━━━━━━━━━━━━━━━━━━━━━━━━━━━[39m
2025-11-15 20:09:31:931 [32minfo[39m: [32mSTEP 1: Environment Validation[39m
2025-11-15 20:09:31:931 [32minfo[39m: [32m━━━━━━━━━━━━━━━━━━━━━━━━━━━━━━━━━━━━━━━━━━━━━━━━━━━━━━━━━[39m
2025-11-15 20:09:31:931 [32minfo[39m: [32m🔍 Validating environment variables...[39m
2025-11-15 20:09:31:931 [32minfo[39m: [32m✅ Environment variables validated[39m
2025-11-15 20:09:31:931 [32minfo[39m: [32m[39m
[32m━━━━━━━━━━━━━━━━━━━━━━━━━━━━━━━━━━━━━━━━━━━━━━━━━━━━━━━━━[39m
2025-11-15 20:09:31:931 [32minfo[39m: [32mSTEP 2: Database Connections[39m
2025-11-15 20:09:31:931 [32minfo[39m: [32m━━━━━━━━━━━━━━━━━━━━━━━━━━━━━━━━━━━━━━━━━━━━━━━━━━━━━━━━━[39m
2025-11-15 20:09:31:931 [32minfo[39m: [32m🔌 Checking database connections...[39m
2025-11-15 20:09:31:931 [32minfo[39m: [32mSupabase client initialized[39m
2025-11-15 20:09:32:932 [32minfo[39m: [32m  ✅ Supabase (PostgreSQL) connected[39m
2025-11-15 20:09:32:932 [32minfo[39m: [32mUpstash Redis initialized[39m
2025-11-15 20:09:33:933 [32minfo[39m: [32m  ✅ Redis (Upstash) connected[39m
2025-11-15 20:09:34:934 [32minfo[39m: [32mMongoose (MongoDB) connected successfully[39m
2025-11-15 20:09:34:934 [32minfo[39m: [32m  ✅ MongoDB (Mongoose) connected[39m
2025-11-15 20:09:34:934 [32minfo[39m: [32m[39m
[32m━━━━━━━━━━━━━━━━━━━━━━━━━━━━━━━━━━━━━━━━━━━━━━━━━━━━━━━━━[39m
2025-11-15 20:09:34:934 [32minfo[39m: [32mSTEP 3: Service Configuration[39m
2025-11-15 20:09:34:934 [32minfo[39m: [32m━━━━━━━━━━━━━━━━━━━━━━━━━━━━━━━━━━━━━━━━━━━━━━━━━━━━━━━━━[39m
2025-11-15 20:09:34:934 [32minfo[39m: [32m🔧 Checking service configurations...[39m
2025-11-15 20:09:34:934 [32minfo[39m: [32m  ✅ Cloudflare R2 configured[39m
2025-11-15 20:09:34:934 [32minfo[39m: [32m  ✅ JWT authentication configured[39m
2025-11-15 20:09:34:934 [32minfo[39m: [32m  ✅ CORS configured (2 origins)[39m
2025-11-15 20:09:34:934 [32minfo[39m: [32m✅ Service configurations checked[39m
2025-11-15 20:09:34:934 [32minfo[39m: [32m[39m
[32m━━━━━━━━━━━━━━━━━━━━━━━━━━━━━━━━━━━━━━━━━━━━━━━━━━━━━━━━━[39m
2025-11-15 20:09:34:934 [32minfo[39m: [32mSTEP 4: System Information[39m
2025-11-15 20:09:34:934 [32minfo[39m: [32m━━━━━━━━━━━━━━━━━━━━━━━━━━━━━━━━━━━━━━━━━━━━━━━━━━━━━━━━━[39m
2025-11-15 20:09:34:934 [32minfo[39m: [32m📊 System Information:[39m
2025-11-15 20:09:34:934 [32minfo[39m: [32m  • Node.js: v22.20.0[39m
2025-11-15 20:09:34:934 [32minfo[39m: [32m  • Platform: linux[39m
2025-11-15 20:09:34:934 [32minfo[39m: [32m  • Architecture: x64[39m
2025-11-15 20:09:34:934 [32minfo[39m: [32m  • Memory: 63MB[39m
2025-11-15 20:09:34:934 [32minfo[39m: [32m  • Environment: development[39m
2025-11-15 20:09:34:934 [32minfo[39m: [32m  • Port: 3000[39m
2025-11-15 20:09:34:934 [32minfo[39m: [32m[39m
[32m━━━━━━━━━━━━━━━━━━━━━━━━━━━━━━━━━━━━━━━━━━━━━━━━━━━━━━━━━[39m
2025-11-15 20:09:34:934 [32minfo[39m: [32mSTEP 5: Starting HTTP Server[39m
2025-11-15 20:09:34:934 [32minfo[39m: [32m━━━━━━━━━━━━━━━━━━━━━━━━━━━━━━━━━━━━━━━━━━━━━━━━━━━━━━━━━[39m
2025-11-15 20:09:34:934 [32minfo[39m: [32m[39m
[32m🚀 Server started successfully![39m
2025-11-15 20:09:34:934 [32minfo[39m: [32m[39m
[32m📍 Endpoints:[39m
2025-11-15 20:09:34:934 [32minfo[39m: [32m   • Health Check: http://localhost:3000/health[39m
2025-11-15 20:09:34:934 [32minfo[39m: [32m   • API Info:     http://localhost:3000/api[39m
2025-11-15 20:09:34:934 [32minfo[39m: [32m   • API Base:     http://localhost:3000/api/*[39m
2025-11-15 20:09:34:934 [32minfo[39m: [32m[39m
[32m🔧 Services Status:[39m
2025-11-15 20:09:34:934 [32minfo[39m: [32m   • Database:     ✅ Connected[39m
2025-11-15 20:09:34:934 [32minfo[39m: [32m   • Cache:        ✅ Connected[39m
2025-11-15 20:09:34:934 [32minfo[39m: [32m   • Analytics:    ✅ Connected[39m
2025-11-15 20:09:34:934 [32minfo[39m: [32m[39m
[32m━━━━━━━━━━━━━━━━━━━━━━━━━━━━━━━━━━━━━━━━━━━━━━━━━━━━━━━━━[39m
2025-11-15 20:09:34:934 [32minfo[39m: [32m✅ FreeTune Backend is ready to serve requests![39m
2025-11-15 20:09:34:934 [32minfo[39m: [32m━━━━━━━━━━━━━━━━━━━━━━━━━━━━━━━━━━━━━━━━━━━━━━━━━━━━━━━━━[39m
[32m[39m
2025-11-15 20:10:15:1015 [32minfo[39m: [32m━━━━━━━━━━━━━━━━━━━━━━━━━━━━━━━━━━━━━━━━━━━━━━━━━━━━━━━━━[39m
2025-11-15 20:10:15:1015 [32minfo[39m: [32mSTEP 1: Environment Validation[39m
2025-11-15 20:10:15:1015 [32minfo[39m: [32m━━━━━━━━━━━━━━━━━━━━━━━━━━━━━━━━━━━━━━━━━━━━━━━━━━━━━━━━━[39m
2025-11-15 20:10:15:1015 [32minfo[39m: [32m🔍 Validating environment variables...[39m
2025-11-15 20:10:15:1015 [32minfo[39m: [32m✅ Environment variables validated[39m
2025-11-15 20:10:15:1015 [32minfo[39m: [32m[39m
[32m━━━━━━━━━━━━━━━━━━━━━━━━━━━━━━━━━━━━━━━━━━━━━━━━━━━━━━━━━[39m
2025-11-15 20:10:15:1015 [32minfo[39m: [32mSTEP 2: Database Connections[39m
2025-11-15 20:10:15:1015 [32minfo[39m: [32m━━━━━━━━━━━━━━━━━━━━━━━━━━━━━━━━━━━━━━━━━━━━━━━━━━━━━━━━━[39m
2025-11-15 20:10:15:1015 [32minfo[39m: [32m🔌 Checking database connections...[39m
2025-11-15 20:10:15:1015 [32minfo[39m: [32mSupabase client initialized[39m
2025-11-15 20:10:15:1015 [32minfo[39m: [32m  ✅ Supabase (PostgreSQL) connected[39m
2025-11-15 20:10:15:1015 [32minfo[39m: [32mUpstash Redis initialized[39m
2025-11-15 20:10:15:1015 [32minfo[39m: [32m  ✅ Redis (Upstash) connected[39m
2025-11-15 20:10:16:1016 [32minfo[39m: [32mMongoose (MongoDB) connected successfully[39m
2025-11-15 20:10:16:1016 [32minfo[39m: [32m  ✅ MongoDB (Mongoose) connected[39m
2025-11-15 20:10:16:1016 [32minfo[39m: [32m[39m
[32m━━━━━━━━━━━━━━━━━━━━━━━━━━━━━━━━━━━━━━━━━━━━━━━━━━━━━━━━━[39m
2025-11-15 20:10:16:1016 [32minfo[39m: [32mSTEP 3: Service Configuration[39m
2025-11-15 20:10:16:1016 [32minfo[39m: [32m━━━━━━━━━━━━━━━━━━━━━━━━━━━━━━━━━━━━━━━━━━━━━━━━━━━━━━━━━[39m
2025-11-15 20:10:16:1016 [32minfo[39m: [32m🔧 Checking service configurations...[39m
2025-11-15 20:10:16:1016 [32minfo[39m: [32m  ✅ Cloudflare R2 configured[39m
2025-11-15 20:10:16:1016 [32minfo[39m: [32m  ✅ JWT authentication configured[39m
2025-11-15 20:10:16:1016 [32minfo[39m: [32m  ✅ CORS configured (2 origins)[39m
2025-11-15 20:10:16:1016 [32minfo[39m: [32m✅ Service configurations checked[39m
2025-11-15 20:10:16:1016 [32minfo[39m: [32m[39m
[32m━━━━━━━━━━━━━━━━━━━━━━━━━━━━━━━━━━━━━━━━━━━━━━━━━━━━━━━━━[39m
2025-11-15 20:10:16:1016 [32minfo[39m: [32mSTEP 4: System Information[39m
2025-11-15 20:10:16:1016 [32minfo[39m: [32m━━━━━━━━━━━━━━━━━━━━━━━━━━━━━━━━━━━━━━━━━━━━━━━━━━━━━━━━━[39m
2025-11-15 20:10:16:1016 [32minfo[39m: [32m📊 System Information:[39m
2025-11-15 20:10:16:1016 [32minfo[39m: [32m  • Node.js: v22.20.0[39m
2025-11-15 20:10:16:1016 [32minfo[39m: [32m  • Platform: linux[39m
2025-11-15 20:10:16:1016 [32minfo[39m: [32m  • Architecture: x64[39m
2025-11-15 20:10:16:1016 [32minfo[39m: [32m  • Memory: 63MB[39m
2025-11-15 20:10:16:1016 [32minfo[39m: [32m  • Environment: development[39m
2025-11-15 20:10:16:1016 [32minfo[39m: [32m  • Port: 3000[39m
2025-11-15 20:10:16:1016 [32minfo[39m: [32m[39m
[32m━━━━━━━━━━━━━━━━━━━━━━━━━━━━━━━━━━━━━━━━━━━━━━━━━━━━━━━━━[39m
2025-11-15 20:10:16:1016 [32minfo[39m: [32mSTEP 5: Starting HTTP Server[39m
2025-11-15 20:10:16:1016 [32minfo[39m: [32m━━━━━━━━━━━━━━━━━━━━━━━━━━━━━━━━━━━━━━━━━━━━━━━━━━━━━━━━━[39m
2025-11-15 20:10:16:1016 [32minfo[39m: [32m[39m
[32m🚀 Server started successfully![39m
2025-11-15 20:10:16:1016 [32minfo[39m: [32m[39m
[32m📍 Endpoints:[39m
2025-11-15 20:10:16:1016 [32minfo[39m: [32m   • Health Check: http://localhost:3000/health[39m
2025-11-15 20:10:16:1016 [32minfo[39m: [32m   • API Info:     http://localhost:3000/api[39m
2025-11-15 20:10:16:1016 [32minfo[39m: [32m   • API Base:     http://localhost:3000/api/*[39m
2025-11-15 20:10:16:1016 [32minfo[39m: [32m[39m
[32m🔧 Services Status:[39m
2025-11-15 20:10:16:1016 [32minfo[39m: [32m   • Database:     ✅ Connected[39m
2025-11-15 20:10:16:1016 [32minfo[39m: [32m   • Cache:        ✅ Connected[39m
2025-11-15 20:10:16:1016 [32minfo[39m: [32m   • Analytics:    ✅ Connected[39m
2025-11-15 20:10:16:1016 [32minfo[39m: [32m[39m
[32m━━━━━━━━━━━━━━━━━━━━━━━━━━━━━━━━━━━━━━━━━━━━━━━━━━━━━━━━━[39m
2025-11-15 20:10:16:1016 [32minfo[39m: [32m✅ FreeTune Backend is ready to serve requests![39m
2025-11-15 20:10:16:1016 [32minfo[39m: [32m━━━━━━━━━━━━━━━━━━━━━━━━━━━━━━━━━━━━━━━━━━━━━━━━━━━━━━━━━[39m
[32m[39m
2025-11-15 20:10:33:1033 [32minfo[39m: [32m━━━━━━━━━━━━━━━━━━━━━━━━━━━━━━━━━━━━━━━━━━━━━━━━━━━━━━━━━[39m
2025-11-15 20:10:33:1033 [32minfo[39m: [32mSTEP 1: Environment Validation[39m
2025-11-15 20:10:33:1033 [32minfo[39m: [32m━━━━━━━━━━━━━━━━━━━━━━━━━━━━━━━━━━━━━━━━━━━━━━━━━━━━━━━━━[39m
2025-11-15 20:10:33:1033 [32minfo[39m: [32m🔍 Validating environment variables...[39m
2025-11-15 20:10:33:1033 [32minfo[39m: [32m✅ Environment variables validated[39m
2025-11-15 20:10:33:1033 [32minfo[39m: [32m[39m
[32m━━━━━━━━━━━━━━━━━━━━━━━━━━━━━━━━━━━━━━━━━━━━━━━━━━━━━━━━━[39m
2025-11-15 20:10:33:1033 [32minfo[39m: [32mSTEP 2: Database Connections[39m
2025-11-15 20:10:33:1033 [32minfo[39m: [32m━━━━━━━━━━━━━━━━━━━━━━━━━━━━━━━━━━━━━━━━━━━━━━━━━━━━━━━━━[39m
2025-11-15 20:10:33:1033 [32minfo[39m: [32m🔌 Checking database connections...[39m
2025-11-15 20:10:33:1033 [32minfo[39m: [32mSupabase client initialized[39m
2025-11-15 20:10:34:1034 [32minfo[39m: [32m  ✅ Supabase (PostgreSQL) connected[39m
2025-11-15 20:10:34:1034 [32minfo[39m: [32mUpstash Redis initialized[39m
2025-11-15 20:10:34:1034 [32minfo[39m: [32m  ✅ Redis (Upstash) connected[39m
2025-11-15 20:10:35:1035 [32minfo[39m: [32mMongoose (MongoDB) connected successfully[39m
2025-11-15 20:10:35:1035 [32minfo[39m: [32m  ✅ MongoDB (Mongoose) connected[39m
2025-11-15 20:10:35:1035 [32minfo[39m: [32m[39m
[32m━━━━━━━━━━━━━━━━━━━━━━━━━━━━━━━━━━━━━━━━━━━━━━━━━━━━━━━━━[39m
2025-11-15 20:10:35:1035 [32minfo[39m: [32mSTEP 3: Service Configuration[39m
2025-11-15 20:10:35:1035 [32minfo[39m: [32m━━━━━━━━━━━━━━━━━━━━━━━━━━━━━━━━━━━━━━━━━━━━━━━━━━━━━━━━━[39m
2025-11-15 20:10:35:1035 [32minfo[39m: [32m🔧 Checking service configurations...[39m
2025-11-15 20:10:35:1035 [32minfo[39m: [32m  ✅ Cloudflare R2 configured[39m
2025-11-15 20:10:35:1035 [32minfo[39m: [32m  ✅ JWT authentication configured[39m
2025-11-15 20:10:35:1035 [32minfo[39m: [32m  ✅ CORS configured (2 origins)[39m
2025-11-15 20:10:35:1035 [32minfo[39m: [32m✅ Service configurations checked[39m
2025-11-15 20:10:35:1035 [32minfo[39m: [32m[39m
[32m━━━━━━━━━━━━━━━━━━━━━━━━━━━━━━━━━━━━━━━━━━━━━━━━━━━━━━━━━[39m
2025-11-15 20:10:35:1035 [32minfo[39m: [32mSTEP 4: System Information[39m
2025-11-15 20:10:35:1035 [32minfo[39m: [32m━━━━━━━━━━━━━━━━━━━━━━━━━━━━━━━━━━━━━━━━━━━━━━━━━━━━━━━━━[39m
2025-11-15 20:10:35:1035 [32minfo[39m: [32m📊 System Information:[39m
2025-11-15 20:10:35:1035 [32minfo[39m: [32m  • Node.js: v22.20.0[39m
2025-11-15 20:10:35:1035 [32minfo[39m: [32m  • Platform: linux[39m
2025-11-15 20:10:35:1035 [32minfo[39m: [32m  • Architecture: x64[39m
2025-11-15 20:10:35:1035 [32minfo[39m: [32m  • Memory: 64MB[39m
2025-11-15 20:10:35:1035 [32minfo[39m: [32m  • Environment: development[39m
2025-11-15 20:10:35:1035 [32minfo[39m: [32m  • Port: 3000[39m
2025-11-15 20:10:35:1035 [32minfo[39m: [32m[39m
[32m━━━━━━━━━━━━━━━━━━━━━━━━━━━━━━━━━━━━━━━━━━━━━━━━━━━━━━━━━[39m
2025-11-15 20:10:35:1035 [32minfo[39m: [32mSTEP 5: Starting HTTP Server[39m
2025-11-15 20:10:35:1035 [32minfo[39m: [32m━━━━━━━━━━━━━━━━━━━━━━━━━━━━━━━━━━━━━━━━━━━━━━━━━━━━━━━━━[39m
2025-11-15 20:10:35:1035 [32minfo[39m: [32m[39m
[32m🚀 Server started successfully![39m
2025-11-15 20:10:35:1035 [32minfo[39m: [32m[39m
[32m📍 Endpoints:[39m
2025-11-15 20:10:35:1035 [32minfo[39m: [32m   • Health Check: http://localhost:3000/health[39m
2025-11-15 20:10:35:1035 [32minfo[39m: [32m   • API Info:     http://localhost:3000/api[39m
2025-11-15 20:10:35:1035 [32minfo[39m: [32m   • API Base:     http://localhost:3000/api/*[39m
2025-11-15 20:10:35:1035 [32minfo[39m: [32m[39m
[32m🔧 Services Status:[39m
2025-11-15 20:10:35:1035 [32minfo[39m: [32m   • Database:     ✅ Connected[39m
2025-11-15 20:10:35:1035 [32minfo[39m: [32m   • Cache:        ✅ Connected[39m
2025-11-15 20:10:35:1035 [32minfo[39m: [32m   • Analytics:    ✅ Connected[39m
2025-11-15 20:10:35:1035 [32minfo[39m: [32m[39m
[32m━━━━━━━━━━━━━━━━━━━━━━━━━━━━━━━━━━━━━━━━━━━━━━━━━━━━━━━━━[39m
2025-11-15 20:10:35:1035 [32minfo[39m: [32m✅ FreeTune Backend is ready to serve requests![39m
2025-11-15 20:10:35:1035 [32minfo[39m: [32m━━━━━━━━━━━━━━━━━━━━━━━━━━━━━━━━━━━━━━━━━━━━━━━━━━━━━━━━━[39m
[32m[39m
2025-11-15 20:10:57:1057 [32minfo[39m: [32m━━━━━━━━━━━━━━━━━━━━━━━━━━━━━━━━━━━━━━━━━━━━━━━━━━━━━━━━━[39m
2025-11-15 20:10:57:1057 [32minfo[39m: [32mSTEP 1: Environment Validation[39m
2025-11-15 20:10:57:1057 [32minfo[39m: [32m━━━━━━━━━━━━━━━━━━━━━━━━━━━━━━━━━━━━━━━━━━━━━━━━━━━━━━━━━[39m
2025-11-15 20:10:57:1057 [32minfo[39m: [32m🔍 Validating environment variables...[39m
2025-11-15 20:10:57:1057 [32minfo[39m: [32m✅ Environment variables validated[39m
2025-11-15 20:10:57:1057 [32minfo[39m: [32m[39m
[32m━━━━━━━━━━━━━━━━━━━━━━━━━━━━━━━━━━━━━━━━━━━━━━━━━━━━━━━━━[39m
2025-11-15 20:10:57:1057 [32minfo[39m: [32mSTEP 2: Database Connections[39m
2025-11-15 20:10:57:1057 [32minfo[39m: [32m━━━━━━━━━━━━━━━━━━━━━━━━━━━━━━━━━━━━━━━━━━━━━━━━━━━━━━━━━[39m
2025-11-15 20:10:57:1057 [32minfo[39m: [32m🔌 Checking database connections...[39m
2025-11-15 20:10:57:1057 [32minfo[39m: [32mSupabase client initialized[39m
2025-11-15 20:10:59:1059 [32minfo[39m: [32m  ✅ Supabase (PostgreSQL) connected[39m
2025-11-15 20:10:59:1059 [32minfo[39m: [32mUpstash Redis initialized[39m
2025-11-15 20:10:59:1059 [32minfo[39m: [32m  ✅ Redis (Upstash) connected[39m
2025-11-15 20:11:00:110 [32minfo[39m: [32mMongoose (MongoDB) connected successfully[39m
2025-11-15 20:11:00:110 [32minfo[39m: [32m  ✅ MongoDB (Mongoose) connected[39m
2025-11-15 20:11:00:110 [32minfo[39m: [32m[39m
[32m━━━━━━━━━━━━━━━━━━━━━━━━━━━━━━━━━━━━━━━━━━━━━━━━━━━━━━━━━[39m
2025-11-15 20:11:00:110 [32minfo[39m: [32mSTEP 3: Service Configuration[39m
2025-11-15 20:11:00:110 [32minfo[39m: [32m━━━━━━━━━━━━━━━━━━━━━━━━━━━━━━━━━━━━━━━━━━━━━━━━━━━━━━━━━[39m
2025-11-15 20:11:00:110 [32minfo[39m: [32m🔧 Checking service configurations...[39m
2025-11-15 20:11:00:110 [32minfo[39m: [32m  ✅ Cloudflare R2 configured[39m
2025-11-15 20:11:00:110 [32minfo[39m: [32m  ✅ JWT authentication configured[39m
2025-11-15 20:11:00:110 [32minfo[39m: [32m  ✅ CORS configured (2 origins)[39m
2025-11-15 20:11:00:110 [32minfo[39m: [32m✅ Service configurations checked[39m
2025-11-15 20:11:00:110 [32minfo[39m: [32m[39m
[32m━━━━━━━━━━━━━━━━━━━━━━━━━━━━━━━━━━━━━━━━━━━━━━━━━━━━━━━━━[39m
2025-11-15 20:11:00:110 [32minfo[39m: [32mSTEP 4: System Information[39m
2025-11-15 20:11:00:110 [32minfo[39m: [32m━━━━━━━━━━━━━━━━━━━━━━━━━━━━━━━━━━━━━━━━━━━━━━━━━━━━━━━━━[39m
2025-11-15 20:11:00:110 [32minfo[39m: [32m📊 System Information:[39m
2025-11-15 20:11:00:110 [32minfo[39m: [32m  • Node.js: v22.20.0[39m
2025-11-15 20:11:00:110 [32minfo[39m: [32m  • Platform: linux[39m
2025-11-15 20:11:00:110 [32minfo[39m: [32m  • Architecture: x64[39m
2025-11-15 20:11:00:110 [32minfo[39m: [32m  • Memory: 64MB[39m
2025-11-15 20:11:00:110 [32minfo[39m: [32m  • Environment: development[39m
2025-11-15 20:11:00:110 [32minfo[39m: [32m  • Port: 3000[39m
2025-11-15 20:11:00:110 [32minfo[39m: [32m[39m
[32m━━━━━━━━━━━━━━━━━━━━━━━━━━━━━━━━━━━━━━━━━━━━━━━━━━━━━━━━━[39m
2025-11-15 20:11:00:110 [32minfo[39m: [32mSTEP 5: Starting HTTP Server[39m
2025-11-15 20:11:00:110 [32minfo[39m: [32m━━━━━━━━━━━━━━━━━━━━━━━━━━━━━━━━━━━━━━━━━━━━━━━━━━━━━━━━━[39m
2025-11-15 20:11:00:110 [32minfo[39m: [32m[39m
[32m🚀 Server started successfully![39m
2025-11-15 20:11:00:110 [32minfo[39m: [32m[39m
[32m📍 Endpoints:[39m
2025-11-15 20:11:00:110 [32minfo[39m: [32m   • Health Check: http://localhost:3000/health[39m
2025-11-15 20:11:00:110 [32minfo[39m: [32m   • API Info:     http://localhost:3000/api[39m
2025-11-15 20:11:00:110 [32minfo[39m: [32m   • API Base:     http://localhost:3000/api/*[39m
2025-11-15 20:11:00:110 [32minfo[39m: [32m[39m
[32m🔧 Services Status:[39m
2025-11-15 20:11:00:110 [32minfo[39m: [32m   • Database:     ✅ Connected[39m
2025-11-15 20:11:00:110 [32minfo[39m: [32m   • Cache:        ✅ Connected[39m
2025-11-15 20:11:00:110 [32minfo[39m: [32m   • Analytics:    ✅ Connected[39m
2025-11-15 20:11:00:110 [32minfo[39m: [32m[39m
[32m━━━━━━━━━━━━━━━━━━━━━━━━━━━━━━━━━━━━━━━━━━━━━━━━━━━━━━━━━[39m
2025-11-15 20:11:00:110 [32minfo[39m: [32m✅ FreeTune Backend is ready to serve requests![39m
2025-11-15 20:11:00:110 [32minfo[39m: [32m━━━━━━━━━━━━━━━━━━━━━━━━━━━━━━━━━━━━━━━━━━━━━━━━━━━━━━━━━[39m
[32m[39m
2025-11-15 20:11:18:1118 [32minfo[39m: [32m━━━━━━━━━━━━━━━━━━━━━━━━━━━━━━━━━━━━━━━━━━━━━━━━━━━━━━━━━[39m
2025-11-15 20:11:18:1118 [32minfo[39m: [32mSTEP 1: Environment Validation[39m
2025-11-15 20:11:18:1118 [32minfo[39m: [32m━━━━━━━━━━━━━━━━━━━━━━━━━━━━━━━━━━━━━━━━━━━━━━━━━━━━━━━━━[39m
2025-11-15 20:11:18:1118 [32minfo[39m: [32m🔍 Validating environment variables...[39m
2025-11-15 20:11:18:1118 [32minfo[39m: [32m✅ Environment variables validated[39m
2025-11-15 20:11:18:1118 [32minfo[39m: [32m[39m
[32m━━━━━━━━━━━━━━━━━━━━━━━━━━━━━━━━━━━━━━━━━━━━━━━━━━━━━━━━━[39m
2025-11-15 20:11:18:1118 [32minfo[39m: [32mSTEP 2: Database Connections[39m
2025-11-15 20:11:18:1118 [32minfo[39m: [32m━━━━━━━━━━━━━━━━━━━━━━━━━━━━━━━━━━━━━━━━━━━━━━━━━━━━━━━━━[39m
2025-11-15 20:11:18:1118 [32minfo[39m: [32m🔌 Checking database connections...[39m
2025-11-15 20:11:18:1118 [32minfo[39m: [32mSupabase client initialized[39m
2025-11-15 20:11:19:1119 [32minfo[39m: [32m  ✅ Supabase (PostgreSQL) connected[39m
2025-11-15 20:11:19:1119 [32minfo[39m: [32mUpstash Redis initialized[39m
2025-11-15 20:11:19:1119 [32minfo[39m: [32m  ✅ Redis (Upstash) connected[39m
2025-11-15 20:11:20:1120 [32minfo[39m: [32mMongoose (MongoDB) connected successfully[39m
2025-11-15 20:11:20:1120 [32minfo[39m: [32m  ✅ MongoDB (Mongoose) connected[39m
2025-11-15 20:11:20:1120 [32minfo[39m: [32m[39m
[32m━━━━━━━━━━━━━━━━━━━━━━━━━━━━━━━━━━━━━━━━━━━━━━━━━━━━━━━━━[39m
2025-11-15 20:11:20:1120 [32minfo[39m: [32mSTEP 3: Service Configuration[39m
2025-11-15 20:11:20:1120 [32minfo[39m: [32m━━━━━━━━━━━━━━━━━━━━━━━━━━━━━━━━━━━━━━━━━━━━━━━━━━━━━━━━━[39m
2025-11-15 20:11:20:1120 [32minfo[39m: [32m🔧 Checking service configurations...[39m
2025-11-15 20:11:20:1120 [32minfo[39m: [32m  ✅ Cloudflare R2 configured[39m
2025-11-15 20:11:20:1120 [32minfo[39m: [32m  ✅ JWT authentication configured[39m
2025-11-15 20:11:20:1120 [32minfo[39m: [32m  ✅ CORS configured (2 origins)[39m
2025-11-15 20:11:20:1120 [32minfo[39m: [32m✅ Service configurations checked[39m
2025-11-15 20:11:20:1120 [32minfo[39m: [32m[39m
[32m━━━━━━━━━━━━━━━━━━━━━━━━━━━━━━━━━━━━━━━━━━━━━━━━━━━━━━━━━[39m
2025-11-15 20:11:20:1120 [32minfo[39m: [32mSTEP 4: System Information[39m
2025-11-15 20:11:20:1120 [32minfo[39m: [32m━━━━━━━━━━━━━━━━━━━━━━━━━━━━━━━━━━━━━━━━━━━━━━━━━━━━━━━━━[39m
2025-11-15 20:11:20:1120 [32minfo[39m: [32m📊 System Information:[39m
2025-11-15 20:11:20:1120 [32minfo[39m: [32m  • Node.js: v22.20.0[39m
2025-11-15 20:11:20:1120 [32minfo[39m: [32m  • Platform: linux[39m
2025-11-15 20:11:20:1120 [32minfo[39m: [32m  • Architecture: x64[39m
2025-11-15 20:11:20:1120 [32minfo[39m: [32m  • Memory: 63MB[39m
2025-11-15 20:11:20:1120 [32minfo[39m: [32m  • Environment: development[39m
2025-11-15 20:11:20:1120 [32minfo[39m: [32m  • Port: 3000[39m
2025-11-15 20:11:20:1120 [32minfo[39m: [32m[39m
[32m━━━━━━━━━━━━━━━━━━━━━━━━━━━━━━━━━━━━━━━━━━━━━━━━━━━━━━━━━[39m
2025-11-15 20:11:20:1120 [32minfo[39m: [32mSTEP 5: Starting HTTP Server[39m
2025-11-15 20:11:20:1120 [32minfo[39m: [32m━━━━━━━━━━━━━━━━━━━━━━━━━━━━━━━━━━━━━━━━━━━━━━━━━━━━━━━━━[39m
2025-11-15 20:11:20:1120 [32minfo[39m: [32m[39m
[32m🚀 Server started successfully![39m
2025-11-15 20:11:20:1120 [32minfo[39m: [32m[39m
[32m📍 Endpoints:[39m
2025-11-15 20:11:20:1120 [32minfo[39m: [32m   • Health Check: http://localhost:3000/health[39m
2025-11-15 20:11:20:1120 [32minfo[39m: [32m   • API Info:     http://localhost:3000/api[39m
2025-11-15 20:11:20:1120 [32minfo[39m: [32m   • API Base:     http://localhost:3000/api/*[39m
2025-11-15 20:11:20:1120 [32minfo[39m: [32m[39m
[32m🔧 Services Status:[39m
2025-11-15 20:11:20:1120 [32minfo[39m: [32m   • Database:     ✅ Connected[39m
2025-11-15 20:11:20:1120 [32minfo[39m: [32m   • Cache:        ✅ Connected[39m
2025-11-15 20:11:20:1120 [32minfo[39m: [32m   • Analytics:    ✅ Connected[39m
2025-11-15 20:11:20:1120 [32minfo[39m: [32m[39m
[32m━━━━━━━━━━━━━━━━━━━━━━━━━━━━━━━━━━━━━━━━━━━━━━━━━━━━━━━━━[39m
2025-11-15 20:11:20:1120 [32minfo[39m: [32m✅ FreeTune Backend is ready to serve requests![39m
2025-11-15 20:11:20:1120 [32minfo[39m: [32m━━━━━━━━━━━━━━━━━━━━━━━━━━━━━━━━━━━━━━━━━━━━━━━━━━━━━━━━━[39m
[32m[39m
2025-11-15 20:11:57:1157 [32minfo[39m: [32m━━━━━━━━━━━━━━━━━━━━━━━━━━━━━━━━━━━━━━━━━━━━━━━━━━━━━━━━━[39m
2025-11-15 20:11:57:1157 [32minfo[39m: [32mSTEP 1: Environment Validation[39m
2025-11-15 20:11:57:1157 [32minfo[39m: [32m━━━━━━━━━━━━━━━━━━━━━━━━━━━━━━━━━━━━━━━━━━━━━━━━━━━━━━━━━[39m
2025-11-15 20:11:57:1157 [32minfo[39m: [32m🔍 Validating environment variables...[39m
2025-11-15 20:11:57:1157 [32minfo[39m: [32m✅ Environment variables validated[39m
2025-11-15 20:11:57:1157 [32minfo[39m: [32m[39m
[32m━━━━━━━━━━━━━━━━━━━━━━━━━━━━━━━━━━━━━━━━━━━━━━━━━━━━━━━━━[39m
2025-11-15 20:11:57:1157 [32minfo[39m: [32mSTEP 2: Database Connections[39m
2025-11-15 20:11:57:1157 [32minfo[39m: [32m━━━━━━━━━━━━━━━━━━━━━━━━━━━━━━━━━━━━━━━━━━━━━━━━━━━━━━━━━[39m
2025-11-15 20:11:57:1157 [32minfo[39m: [32m🔌 Checking database connections...[39m
2025-11-15 20:11:57:1157 [32minfo[39m: [32mSupabase client initialized[39m
2025-11-15 20:11:58:1158 [32minfo[39m: [32m━━━━━━━━━━━━━━━━━━━━━━━━━━━━━━━━━━━━━━━━━━━━━━━━━━━━━━━━━[39m
2025-11-15 20:11:58:1158 [32minfo[39m: [32mSTEP 1: Environment Validation[39m
2025-11-15 20:11:58:1158 [32minfo[39m: [32m━━━━━━━━━━━━━━━━━━━━━━━━━━━━━━━━━━━━━━━━━━━━━━━━━━━━━━━━━[39m
2025-11-15 20:11:58:1158 [32minfo[39m: [32m🔍 Validating environment variables...[39m
2025-11-15 20:11:58:1158 [32minfo[39m: [32m✅ Environment variables validated[39m
2025-11-15 20:11:58:1158 [32minfo[39m: [32m[39m
[32m━━━━━━━━━━━━━━━━━━━━━━━━━━━━━━━━━━━━━━━━━━━━━━━━━━━━━━━━━[39m
2025-11-15 20:11:58:1158 [32minfo[39m: [32mSTEP 2: Database Connections[39m
2025-11-15 20:11:58:1158 [32minfo[39m: [32m━━━━━━━━━━━━━━━━━━━━━━━━━━━━━━━━━━━━━━━━━━━━━━━━━━━━━━━━━[39m
2025-11-15 20:11:58:1158 [32minfo[39m: [32m🔌 Checking database connections...[39m
2025-11-15 20:11:58:1158 [32minfo[39m: [32mSupabase client initialized[39m
2025-11-15 20:11:59:1159 [32minfo[39m: [32m  ✅ Supabase (PostgreSQL) connected[39m
2025-11-15 20:11:59:1159 [32minfo[39m: [32mUpstash Redis initialized[39m
2025-11-15 20:11:59:1159 [32minfo[39m: [32m  ✅ Redis (Upstash) connected[39m
2025-11-15 20:12:01:121 [32minfo[39m: [32m━━━━━━━━━━━━━━━━━━━━━━━━━━━━━━━━━━━━━━━━━━━━━━━━━━━━━━━━━[39m
2025-11-15 20:12:01:121 [32minfo[39m: [32mSTEP 1: Environment Validation[39m
2025-11-15 20:12:01:121 [32minfo[39m: [32m━━━━━━━━━━━━━━━━━━━━━━━━━━━━━━━━━━━━━━━━━━━━━━━━━━━━━━━━━[39m
2025-11-15 20:12:01:121 [32minfo[39m: [32m🔍 Validating environment variables...[39m
2025-11-15 20:12:01:121 [32minfo[39m: [32m✅ Environment variables validated[39m
2025-11-15 20:12:01:121 [32minfo[39m: [32m[39m
[32m━━━━━━━━━━━━━━━━━━━━━━━━━━━━━━━━━━━━━━━━━━━━━━━━━━━━━━━━━[39m
2025-11-15 20:12:01:121 [32minfo[39m: [32mSTEP 2: Database Connections[39m
2025-11-15 20:12:01:121 [32minfo[39m: [32m━━━━━━━━━━━━━━━━━━━━━━━━━━━━━━━━━━━━━━━━━━━━━━━━━━━━━━━━━[39m
2025-11-15 20:12:01:121 [32minfo[39m: [32m🔌 Checking database connections...[39m
2025-11-15 20:12:01:121 [32minfo[39m: [32mSupabase client initialized[39m
2025-11-15 20:12:02:122 [32minfo[39m: [32m  ✅ Supabase (PostgreSQL) connected[39m
2025-11-15 20:12:02:122 [32minfo[39m: [32mUpstash Redis initialized[39m
2025-11-15 20:12:02:122 [32minfo[39m: [32m  ✅ Redis (Upstash) connected[39m
2025-11-15 20:12:03:123 [32minfo[39m: [32mMongoose (MongoDB) connected successfully[39m
2025-11-15 20:12:03:123 [32minfo[39m: [32m  ✅ MongoDB (Mongoose) connected[39m
2025-11-15 20:12:03:123 [32minfo[39m: [32m[39m
[32m━━━━━━━━━━━━━━━━━━━━━━━━━━━━━━━━━━━━━━━━━━━━━━━━━━━━━━━━━[39m
2025-11-15 20:12:03:123 [32minfo[39m: [32mSTEP 3: Service Configuration[39m
2025-11-15 20:12:03:123 [32minfo[39m: [32m━━━━━━━━━━━━━━━━━━━━━━━━━━━━━━━━━━━━━━━━━━━━━━━━━━━━━━━━━[39m
2025-11-15 20:12:03:123 [32minfo[39m: [32m🔧 Checking service configurations...[39m
2025-11-15 20:12:03:123 [32minfo[39m: [32m  ✅ Cloudflare R2 configured[39m
2025-11-15 20:12:03:123 [32minfo[39m: [32m  ✅ JWT authentication configured[39m
2025-11-15 20:12:03:123 [32minfo[39m: [32m  ✅ CORS configured (2 origins)[39m
2025-11-15 20:12:03:123 [32minfo[39m: [32m✅ Service configurations checked[39m
2025-11-15 20:12:03:123 [32minfo[39m: [32m[39m
[32m━━━━━━━━━━━━━━━━━━━━━━━━━━━━━━━━━━━━━━━━━━━━━━━━━━━━━━━━━[39m
2025-11-15 20:12:03:123 [32minfo[39m: [32mSTEP 4: System Information[39m
2025-11-15 20:12:03:123 [32minfo[39m: [32m━━━━━━━━━━━━━━━━━━━━━━━━━━━━━━━━━━━━━━━━━━━━━━━━━━━━━━━━━[39m
2025-11-15 20:12:03:123 [32minfo[39m: [32m📊 System Information:[39m
2025-11-15 20:12:03:123 [32minfo[39m: [32m  • Node.js: v22.20.0[39m
2025-11-15 20:12:03:123 [32minfo[39m: [32m  • Platform: linux[39m
2025-11-15 20:12:03:123 [32minfo[39m: [32m  • Architecture: x64[39m
2025-11-15 20:12:03:123 [32minfo[39m: [32m  • Memory: 64MB[39m
2025-11-15 20:12:03:123 [32minfo[39m: [32m  • Environment: development[39m
2025-11-15 20:12:03:123 [32minfo[39m: [32m  • Port: 3000[39m
2025-11-15 20:12:03:123 [32minfo[39m: [32m[39m
[32m━━━━━━━━━━━━━━━━━━━━━━━━━━━━━━━━━━━━━━━━━━━━━━━━━━━━━━━━━[39m
2025-11-15 20:12:03:123 [32minfo[39m: [32mSTEP 5: Starting HTTP Server[39m
2025-11-15 20:12:03:123 [32minfo[39m: [32m━━━━━━━━━━━━━━━━━━━━━━━━━━━━━━━━━━━━━━━━━━━━━━━━━━━━━━━━━[39m
2025-11-15 20:12:03:123 [32minfo[39m: [32m[39m
[32m🚀 Server started successfully![39m
2025-11-15 20:12:03:123 [32minfo[39m: [32m[39m
[32m📍 Endpoints:[39m
2025-11-15 20:12:03:123 [32minfo[39m: [32m   • Health Check: http://localhost:3000/health[39m
2025-11-15 20:12:03:123 [32minfo[39m: [32m   • API Info:     http://localhost:3000/api[39m
2025-11-15 20:12:03:123 [32minfo[39m: [32m   • API Base:     http://localhost:3000/api/*[39m
2025-11-15 20:12:03:123 [32minfo[39m: [32m[39m
[32m🔧 Services Status:[39m
2025-11-15 20:12:03:123 [32minfo[39m: [32m   • Database:     ✅ Connected[39m
2025-11-15 20:12:03:123 [32minfo[39m: [32m   • Cache:        ✅ Connected[39m
2025-11-15 20:12:03:123 [32minfo[39m: [32m   • Analytics:    ✅ Connected[39m
2025-11-15 20:12:03:123 [32minfo[39m: [32m[39m
[32m━━━━━━━━━━━━━━━━━━━━━━━━━━━━━━━━━━━━━━━━━━━━━━━━━━━━━━━━━[39m
2025-11-15 20:12:03:123 [32minfo[39m: [32m✅ FreeTune Backend is ready to serve requests![39m
2025-11-15 20:12:03:123 [32minfo[39m: [32m━━━━━━━━━━━━━━━━━━━━━━━━━━━━━━━━━━━━━━━━━━━━━━━━━━━━━━━━━[39m
[32m[39m
2025-11-15 20:12:16:1216 [32minfo[39m: [32m━━━━━━━━━━━━━━━━━━━━━━━━━━━━━━━━━━━━━━━━━━━━━━━━━━━━━━━━━[39m
2025-11-15 20:12:16:1216 [32minfo[39m: [32mSTEP 1: Environment Validation[39m
2025-11-15 20:12:16:1216 [32minfo[39m: [32m━━━━━━━━━━━━━━━━━━━━━━━━━━━━━━━━━━━━━━━━━━━━━━━━━━━━━━━━━[39m
2025-11-15 20:12:16:1216 [32minfo[39m: [32m🔍 Validating environment variables...[39m
2025-11-15 20:12:16:1216 [32minfo[39m: [32m✅ Environment variables validated[39m
2025-11-15 20:12:16:1216 [32minfo[39m: [32m[39m
[32m━━━━━━━━━━━━━━━━━━━━━━━━━━━━━━━━━━━━━━━━━━━━━━━━━━━━━━━━━[39m
2025-11-15 20:12:16:1216 [32minfo[39m: [32mSTEP 2: Database Connections[39m
2025-11-15 20:12:16:1216 [32minfo[39m: [32m━━━━━━━━━━━━━━━━━━━━━━━━━━━━━━━━━━━━━━━━━━━━━━━━━━━━━━━━━[39m
2025-11-15 20:12:16:1216 [32minfo[39m: [32m🔌 Checking database connections...[39m
2025-11-15 20:12:16:1216 [32minfo[39m: [32mSupabase client initialized[39m
2025-11-15 20:12:16:1216 [32minfo[39m: [32m  ✅ Supabase (PostgreSQL) connected[39m
2025-11-15 20:12:16:1216 [32minfo[39m: [32mUpstash Redis initialized[39m
2025-11-15 20:12:17:1217 [32minfo[39m: [32m  ✅ Redis (Upstash) connected[39m
2025-11-15 20:12:18:1218 [32minfo[39m: [32mMongoose (MongoDB) connected successfully[39m
2025-11-15 20:12:18:1218 [32minfo[39m: [32m  ✅ MongoDB (Mongoose) connected[39m
2025-11-15 20:12:18:1218 [32minfo[39m: [32m[39m
[32m━━━━━━━━━━━━━━━━━━━━━━━━━━━━━━━━━━━━━━━━━━━━━━━━━━━━━━━━━[39m
2025-11-15 20:12:18:1218 [32minfo[39m: [32mSTEP 3: Service Configuration[39m
2025-11-15 20:12:18:1218 [32minfo[39m: [32m━━━━━━━━━━━━━━━━━━━━━━━━━━━━━━━━━━━━━━━━━━━━━━━━━━━━━━━━━[39m
2025-11-15 20:12:18:1218 [32minfo[39m: [32m🔧 Checking service configurations...[39m
2025-11-15 20:12:18:1218 [32minfo[39m: [32m  ✅ Cloudflare R2 configured[39m
2025-11-15 20:12:18:1218 [32minfo[39m: [32m  ✅ JWT authentication configured[39m
2025-11-15 20:12:18:1218 [32minfo[39m: [32m  ✅ CORS configured (2 origins)[39m
2025-11-15 20:12:18:1218 [32minfo[39m: [32m✅ Service configurations checked[39m
2025-11-15 20:12:18:1218 [32minfo[39m: [32m[39m
[32m━━━━━━━━━━━━━━━━━━━━━━━━━━━━━━━━━━━━━━━━━━━━━━━━━━━━━━━━━[39m
2025-11-15 20:12:18:1218 [32minfo[39m: [32mSTEP 4: System Information[39m
2025-11-15 20:12:18:1218 [32minfo[39m: [32m━━━━━━━━━━━━━━━━━━━━━━━━━━━━━━━━━━━━━━━━━━━━━━━━━━━━━━━━━[39m
2025-11-15 20:12:18:1218 [32minfo[39m: [32m📊 System Information:[39m
2025-11-15 20:12:18:1218 [32minfo[39m: [32m  • Node.js: v22.20.0[39m
2025-11-15 20:12:18:1218 [32minfo[39m: [32m  • Platform: linux[39m
2025-11-15 20:12:18:1218 [32minfo[39m: [32m  • Architecture: x64[39m
2025-11-15 20:12:18:1218 [32minfo[39m: [32m  • Memory: 63MB[39m
2025-11-15 20:12:18:1218 [32minfo[39m: [32m  • Environment: development[39m
2025-11-15 20:12:18:1218 [32minfo[39m: [32m  • Port: 3000[39m
2025-11-15 20:12:18:1218 [32minfo[39m: [32m[39m
[32m━━━━━━━━━━━━━━━━━━━━━━━━━━━━━━━━━━━━━━━━━━━━━━━━━━━━━━━━━[39m
2025-11-15 20:12:18:1218 [32minfo[39m: [32mSTEP 5: Starting HTTP Server[39m
2025-11-15 20:12:18:1218 [32minfo[39m: [32m━━━━━━━━━━━━━━━━━━━━━━━━━━━━━━━━━━━━━━━━━━━━━━━━━━━━━━━━━[39m
2025-11-15 20:12:18:1218 [32minfo[39m: [32m[39m
[32m🚀 Server started successfully![39m
2025-11-15 20:12:18:1218 [32minfo[39m: [32m[39m
[32m📍 Endpoints:[39m
2025-11-15 20:12:18:1218 [32minfo[39m: [32m   • Health Check: http://localhost:3000/health[39m
2025-11-15 20:12:18:1218 [32minfo[39m: [32m   • API Info:     http://localhost:3000/api[39m
2025-11-15 20:12:18:1218 [32minfo[39m: [32m   • API Base:     http://localhost:3000/api/*[39m
2025-11-15 20:12:18:1218 [32minfo[39m: [32m[39m
[32m🔧 Services Status:[39m
2025-11-15 20:12:18:1218 [32minfo[39m: [32m   • Database:     ✅ Connected[39m
2025-11-15 20:12:18:1218 [32minfo[39m: [32m   • Cache:        ✅ Connected[39m
2025-11-15 20:12:18:1218 [32minfo[39m: [32m   • Analytics:    ✅ Connected[39m
2025-11-15 20:12:18:1218 [32minfo[39m: [32m[39m
[32m━━━━━━━━━━━━━━━━━━━━━━━━━━━━━━━━━━━━━━━━━━━━━━━━━━━━━━━━━[39m
2025-11-15 20:12:18:1218 [32minfo[39m: [32m✅ FreeTune Backend is ready to serve requests![39m
2025-11-15 20:12:18:1218 [32minfo[39m: [32m━━━━━━━━━━━━━━━━━━━━━━━━━━━━━━━━━━━━━━━━━━━━━━━━━━━━━━━━━[39m
[32m[39m
2025-11-15 20:12:46:1246 [32minfo[39m: [32m━━━━━━━━━━━━━━━━━━━━━━━━━━━━━━━━━━━━━━━━━━━━━━━━━━━━━━━━━[39m
2025-11-15 20:12:46:1246 [32minfo[39m: [32mSTEP 1: Environment Validation[39m
2025-11-15 20:12:46:1246 [32minfo[39m: [32m━━━━━━━━━━━━━━━━━━━━━━━━━━━━━━━━━━━━━━━━━━━━━━━━━━━━━━━━━[39m
2025-11-15 20:12:46:1246 [32minfo[39m: [32m🔍 Validating environment variables...[39m
2025-11-15 20:12:46:1246 [32minfo[39m: [32m✅ Environment variables validated[39m
2025-11-15 20:12:46:1246 [32minfo[39m: [32m[39m
[32m━━━━━━━━━━━━━━━━━━━━━━━━━━━━━━━━━━━━━━━━━━━━━━━━━━━━━━━━━[39m
2025-11-15 20:12:46:1246 [32minfo[39m: [32mSTEP 2: Database Connections[39m
2025-11-15 20:12:46:1246 [32minfo[39m: [32m━━━━━━━━━━━━━━━━━━━━━━━━━━━━━━━━━━━━━━━━━━━━━━━━━━━━━━━━━[39m
2025-11-15 20:12:46:1246 [32minfo[39m: [32m🔌 Checking database connections...[39m
2025-11-15 20:12:46:1246 [32minfo[39m: [32mSupabase client initialized[39m
2025-11-15 20:12:48:1248 [32minfo[39m: [32m  ✅ Supabase (PostgreSQL) connected[39m
2025-11-15 20:12:48:1248 [32minfo[39m: [32mUpstash Redis initialized[39m
2025-11-15 20:12:48:1248 [32minfo[39m: [32m  ✅ Redis (Upstash) connected[39m
2025-11-15 20:12:49:1249 [32minfo[39m: [32mMongoose (MongoDB) connected successfully[39m
2025-11-15 20:12:49:1249 [32minfo[39m: [32m  ✅ MongoDB (Mongoose) connected[39m
2025-11-15 20:12:49:1249 [32minfo[39m: [32m[39m
[32m━━━━━━━━━━━━━━━━━━━━━━━━━━━━━━━━━━━━━━━━━━━━━━━━━━━━━━━━━[39m
2025-11-15 20:12:49:1249 [32minfo[39m: [32mSTEP 3: Service Configuration[39m
2025-11-15 20:12:49:1249 [32minfo[39m: [32m━━━━━━━━━━━━━━━━━━━━━━━━━━━━━━━━━━━━━━━━━━━━━━━━━━━━━━━━━[39m
2025-11-15 20:12:49:1249 [32minfo[39m: [32m🔧 Checking service configurations...[39m
2025-11-15 20:12:49:1249 [32minfo[39m: [32m  ✅ Cloudflare R2 configured[39m
2025-11-15 20:12:49:1249 [32minfo[39m: [32m  ✅ JWT authentication configured[39m
2025-11-15 20:12:49:1249 [32minfo[39m: [32m  ✅ CORS configured (2 origins)[39m
2025-11-15 20:12:49:1249 [32minfo[39m: [32m✅ Service configurations checked[39m
2025-11-15 20:12:49:1249 [32minfo[39m: [32m[39m
[32m━━━━━━━━━━━━━━━━━━━━━━━━━━━━━━━━━━━━━━━━━━━━━━━━━━━━━━━━━[39m
2025-11-15 20:12:49:1249 [32minfo[39m: [32mSTEP 4: System Information[39m
2025-11-15 20:12:49:1249 [32minfo[39m: [32m━━━━━━━━━━━━━━━━━━━━━━━━━━━━━━━━━━━━━━━━━━━━━━━━━━━━━━━━━[39m
2025-11-15 20:12:49:1249 [32minfo[39m: [32m📊 System Information:[39m
2025-11-15 20:12:49:1249 [32minfo[39m: [32m  • Node.js: v22.20.0[39m
2025-11-15 20:12:49:1249 [32minfo[39m: [32m  • Platform: linux[39m
2025-11-15 20:12:49:1249 [32minfo[39m: [32m  • Architecture: x64[39m
2025-11-15 20:12:49:1249 [32minfo[39m: [32m  • Memory: 63MB[39m
2025-11-15 20:12:49:1249 [32minfo[39m: [32m  • Environment: development[39m
2025-11-15 20:12:49:1249 [32minfo[39m: [32m  • Port: 3000[39m
2025-11-15 20:12:49:1249 [32minfo[39m: [32m[39m
[32m━━━━━━━━━━━━━━━━━━━━━━━━━━━━━━━━━━━━━━━━━━━━━━━━━━━━━━━━━[39m
2025-11-15 20:12:49:1249 [32minfo[39m: [32mSTEP 5: Starting HTTP Server[39m
2025-11-15 20:12:49:1249 [32minfo[39m: [32m━━━━━━━━━━━━━━━━━━━━━━━━━━━━━━━━━━━━━━━━━━━━━━━━━━━━━━━━━[39m
2025-11-15 20:12:49:1249 [32minfo[39m: [32m[39m
[32m🚀 Server started successfully![39m
2025-11-15 20:12:49:1249 [32minfo[39m: [32m[39m
[32m📍 Endpoints:[39m
2025-11-15 20:12:49:1249 [32minfo[39m: [32m   • Health Check: http://localhost:3000/health[39m
2025-11-15 20:12:49:1249 [32minfo[39m: [32m   • API Info:     http://localhost:3000/api[39m
2025-11-15 20:12:49:1249 [32minfo[39m: [32m   • API Base:     http://localhost:3000/api/*[39m
2025-11-15 20:12:49:1249 [32minfo[39m: [32m[39m
[32m🔧 Services Status:[39m
2025-11-15 20:12:49:1249 [32minfo[39m: [32m   • Database:     ✅ Connected[39m
2025-11-15 20:12:49:1249 [32minfo[39m: [32m   • Cache:        ✅ Connected[39m
2025-11-15 20:12:49:1249 [32minfo[39m: [32m   • Analytics:    ✅ Connected[39m
2025-11-15 20:12:49:1249 [32minfo[39m: [32m[39m
[32m━━━━━━━━━━━━━━━━━━━━━━━━━━━━━━━━━━━━━━━━━━━━━━━━━━━━━━━━━[39m
2025-11-15 20:12:49:1249 [32minfo[39m: [32m✅ FreeTune Backend is ready to serve requests![39m
2025-11-15 20:12:49:1249 [32minfo[39m: [32m━━━━━━━━━━━━━━━━━━━━━━━━━━━━━━━━━━━━━━━━━━━━━━━━━━━━━━━━━[39m
[32m[39m
2025-11-15 20:26:04:264 [32minfo[39m: [32m━━━━━━━━━━━━━━━━━━━━━━━━━━━━━━━━━━━━━━━━━━━━━━━━━━━━━━━━━[39m
2025-11-15 20:26:04:264 [32minfo[39m: [32mSTEP 1: Environment Validation[39m
2025-11-15 20:26:04:264 [32minfo[39m: [32m━━━━━━━━━━━━━━━━━━━━━━━━━━━━━━━━━━━━━━━━━━━━━━━━━━━━━━━━━[39m
2025-11-15 20:26:04:264 [32minfo[39m: [32m🔍 Validating environment variables...[39m
2025-11-15 20:26:04:264 [32minfo[39m: [32m✅ Environment variables validated[39m
2025-11-15 20:26:04:264 [32minfo[39m: [32m[39m
[32m━━━━━━━━━━━━━━━━━━━━━━━━━━━━━━━━━━━━━━━━━━━━━━━━━━━━━━━━━[39m
2025-11-15 20:26:04:264 [32minfo[39m: [32mSTEP 2: Database Connections[39m
2025-11-15 20:26:04:264 [32minfo[39m: [32m━━━━━━━━━━━━━━━━━━━━━━━━━━━━━━━━━━━━━━━━━━━━━━━━━━━━━━━━━[39m
2025-11-15 20:26:04:264 [32minfo[39m: [32m🔌 Checking database connections...[39m
2025-11-15 20:26:04:264 [32minfo[39m: [32mSupabase client initialized[39m
2025-11-15 20:26:05:265 [32minfo[39m: [32m  ✅ Supabase (PostgreSQL) connected[39m
2025-11-15 20:42:16:4216 [32minfo[39m: [32m━━━━━━━━━━━━━━━━━━━━━━━━━━━━━━━━━━━━━━━━━━━━━━━━━━━━━━━━━[39m
2025-11-15 20:42:16:4216 [32minfo[39m: [32mSTEP 1: Environment Validation[39m
2025-11-15 20:42:16:4216 [32minfo[39m: [32m━━━━━━━━━━━━━━━━━━━━━━━━━━━━━━━━━━━━━━━━━━━━━━━━━━━━━━━━━[39m
2025-11-15 20:42:16:4216 [32minfo[39m: [32m🔍 Validating environment variables...[39m
2025-11-15 20:42:16:4216 [32minfo[39m: [32m✅ Environment variables validated[39m
2025-11-15 20:42:16:4216 [32minfo[39m: [32m[39m
[32m━━━━━━━━━━━━━━━━━━━━━━━━━━━━━━━━━━━━━━━━━━━━━━━━━━━━━━━━━[39m
2025-11-15 20:42:16:4216 [32minfo[39m: [32mSTEP 2: Database Connections[39m
2025-11-15 20:42:16:4216 [32minfo[39m: [32m━━━━━━━━━━━━━━━━━━━━━━━━━━━━━━━━━━━━━━━━━━━━━━━━━━━━━━━━━[39m
2025-11-15 20:42:16:4216 [32minfo[39m: [32m🔌 Checking database connections...[39m
2025-11-15 20:42:16:4216 [32minfo[39m: [32mSupabase client initialized[39m
2025-11-15 20:42:17:4217 [32minfo[39m: [32m  ✅ Supabase (PostgreSQL) connected[39m
2025-11-15 20:42:17:4217 [32minfo[39m: [32mUpstash Redis initialized[39m
2025-11-15 20:42:23:4223 [32minfo[39m: [32m  ✅ Redis (Upstash) connected[39m
2025-11-15 20:42:25:4225 [32minfo[39m: [32mMongoose (MongoDB) connected successfully[39m
2025-11-15 20:42:25:4225 [32minfo[39m: [32m  ✅ MongoDB (Mongoose) connected[39m
2025-11-15 20:42:25:4225 [32minfo[39m: [32m[39m
[32m━━━━━━━━━━━━━━━━━━━━━━━━━━━━━━━━━━━━━━━━━━━━━━━━━━━━━━━━━[39m
2025-11-15 20:42:25:4225 [32minfo[39m: [32mSTEP 3: Service Configuration[39m
2025-11-15 20:42:25:4225 [32minfo[39m: [32m━━━━━━━━━━━━━━━━━━━━━━━━━━━━━━━━━━━━━━━━━━━━━━━━━━━━━━━━━[39m
2025-11-15 20:42:25:4225 [32minfo[39m: [32m🔧 Checking service configurations...[39m
2025-11-15 20:42:25:4225 [32minfo[39m: [32m  ✅ Cloudflare R2 configured[39m
2025-11-15 20:42:25:4225 [32minfo[39m: [32m  ✅ JWT authentication configured[39m
2025-11-15 20:42:25:4225 [32minfo[39m: [32m  ✅ CORS configured (2 origins)[39m
2025-11-15 20:42:25:4225 [32minfo[39m: [32m✅ Service configurations checked[39m
2025-11-15 20:42:25:4225 [32minfo[39m: [32m[39m
[32m━━━━━━━━━━━━━━━━━━━━━━━━━━━━━━━━━━━━━━━━━━━━━━━━━━━━━━━━━[39m
2025-11-15 20:42:25:4225 [32minfo[39m: [32mSTEP 4: System Information[39m
2025-11-15 20:42:25:4225 [32minfo[39m: [32m━━━━━━━━━━━━━━━━━━━━━━━━━━━━━━━━━━━━━━━━━━━━━━━━━━━━━━━━━[39m
2025-11-15 20:42:25:4225 [32minfo[39m: [32m📊 System Information:[39m
2025-11-15 20:42:25:4225 [32minfo[39m: [32m  • Node.js: v22.20.0[39m
2025-11-15 20:42:25:4225 [32minfo[39m: [32m  • Platform: linux[39m
2025-11-15 20:42:25:4225 [32minfo[39m: [32m  • Architecture: x64[39m
2025-11-15 20:42:25:4225 [32minfo[39m: [32m  • Memory: 35MB[39m
2025-11-15 20:42:25:4225 [32minfo[39m: [32m  • Environment: development[39m
2025-11-15 20:42:25:4225 [32minfo[39m: [32m  • Port: 3000[39m
2025-11-15 20:42:25:4225 [32minfo[39m: [32m[39m
[32m━━━━━━━━━━━━━━━━━━━━━━━━━━━━━━━━━━━━━━━━━━━━━━━━━━━━━━━━━[39m
2025-11-15 20:42:25:4225 [32minfo[39m: [32mSTEP 5: Starting HTTP Server[39m
2025-11-15 20:42:25:4225 [32minfo[39m: [32m━━━━━━━━━━━━━━━━━━━━━━━━━━━━━━━━━━━━━━━━━━━━━━━━━━━━━━━━━[39m
2025-11-15 20:42:25:4225 [32minfo[39m: [32m[39m
[32m🚀 Server started successfully![39m
2025-11-15 20:42:25:4225 [32minfo[39m: [32m[39m
[32m📍 Endpoints:[39m
2025-11-15 20:42:25:4225 [32minfo[39m: [32m   • Health Check: http://localhost:3000/health[39m
2025-11-15 20:42:25:4225 [32minfo[39m: [32m   • API Info:     http://localhost:3000/api[39m
2025-11-15 20:42:25:4225 [32minfo[39m: [32m   • API Base:     http://localhost:3000/api/*[39m
2025-11-15 20:42:25:4225 [32minfo[39m: [32m[39m
[32m🔧 Services Status:[39m
2025-11-15 20:42:25:4225 [32minfo[39m: [32m   • Database:     ✅ Connected[39m
2025-11-15 20:42:25:4225 [32minfo[39m: [32m   • Cache:        ✅ Connected[39m
2025-11-15 20:42:25:4225 [32minfo[39m: [32m   • Analytics:    ✅ Connected[39m
2025-11-15 20:42:25:4225 [32minfo[39m: [32m[39m
[32m━━━━━━━━━━━━━━━━━━━━━━━━━━━━━━━━━━━━━━━━━━━━━━━━━━━━━━━━━[39m
2025-11-15 20:42:25:4225 [32minfo[39m: [32m✅ FreeTune Backend is ready to serve requests![39m
2025-11-15 20:42:25:4225 [32minfo[39m: [32m━━━━━━━━━━━━━━━━━━━━━━━━━━━━━━━━━━━━━━━━━━━━━━━━━━━━━━━━━[39m
[32m[39m
2025-11-15 20:42:37:4237 [32minfo[39m: [32m━━━━━━━━━━━━━━━━━━━━━━━━━━━━━━━━━━━━━━━━━━━━━━━━━━━━━━━━━[39m
2025-11-15 20:42:37:4237 [32minfo[39m: [32mSTEP 1: Environment Validation[39m
2025-11-15 20:42:37:4237 [32minfo[39m: [32m━━━━━━━━━━━━━━━━━━━━━━━━━━━━━━━━━━━━━━━━━━━━━━━━━━━━━━━━━[39m
2025-11-15 20:42:37:4237 [32minfo[39m: [32m🔍 Validating environment variables...[39m
2025-11-15 20:42:37:4237 [32minfo[39m: [32m✅ Environment variables validated[39m
2025-11-15 20:42:37:4237 [32minfo[39m: [32m[39m
[32m━━━━━━━━━━━━━━━━━━━━━━━━━━━━━━━━━━━━━━━━━━━━━━━━━━━━━━━━━[39m
2025-11-15 20:42:37:4237 [32minfo[39m: [32mSTEP 2: Database Connections[39m
2025-11-15 20:42:37:4237 [32minfo[39m: [32m━━━━━━━━━━━━━━━━━━━━━━━━━━━━━━━━━━━━━━━━━━━━━━━━━━━━━━━━━[39m
2025-11-15 20:42:37:4237 [32minfo[39m: [32m🔌 Checking database connections...[39m
2025-11-15 20:42:37:4237 [32minfo[39m: [32mSupabase client initialized[39m
2025-11-15 20:42:38:4238 [32minfo[39m: [32m  ✅ Supabase (PostgreSQL) connected[39m
2025-11-15 20:42:38:4238 [32minfo[39m: [32mUpstash Redis initialized[39m
2025-11-15 20:42:44:4244 [32minfo[39m: [32m  ✅ Redis (Upstash) connected[39m
2025-11-15 20:42:47:4247 [32minfo[39m: [32m━━━━━━━━━━━━━━━━━━━━━━━━━━━━━━━━━━━━━━━━━━━━━━━━━━━━━━━━━[39m
2025-11-15 20:42:47:4247 [32minfo[39m: [32mSTEP 1: Environment Validation[39m
2025-11-15 20:42:47:4247 [32minfo[39m: [32m━━━━━━━━━━━━━━━━━━━━━━━━━━━━━━━━━━━━━━━━━━━━━━━━━━━━━━━━━[39m
2025-11-15 20:42:47:4247 [32minfo[39m: [32m🔍 Validating environment variables...[39m
2025-11-15 20:42:47:4247 [32minfo[39m: [32m✅ Environment variables validated[39m
2025-11-15 20:42:47:4247 [32minfo[39m: [32m[39m
[32m━━━━━━━━━━━━━━━━━━━━━━━━━━━━━━━━━━━━━━━━━━━━━━━━━━━━━━━━━[39m
2025-11-15 20:42:47:4247 [32minfo[39m: [32mSTEP 2: Database Connections[39m
2025-11-15 20:42:47:4247 [32minfo[39m: [32m━━━━━━━━━━━━━━━━━━━━━━━━━━━━━━━━━━━━━━━━━━━━━━━━━━━━━━━━━[39m
2025-11-15 20:42:47:4247 [32minfo[39m: [32m🔌 Checking database connections...[39m
2025-11-15 20:42:47:4247 [32minfo[39m: [32mSupabase client initialized[39m
2025-11-15 20:42:57:4257 [32minfo[39m: [32m  ✅ Supabase (PostgreSQL) connected[39m
2025-11-15 20:42:57:4257 [32minfo[39m: [32mUpstash Redis initialized[39m
2025-11-15 20:42:57:4257 [32minfo[39m: [32m  ✅ Redis (Upstash) connected[39m
2025-11-15 20:42:59:4259 [32minfo[39m: [32mMongoose (MongoDB) connected successfully[39m
2025-11-15 20:42:59:4259 [32minfo[39m: [32m  ✅ MongoDB (Mongoose) connected[39m
2025-11-15 20:42:59:4259 [32minfo[39m: [32m[39m
[32m━━━━━━━━━━━━━━━━━━━━━━━━━━━━━━━━━━━━━━━━━━━━━━━━━━━━━━━━━[39m
2025-11-15 20:42:59:4259 [32minfo[39m: [32mSTEP 3: Service Configuration[39m
2025-11-15 20:42:59:4259 [32minfo[39m: [32m━━━━━━━━━━━━━━━━━━━━━━━━━━━━━━━━━━━━━━━━━━━━━━━━━━━━━━━━━[39m
2025-11-15 20:42:59:4259 [32minfo[39m: [32m🔧 Checking service configurations...[39m
2025-11-15 20:42:59:4259 [32minfo[39m: [32m  ✅ Cloudflare R2 configured[39m
2025-11-15 20:42:59:4259 [32minfo[39m: [32m  ✅ JWT authentication configured[39m
2025-11-15 20:42:59:4259 [32minfo[39m: [32m  ✅ CORS configured (2 origins)[39m
2025-11-15 20:42:59:4259 [32minfo[39m: [32m✅ Service configurations checked[39m
2025-11-15 20:42:59:4259 [32minfo[39m: [32m[39m
[32m━━━━━━━━━━━━━━━━━━━━━━━━━━━━━━━━━━━━━━━━━━━━━━━━━━━━━━━━━[39m
2025-11-15 20:42:59:4259 [32minfo[39m: [32mSTEP 4: System Information[39m
2025-11-15 20:42:59:4259 [32minfo[39m: [32m━━━━━━━━━━━━━━━━━━━━━━━━━━━━━━━━━━━━━━━━━━━━━━━━━━━━━━━━━[39m
2025-11-15 20:42:59:4259 [32minfo[39m: [32m📊 System Information:[39m
2025-11-15 20:42:59:4259 [32minfo[39m: [32m  • Node.js: v22.20.0[39m
2025-11-15 20:42:59:4259 [32minfo[39m: [32m  • Platform: linux[39m
2025-11-15 20:42:59:4259 [32minfo[39m: [32m  • Architecture: x64[39m
2025-11-15 20:42:59:4259 [32minfo[39m: [32m  • Memory: 63MB[39m
2025-11-15 20:42:59:4259 [32minfo[39m: [32m  • Environment: development[39m
2025-11-15 20:42:59:4259 [32minfo[39m: [32m  • Port: 3000[39m
2025-11-15 20:42:59:4259 [32minfo[39m: [32m[39m
[32m━━━━━━━━━━━━━━━━━━━━━━━━━━━━━━━━━━━━━━━━━━━━━━━━━━━━━━━━━[39m
2025-11-15 20:42:59:4259 [32minfo[39m: [32mSTEP 5: Starting HTTP Server[39m
2025-11-15 20:42:59:4259 [32minfo[39m: [32m━━━━━━━━━━━━━━━━━━━━━━━━━━━━━━━━━━━━━━━━━━━━━━━━━━━━━━━━━[39m
2025-11-15 20:42:59:4259 [32minfo[39m: [32m[39m
[32m🚀 Server started successfully![39m
2025-11-15 20:42:59:4259 [32minfo[39m: [32m[39m
[32m📍 Endpoints:[39m
2025-11-15 20:42:59:4259 [32minfo[39m: [32m   • Health Check: http://localhost:3000/health[39m
2025-11-15 20:42:59:4259 [32minfo[39m: [32m   • API Info:     http://localhost:3000/api[39m
2025-11-15 20:42:59:4259 [32minfo[39m: [32m   • API Base:     http://localhost:3000/api/*[39m
2025-11-15 20:42:59:4259 [32minfo[39m: [32m[39m
[32m🔧 Services Status:[39m
2025-11-15 20:42:59:4259 [32minfo[39m: [32m   • Database:     ✅ Connected[39m
2025-11-15 20:42:59:4259 [32minfo[39m: [32m   • Cache:        ✅ Connected[39m
2025-11-15 20:42:59:4259 [32minfo[39m: [32m   • Analytics:    ✅ Connected[39m
2025-11-15 20:42:59:4259 [32minfo[39m: [32m[39m
[32m━━━━━━━━━━━━━━━━━━━━━━━━━━━━━━━━━━━━━━━━━━━━━━━━━━━━━━━━━[39m
2025-11-15 20:42:59:4259 [32minfo[39m: [32m✅ FreeTune Backend is ready to serve requests![39m
2025-11-15 20:42:59:4259 [32minfo[39m: [32m━━━━━━━━━━━━━━━━━━━━━━━━━━━━━━━━━━━━━━━━━━━━━━━━━━━━━━━━━[39m
[32m[39m
2025-11-15 20:43:32:4332 [32minfo[39m: [32m━━━━━━━━━━━━━━━━━━━━━━━━━━━━━━━━━━━━━━━━━━━━━━━━━━━━━━━━━[39m
2025-11-15 20:43:32:4332 [32minfo[39m: [32mSTEP 1: Environment Validation[39m
2025-11-15 20:43:32:4332 [32minfo[39m: [32m━━━━━━━━━━━━━━━━━━━━━━━━━━━━━━━━━━━━━━━━━━━━━━━━━━━━━━━━━[39m
2025-11-15 20:43:32:4332 [32minfo[39m: [32m🔍 Validating environment variables...[39m
2025-11-15 20:43:32:4332 [32minfo[39m: [32m✅ Environment variables validated[39m
2025-11-15 20:43:32:4332 [32minfo[39m: [32m[39m
[32m━━━━━━━━━━━━━━━━━━━━━━━━━━━━━━━━━━━━━━━━━━━━━━━━━━━━━━━━━[39m
2025-11-15 20:43:32:4332 [32minfo[39m: [32mSTEP 2: Database Connections[39m
2025-11-15 20:43:32:4332 [32minfo[39m: [32m━━━━━━━━━━━━━━━━━━━━━━━━━━━━━━━━━━━━━━━━━━━━━━━━━━━━━━━━━[39m
2025-11-15 20:43:32:4332 [32minfo[39m: [32m🔌 Checking database connections...[39m
2025-11-15 20:43:32:4332 [32minfo[39m: [32mSupabase client initialized[39m
2025-11-15 20:43:33:4333 [32minfo[39m: [32m  ✅ Supabase (PostgreSQL) connected[39m
2025-11-15 20:43:33:4333 [32minfo[39m: [32mUpstash Redis initialized[39m
2025-11-15 20:43:33:4333 [32minfo[39m: [32m  ✅ Redis (Upstash) connected[39m
2025-11-15 20:43:34:4334 [32minfo[39m: [32mMongoose (MongoDB) connected successfully[39m
2025-11-15 20:43:34:4334 [32minfo[39m: [32m  ✅ MongoDB (Mongoose) connected[39m
2025-11-15 20:43:34:4334 [32minfo[39m: [32m[39m
[32m━━━━━━━━━━━━━━━━━━━━━━━━━━━━━━━━━━━━━━━━━━━━━━━━━━━━━━━━━[39m
2025-11-15 20:43:34:4334 [32minfo[39m: [32mSTEP 3: Service Configuration[39m
2025-11-15 20:43:34:4334 [32minfo[39m: [32m━━━━━━━━━━━━━━━━━━━━━━━━━━━━━━━━━━━━━━━━━━━━━━━━━━━━━━━━━[39m
2025-11-15 20:43:34:4334 [32minfo[39m: [32m🔧 Checking service configurations...[39m
2025-11-15 20:43:34:4334 [32minfo[39m: [32m  ✅ Cloudflare R2 configured[39m
2025-11-15 20:43:34:4334 [32minfo[39m: [32m  ✅ JWT authentication configured[39m
2025-11-15 20:43:34:4334 [32minfo[39m: [32m  ✅ CORS configured (2 origins)[39m
2025-11-15 20:43:34:4334 [32minfo[39m: [32m✅ Service configurations checked[39m
2025-11-15 20:43:34:4334 [32minfo[39m: [32m[39m
[32m━━━━━━━━━━━━━━━━━━━━━━━━━━━━━━━━━━━━━━━━━━━━━━━━━━━━━━━━━[39m
2025-11-15 20:43:34:4334 [32minfo[39m: [32mSTEP 4: System Information[39m
2025-11-15 20:43:34:4334 [32minfo[39m: [32m━━━━━━━━━━━━━━━━━━━━━━━━━━━━━━━━━━━━━━━━━━━━━━━━━━━━━━━━━[39m
2025-11-15 20:43:34:4334 [32minfo[39m: [32m📊 System Information:[39m
2025-11-15 20:43:34:4334 [32minfo[39m: [32m  • Node.js: v22.20.0[39m
2025-11-15 20:43:34:4334 [32minfo[39m: [32m  • Platform: linux[39m
2025-11-15 20:43:34:4334 [32minfo[39m: [32m  • Architecture: x64[39m
2025-11-15 20:43:34:4334 [32minfo[39m: [32m  • Memory: 64MB[39m
2025-11-15 20:43:34:4334 [32minfo[39m: [32m  • Environment: development[39m
2025-11-15 20:43:34:4334 [32minfo[39m: [32m  • Port: 3000[39m
2025-11-15 20:43:34:4334 [32minfo[39m: [32m[39m
[32m━━━━━━━━━━━━━━━━━━━━━━━━━━━━━━━━━━━━━━━━━━━━━━━━━━━━━━━━━[39m
2025-11-15 20:43:34:4334 [32minfo[39m: [32mSTEP 5: Starting HTTP Server[39m
2025-11-15 20:43:34:4334 [32minfo[39m: [32m━━━━━━━━━━━━━━━━━━━━━━━━━━━━━━━━━━━━━━━━━━━━━━━━━━━━━━━━━[39m
2025-11-15 20:43:34:4334 [32minfo[39m: [32m[39m
[32m🚀 Server started successfully![39m
2025-11-15 20:43:34:4334 [32minfo[39m: [32m[39m
[32m📍 Endpoints:[39m
2025-11-15 20:43:34:4334 [32minfo[39m: [32m   • Health Check: http://localhost:3000/health[39m
2025-11-15 20:43:34:4334 [32minfo[39m: [32m   • API Info:     http://localhost:3000/api[39m
2025-11-15 20:43:34:4334 [32minfo[39m: [32m   • API Base:     http://localhost:3000/api/*[39m
2025-11-15 20:43:34:4334 [32minfo[39m: [32m[39m
[32m🔧 Services Status:[39m
2025-11-15 20:43:34:4334 [32minfo[39m: [32m   • Database:     ✅ Connected[39m
2025-11-15 20:43:34:4334 [32minfo[39m: [32m   • Cache:        ✅ Connected[39m
2025-11-15 20:43:34:4334 [32minfo[39m: [32m   • Analytics:    ✅ Connected[39m
2025-11-15 20:43:34:4334 [32minfo[39m: [32m[39m
[32m━━━━━━━━━━━━━━━━━━━━━━━━━━━━━━━━━━━━━━━━━━━━━━━━━━━━━━━━━[39m
2025-11-15 20:43:34:4334 [32minfo[39m: [32m✅ FreeTune Backend is ready to serve requests![39m
2025-11-15 20:43:34:4334 [32minfo[39m: [32m━━━━━━━━━━━━━━━━━━━━━━━━━━━━━━━━━━━━━━━━━━━━━━━━━━━━━━━━━[39m
[32m[39m
2025-11-15 20:43:51:4351 [32minfo[39m: [32m━━━━━━━━━━━━━━━━━━━━━━━━━━━━━━━━━━━━━━━━━━━━━━━━━━━━━━━━━[39m
2025-11-15 20:43:51:4351 [32minfo[39m: [32mSTEP 1: Environment Validation[39m
2025-11-15 20:43:51:4351 [32minfo[39m: [32m━━━━━━━━━━━━━━━━━━━━━━━━━━━━━━━━━━━━━━━━━━━━━━━━━━━━━━━━━[39m
2025-11-15 20:43:51:4351 [32minfo[39m: [32m🔍 Validating environment variables...[39m
2025-11-15 20:43:51:4351 [32minfo[39m: [32m✅ Environment variables validated[39m
2025-11-15 20:43:51:4351 [32minfo[39m: [32m[39m
[32m━━━━━━━━━━━━━━━━━━━━━━━━━━━━━━━━━━━━━━━━━━━━━━━━━━━━━━━━━[39m
2025-11-15 20:43:51:4351 [32minfo[39m: [32mSTEP 2: Database Connections[39m
2025-11-15 20:43:51:4351 [32minfo[39m: [32m━━━━━━━━━━━━━━━━━━━━━━━━━━━━━━━━━━━━━━━━━━━━━━━━━━━━━━━━━[39m
2025-11-15 20:43:51:4351 [32minfo[39m: [32m🔌 Checking database connections...[39m
2025-11-15 20:43:51:4351 [32minfo[39m: [32mSupabase client initialized[39m
2025-11-15 20:43:51:4351 [32minfo[39m: [32m  ✅ Supabase (PostgreSQL) connected[39m
2025-11-15 20:43:51:4351 [32minfo[39m: [32mUpstash Redis initialized[39m
2025-11-15 20:43:52:4352 [32minfo[39m: [32m  ✅ Redis (Upstash) connected[39m
2025-11-15 20:43:53:4353 [32minfo[39m: [32mMongoose (MongoDB) connected successfully[39m
2025-11-15 20:43:53:4353 [32minfo[39m: [32m  ✅ MongoDB (Mongoose) connected[39m
2025-11-15 20:43:53:4353 [32minfo[39m: [32m[39m
[32m━━━━━━━━━━━━━━━━━━━━━━━━━━━━━━━━━━━━━━━━━━━━━━━━━━━━━━━━━[39m
2025-11-15 20:43:53:4353 [32minfo[39m: [32mSTEP 3: Service Configuration[39m
2025-11-15 20:43:53:4353 [32minfo[39m: [32m━━━━━━━━━━━━━━━━━━━━━━━━━━━━━━━━━━━━━━━━━━━━━━━━━━━━━━━━━[39m
2025-11-15 20:43:53:4353 [32minfo[39m: [32m🔧 Checking service configurations...[39m
2025-11-15 20:43:53:4353 [32minfo[39m: [32m  ✅ Cloudflare R2 configured[39m
2025-11-15 20:43:53:4353 [32minfo[39m: [32m  ✅ JWT authentication configured[39m
2025-11-15 20:43:53:4353 [32minfo[39m: [32m  ✅ CORS configured (2 origins)[39m
2025-11-15 20:43:53:4353 [32minfo[39m: [32m✅ Service configurations checked[39m
2025-11-15 20:43:53:4353 [32minfo[39m: [32m[39m
[32m━━━━━━━━━━━━━━━━━━━━━━━━━━━━━━━━━━━━━━━━━━━━━━━━━━━━━━━━━[39m
2025-11-15 20:43:53:4353 [32minfo[39m: [32mSTEP 4: System Information[39m
2025-11-15 20:43:53:4353 [32minfo[39m: [32m━━━━━━━━━━━━━━━━━━━━━━━━━━━━━━━━━━━━━━━━━━━━━━━━━━━━━━━━━[39m
2025-11-15 20:43:53:4353 [32minfo[39m: [32m📊 System Information:[39m
2025-11-15 20:43:53:4353 [32minfo[39m: [32m  • Node.js: v22.20.0[39m
2025-11-15 20:43:53:4353 [32minfo[39m: [32m  • Platform: linux[39m
2025-11-15 20:43:53:4353 [32minfo[39m: [32m  • Architecture: x64[39m
2025-11-15 20:43:53:4353 [32minfo[39m: [32m  • Memory: 63MB[39m
2025-11-15 20:43:53:4353 [32minfo[39m: [32m  • Environment: development[39m
2025-11-15 20:43:53:4353 [32minfo[39m: [32m  • Port: 3000[39m
2025-11-15 20:43:53:4353 [32minfo[39m: [32m[39m
[32m━━━━━━━━━━━━━━━━━━━━━━━━━━━━━━━━━━━━━━━━━━━━━━━━━━━━━━━━━[39m
2025-11-15 20:43:53:4353 [32minfo[39m: [32mSTEP 5: Starting HTTP Server[39m
2025-11-15 20:43:53:4353 [32minfo[39m: [32m━━━━━━━━━━━━━━━━━━━━━━━━━━━━━━━━━━━━━━━━━━━━━━━━━━━━━━━━━[39m
2025-11-15 20:43:53:4353 [32minfo[39m: [32m[39m
[32m🚀 Server started successfully![39m
2025-11-15 20:43:53:4353 [32minfo[39m: [32m[39m
[32m📍 Endpoints:[39m
2025-11-15 20:43:53:4353 [32minfo[39m: [32m   • Health Check: http://localhost:3000/health[39m
2025-11-15 20:43:53:4353 [32minfo[39m: [32m   • API Info:     http://localhost:3000/api[39m
2025-11-15 20:43:53:4353 [32minfo[39m: [32m   • API Base:     http://localhost:3000/api/*[39m
2025-11-15 20:43:53:4353 [32minfo[39m: [32m[39m
[32m🔧 Services Status:[39m
2025-11-15 20:43:53:4353 [32minfo[39m: [32m   • Database:     ✅ Connected[39m
2025-11-15 20:43:53:4353 [32minfo[39m: [32m   • Cache:        ✅ Connected[39m
2025-11-15 20:43:53:4353 [32minfo[39m: [32m   • Analytics:    ✅ Connected[39m
2025-11-15 20:43:53:4353 [32minfo[39m: [32m[39m
[32m━━━━━━━━━━━━━━━━━━━━━━━━━━━━━━━━━━━━━━━━━━━━━━━━━━━━━━━━━[39m
2025-11-15 20:43:53:4353 [32minfo[39m: [32m✅ FreeTune Backend is ready to serve requests![39m
2025-11-15 20:43:53:4353 [32minfo[39m: [32m━━━━━━━━━━━━━━━━━━━━━━━━━━━━━━━━━━━━━━━━━━━━━━━━━━━━━━━━━[39m
[32m[39m
2025-11-15 20:43:56:4356 [32minfo[39m: [32m━━━━━━━━━━━━━━━━━━━━━━━━━━━━━━━━━━━━━━━━━━━━━━━━━━━━━━━━━[39m
2025-11-15 20:43:56:4356 [32minfo[39m: [32mSTEP 1: Environment Validation[39m
2025-11-15 20:43:56:4356 [32minfo[39m: [32m━━━━━━━━━━━━━━━━━━━━━━━━━━━━━━━━━━━━━━━━━━━━━━━━━━━━━━━━━[39m
2025-11-15 20:43:56:4356 [32minfo[39m: [32m🔍 Validating environment variables...[39m
2025-11-15 20:43:56:4356 [32minfo[39m: [32m✅ Environment variables validated[39m
2025-11-15 20:43:56:4356 [32minfo[39m: [32m[39m
[32m━━━━━━━━━━━━━━━━━━━━━━━━━━━━━━━━━━━━━━━━━━━━━━━━━━━━━━━━━[39m
2025-11-15 20:43:56:4356 [32minfo[39m: [32mSTEP 2: Database Connections[39m
2025-11-15 20:43:56:4356 [32minfo[39m: [32m━━━━━━━━━━━━━━━━━━━━━━━━━━━━━━━━━━━━━━━━━━━━━━━━━━━━━━━━━[39m
2025-11-15 20:43:56:4356 [32minfo[39m: [32m🔌 Checking database connections...[39m
2025-11-15 20:43:56:4356 [32minfo[39m: [32mSupabase client initialized[39m
2025-11-15 20:43:56:4356 [32minfo[39m: [32m  ✅ Supabase (PostgreSQL) connected[39m
2025-11-15 20:43:56:4356 [32minfo[39m: [32mUpstash Redis initialized[39m
2025-11-15 20:43:57:4357 [32minfo[39m: [32m  ✅ Redis (Upstash) connected[39m
2025-11-15 20:43:58:4358 [32minfo[39m: [32mMongoose (MongoDB) connected successfully[39m
2025-11-15 20:43:58:4358 [32minfo[39m: [32m  ✅ MongoDB (Mongoose) connected[39m
2025-11-15 20:43:58:4358 [32minfo[39m: [32m[39m
[32m━━━━━━━━━━━━━━━━━━━━━━━━━━━━━━━━━━━━━━━━━━━━━━━━━━━━━━━━━[39m
2025-11-15 20:43:58:4358 [32minfo[39m: [32mSTEP 3: Service Configuration[39m
2025-11-15 20:43:58:4358 [32minfo[39m: [32m━━━━━━━━━━━━━━━━━━━━━━━━━━━━━━━━━━━━━━━━━━━━━━━━━━━━━━━━━[39m
2025-11-15 20:43:58:4358 [32minfo[39m: [32m🔧 Checking service configurations...[39m
2025-11-15 20:43:58:4358 [32minfo[39m: [32m  ✅ Cloudflare R2 configured[39m
2025-11-15 20:43:58:4358 [32minfo[39m: [32m  ✅ JWT authentication configured[39m
2025-11-15 20:43:58:4358 [32minfo[39m: [32m  ✅ CORS configured (2 origins)[39m
2025-11-15 20:43:58:4358 [32minfo[39m: [32m✅ Service configurations checked[39m
2025-11-15 20:43:58:4358 [32minfo[39m: [32m[39m
[32m━━━━━━━━━━━━━━━━━━━━━━━━━━━━━━━━━━━━━━━━━━━━━━━━━━━━━━━━━[39m
2025-11-15 20:43:58:4358 [32minfo[39m: [32mSTEP 4: System Information[39m
2025-11-15 20:43:58:4358 [32minfo[39m: [32m━━━━━━━━━━━━━━━━━━━━━━━━━━━━━━━━━━━━━━━━━━━━━━━━━━━━━━━━━[39m
2025-11-15 20:43:58:4358 [32minfo[39m: [32m📊 System Information:[39m
2025-11-15 20:43:58:4358 [32minfo[39m: [32m  • Node.js: v22.20.0[39m
2025-11-15 20:43:58:4358 [32minfo[39m: [32m  • Platform: linux[39m
2025-11-15 20:43:58:4358 [32minfo[39m: [32m  • Architecture: x64[39m
2025-11-15 20:43:58:4358 [32minfo[39m: [32m  • Memory: 63MB[39m
2025-11-15 20:43:58:4358 [32minfo[39m: [32m  • Environment: development[39m
2025-11-15 20:43:58:4358 [32minfo[39m: [32m  • Port: 3000[39m
2025-11-15 20:43:58:4358 [32minfo[39m: [32m[39m
[32m━━━━━━━━━━━━━━━━━━━━━━━━━━━━━━━━━━━━━━━━━━━━━━━━━━━━━━━━━[39m
2025-11-15 20:43:58:4358 [32minfo[39m: [32mSTEP 5: Starting HTTP Server[39m
2025-11-15 20:43:58:4358 [32minfo[39m: [32m━━━━━━━━━━━━━━━━━━━━━━━━━━━━━━━━━━━━━━━━━━━━━━━━━━━━━━━━━[39m
2025-11-15 20:43:58:4358 [32minfo[39m: [32m[39m
[32m🚀 Server started successfully![39m
2025-11-15 20:43:58:4358 [32minfo[39m: [32m[39m
[32m📍 Endpoints:[39m
2025-11-15 20:43:58:4358 [32minfo[39m: [32m   • Health Check: http://localhost:3000/health[39m
2025-11-15 20:43:58:4358 [32minfo[39m: [32m   • API Info:     http://localhost:3000/api[39m
2025-11-15 20:43:58:4358 [32minfo[39m: [32m   • API Base:     http://localhost:3000/api/*[39m
2025-11-15 20:43:58:4358 [32minfo[39m: [32m[39m
[32m🔧 Services Status:[39m
2025-11-15 20:43:58:4358 [32minfo[39m: [32m   • Database:     ✅ Connected[39m
2025-11-15 20:43:58:4358 [32minfo[39m: [32m   • Cache:        ✅ Connected[39m
2025-11-15 20:43:58:4358 [32minfo[39m: [32m   • Analytics:    ✅ Connected[39m
2025-11-15 20:43:58:4358 [32minfo[39m: [32m[39m
[32m━━━━━━━━━━━━━━━━━━━━━━━━━━━━━━━━━━━━━━━━━━━━━━━━━━━━━━━━━[39m
2025-11-15 20:43:58:4358 [32minfo[39m: [32m✅ FreeTune Backend is ready to serve requests![39m
2025-11-15 20:43:58:4358 [32minfo[39m: [32m━━━━━━━━━━━━━━━━━━━━━━━━━━━━━━━━━━━━━━━━━━━━━━━━━━━━━━━━━[39m
[32m[39m
2025-11-15 20:44:12:4412 [32minfo[39m: [32m━━━━━━━━━━━━━━━━━━━━━━━━━━━━━━━━━━━━━━━━━━━━━━━━━━━━━━━━━[39m
2025-11-15 20:44:12:4412 [32minfo[39m: [32mSTEP 1: Environment Validation[39m
2025-11-15 20:44:12:4412 [32minfo[39m: [32m━━━━━━━━━━━━━━━━━━━━━━━━━━━━━━━━━━━━━━━━━━━━━━━━━━━━━━━━━[39m
2025-11-15 20:44:12:4412 [32minfo[39m: [32m🔍 Validating environment variables...[39m
2025-11-15 20:44:12:4412 [32minfo[39m: [32m✅ Environment variables validated[39m
2025-11-15 20:44:12:4412 [32minfo[39m: [32m[39m
[32m━━━━━━━━━━━━━━━━━━━━━━━━━━━━━━━━━━━━━━━━━━━━━━━━━━━━━━━━━[39m
2025-11-15 20:44:12:4412 [32minfo[39m: [32mSTEP 2: Database Connections[39m
2025-11-15 20:44:12:4412 [32minfo[39m: [32m━━━━━━━━━━━━━━━━━━━━━━━━━━━━━━━━━━━━━━━━━━━━━━━━━━━━━━━━━[39m
2025-11-15 20:44:12:4412 [32minfo[39m: [32m🔌 Checking database connections...[39m
2025-11-15 20:44:12:4412 [32minfo[39m: [32mSupabase client initialized[39m
2025-11-15 20:44:13:4413 [32minfo[39m: [32m  ✅ Supabase (PostgreSQL) connected[39m
2025-11-15 20:44:13:4413 [32minfo[39m: [32mUpstash Redis initialized[39m
2025-11-15 20:44:13:4413 [32minfo[39m: [32m  ✅ Redis (Upstash) connected[39m
2025-11-15 20:44:14:4414 [32minfo[39m: [32mMongoose (MongoDB) connected successfully[39m
2025-11-15 20:44:14:4414 [32minfo[39m: [32m  ✅ MongoDB (Mongoose) connected[39m
2025-11-15 20:44:14:4414 [32minfo[39m: [32m[39m
[32m━━━━━━━━━━━━━━━━━━━━━━━━━━━━━━━━━━━━━━━━━━━━━━━━━━━━━━━━━[39m
2025-11-15 20:44:14:4414 [32minfo[39m: [32mSTEP 3: Service Configuration[39m
2025-11-15 20:44:14:4414 [32minfo[39m: [32m━━━━━━━━━━━━━━━━━━━━━━━━━━━━━━━━━━━━━━━━━━━━━━━━━━━━━━━━━[39m
2025-11-15 20:44:14:4414 [32minfo[39m: [32m🔧 Checking service configurations...[39m
2025-11-15 20:44:14:4414 [32minfo[39m: [32m  ✅ Cloudflare R2 configured[39m
2025-11-15 20:44:14:4414 [32minfo[39m: [32m  ✅ JWT authentication configured[39m
2025-11-15 20:44:14:4414 [32minfo[39m: [32m  ✅ CORS configured (2 origins)[39m
2025-11-15 20:44:14:4414 [32minfo[39m: [32m✅ Service configurations checked[39m
2025-11-15 20:44:14:4414 [32minfo[39m: [32m[39m
[32m━━━━━━━━━━━━━━━━━━━━━━━━━━━━━━━━━━━━━━━━━━━━━━━━━━━━━━━━━[39m
2025-11-15 20:44:14:4414 [32minfo[39m: [32mSTEP 4: System Information[39m
2025-11-15 20:44:14:4414 [32minfo[39m: [32m━━━━━━━━━━━━━━━━━━━━━━━━━━━━━━━━━━━━━━━━━━━━━━━━━━━━━━━━━[39m
2025-11-15 20:44:14:4414 [32minfo[39m: [32m📊 System Information:[39m
2025-11-15 20:44:14:4414 [32minfo[39m: [32m  • Node.js: v22.20.0[39m
2025-11-15 20:44:14:4414 [32minfo[39m: [32m  • Platform: linux[39m
2025-11-15 20:44:14:4414 [32minfo[39m: [32m  • Architecture: x64[39m
2025-11-15 20:44:14:4414 [32minfo[39m: [32m  • Memory: 64MB[39m
2025-11-15 20:44:14:4414 [32minfo[39m: [32m  • Environment: development[39m
2025-11-15 20:44:14:4414 [32minfo[39m: [32m  • Port: 3000[39m
2025-11-15 20:44:14:4414 [32minfo[39m: [32m[39m
[32m━━━━━━━━━━━━━━━━━━━━━━━━━━━━━━━━━━━━━━━━━━━━━━━━━━━━━━━━━[39m
2025-11-15 20:44:14:4414 [32minfo[39m: [32mSTEP 5: Starting HTTP Server[39m
2025-11-15 20:44:14:4414 [32minfo[39m: [32m━━━━━━━━━━━━━━━━━━━━━━━━━━━━━━━━━━━━━━━━━━━━━━━━━━━━━━━━━[39m
2025-11-15 20:44:14:4414 [32minfo[39m: [32m[39m
[32m🚀 Server started successfully![39m
2025-11-15 20:44:14:4414 [32minfo[39m: [32m[39m
[32m📍 Endpoints:[39m
2025-11-15 20:44:14:4414 [32minfo[39m: [32m   • Health Check: http://localhost:3000/health[39m
2025-11-15 20:44:14:4414 [32minfo[39m: [32m   • API Info:     http://localhost:3000/api[39m
2025-11-15 20:44:14:4414 [32minfo[39m: [32m   • API Base:     http://localhost:3000/api/*[39m
2025-11-15 20:44:14:4414 [32minfo[39m: [32m[39m
[32m🔧 Services Status:[39m
2025-11-15 20:44:14:4414 [32minfo[39m: [32m   • Database:     ✅ Connected[39m
2025-11-15 20:44:14:4414 [32minfo[39m: [32m   • Cache:        ✅ Connected[39m
2025-11-15 20:44:14:4414 [32minfo[39m: [32m   • Analytics:    ✅ Connected[39m
2025-11-15 20:44:14:4414 [32minfo[39m: [32m[39m
[32m━━━━━━━━━━━━━━━━━━━━━━━━━━━━━━━━━━━━━━━━━━━━━━━━━━━━━━━━━[39m
2025-11-15 20:44:14:4414 [32minfo[39m: [32m✅ FreeTune Backend is ready to serve requests![39m
2025-11-15 20:44:14:4414 [32minfo[39m: [32m━━━━━━━━━━━━━━━━━━━━━━━━━━━━━━━━━━━━━━━━━━━━━━━━━━━━━━━━━[39m
[32m[39m
2025-11-15 20:44:34:4434 [32minfo[39m: [32m━━━━━━━━━━━━━━━━━━━━━━━━━━━━━━━━━━━━━━━━━━━━━━━━━━━━━━━━━[39m
2025-11-15 20:44:34:4434 [32minfo[39m: [32mSTEP 1: Environment Validation[39m
2025-11-15 20:44:34:4434 [32minfo[39m: [32m━━━━━━━━━━━━━━━━━━━━━━━━━━━━━━━━━━━━━━━━━━━━━━━━━━━━━━━━━[39m
2025-11-15 20:44:34:4434 [32minfo[39m: [32m🔍 Validating environment variables...[39m
2025-11-15 20:44:34:4434 [32minfo[39m: [32m✅ Environment variables validated[39m
2025-11-15 20:44:34:4434 [32minfo[39m: [32m[39m
[32m━━━━━━━━━━━━━━━━━━━━━━━━━━━━━━━━━━━━━━━━━━━━━━━━━━━━━━━━━[39m
2025-11-15 20:44:34:4434 [32minfo[39m: [32mSTEP 2: Database Connections[39m
2025-11-15 20:44:34:4434 [32minfo[39m: [32m━━━━━━━━━━━━━━━━━━━━━━━━━━━━━━━━━━━━━━━━━━━━━━━━━━━━━━━━━[39m
2025-11-15 20:44:34:4434 [32minfo[39m: [32m🔌 Checking database connections...[39m
2025-11-15 20:44:34:4434 [32minfo[39m: [32mSupabase client initialized[39m
2025-11-15 20:44:35:4435 [32minfo[39m: [32m  ✅ Supabase (PostgreSQL) connected[39m
2025-11-15 20:44:35:4435 [32minfo[39m: [32mUpstash Redis initialized[39m
2025-11-15 20:44:35:4435 [32minfo[39m: [32m  ✅ Redis (Upstash) connected[39m
2025-11-15 20:44:37:4437 [32minfo[39m: [32mMongoose (MongoDB) connected successfully[39m
2025-11-15 20:44:37:4437 [32minfo[39m: [32m  ✅ MongoDB (Mongoose) connected[39m
2025-11-15 20:44:37:4437 [32minfo[39m: [32m[39m
[32m━━━━━━━━━━━━━━━━━━━━━━━━━━━━━━━━━━━━━━━━━━━━━━━━━━━━━━━━━[39m
2025-11-15 20:44:37:4437 [32minfo[39m: [32mSTEP 3: Service Configuration[39m
2025-11-15 20:44:37:4437 [32minfo[39m: [32m━━━━━━━━━━━━━━━━━━━━━━━━━━━━━━━━━━━━━━━━━━━━━━━━━━━━━━━━━[39m
2025-11-15 20:44:37:4437 [32minfo[39m: [32m🔧 Checking service configurations...[39m
2025-11-15 20:44:37:4437 [32minfo[39m: [32m  ✅ Cloudflare R2 configured[39m
2025-11-15 20:44:37:4437 [32minfo[39m: [32m  ✅ JWT authentication configured[39m
2025-11-15 20:44:37:4437 [32minfo[39m: [32m  ✅ CORS configured (2 origins)[39m
2025-11-15 20:44:37:4437 [32minfo[39m: [32m✅ Service configurations checked[39m
2025-11-15 20:44:37:4437 [32minfo[39m: [32m[39m
[32m━━━━━━━━━━━━━━━━━━━━━━━━━━━━━━━━━━━━━━━━━━━━━━━━━━━━━━━━━[39m
2025-11-15 20:44:37:4437 [32minfo[39m: [32mSTEP 4: System Information[39m
2025-11-15 20:44:37:4437 [32minfo[39m: [32m━━━━━━━━━━━━━━━━━━━━━━━━━━━━━━━━━━━━━━━━━━━━━━━━━━━━━━━━━[39m
2025-11-15 20:44:37:4437 [32minfo[39m: [32m📊 System Information:[39m
2025-11-15 20:44:37:4437 [32minfo[39m: [32m  • Node.js: v22.20.0[39m
2025-11-15 20:44:37:4437 [32minfo[39m: [32m  • Platform: linux[39m
2025-11-15 20:44:37:4437 [32minfo[39m: [32m  • Architecture: x64[39m
2025-11-15 20:44:37:4437 [32minfo[39m: [32m  • Memory: 64MB[39m
2025-11-15 20:44:37:4437 [32minfo[39m: [32m  • Environment: development[39m
2025-11-15 20:44:37:4437 [32minfo[39m: [32m  • Port: 3000[39m
2025-11-15 20:44:37:4437 [32minfo[39m: [32m[39m
[32m━━━━━━━━━━━━━━━━━━━━━━━━━━━━━━━━━━━━━━━━━━━━━━━━━━━━━━━━━[39m
2025-11-15 20:44:37:4437 [32minfo[39m: [32mSTEP 5: Starting HTTP Server[39m
2025-11-15 20:44:37:4437 [32minfo[39m: [32m━━━━━━━━━━━━━━━━━━━━━━━━━━━━━━━━━━━━━━━━━━━━━━━━━━━━━━━━━[39m
2025-11-15 20:44:37:4437 [32minfo[39m: [32m[39m
[32m🚀 Server started successfully![39m
2025-11-15 20:44:37:4437 [32minfo[39m: [32m[39m
[32m📍 Endpoints:[39m
2025-11-15 20:44:37:4437 [32minfo[39m: [32m   • Health Check: http://localhost:3000/health[39m
2025-11-15 20:44:37:4437 [32minfo[39m: [32m   • API Info:     http://localhost:3000/api[39m
2025-11-15 20:44:37:4437 [32minfo[39m: [32m   • API Base:     http://localhost:3000/api/*[39m
2025-11-15 20:44:37:4437 [32minfo[39m: [32m[39m
[32m🔧 Services Status:[39m
2025-11-15 20:44:37:4437 [32minfo[39m: [32m   • Database:     ✅ Connected[39m
2025-11-15 20:44:37:4437 [32minfo[39m: [32m   • Cache:        ✅ Connected[39m
2025-11-15 20:44:37:4437 [32minfo[39m: [32m   • Analytics:    ✅ Connected[39m
2025-11-15 20:44:37:4437 [32minfo[39m: [32m[39m
[32m━━━━━━━━━━━━━━━━━━━━━━━━━━━━━━━━━━━━━━━━━━━━━━━━━━━━━━━━━[39m
2025-11-15 20:44:37:4437 [32minfo[39m: [32m✅ FreeTune Backend is ready to serve requests![39m
2025-11-15 20:44:37:4437 [32minfo[39m: [32m━━━━━━━━━━━━━━━━━━━━━━━━━━━━━━━━━━━━━━━━━━━━━━━━━━━━━━━━━[39m
[32m[39m
2025-11-15 20:44:53:4453 [32minfo[39m: [32m━━━━━━━━━━━━━━━━━━━━━━━━━━━━━━━━━━━━━━━━━━━━━━━━━━━━━━━━━[39m
2025-11-15 20:44:53:4453 [32minfo[39m: [32mSTEP 1: Environment Validation[39m
2025-11-15 20:44:53:4453 [32minfo[39m: [32m━━━━━━━━━━━━━━━━━━━━━━━━━━━━━━━━━━━━━━━━━━━━━━━━━━━━━━━━━[39m
2025-11-15 20:44:53:4453 [32minfo[39m: [32m🔍 Validating environment variables...[39m
2025-11-15 20:44:53:4453 [32minfo[39m: [32m✅ Environment variables validated[39m
2025-11-15 20:44:53:4453 [32minfo[39m: [32m[39m
[32m━━━━━━━━━━━━━━━━━━━━━━━━━━━━━━━━━━━━━━━━━━━━━━━━━━━━━━━━━[39m
2025-11-15 20:44:53:4453 [32minfo[39m: [32mSTEP 2: Database Connections[39m
2025-11-15 20:44:53:4453 [32minfo[39m: [32m━━━━━━━━━━━━━━━━━━━━━━━━━━━━━━━━━━━━━━━━━━━━━━━━━━━━━━━━━[39m
2025-11-15 20:44:53:4453 [32minfo[39m: [32m🔌 Checking database connections...[39m
2025-11-15 20:44:53:4453 [32minfo[39m: [32mSupabase client initialized[39m
2025-11-15 20:44:54:4454 [32minfo[39m: [32m  ✅ Supabase (PostgreSQL) connected[39m
2025-11-15 20:44:54:4454 [32minfo[39m: [32mUpstash Redis initialized[39m
2025-11-15 20:44:54:4454 [32minfo[39m: [32m  ✅ Redis (Upstash) connected[39m
2025-11-15 20:44:55:4455 [32minfo[39m: [32mMongoose (MongoDB) connected successfully[39m
2025-11-15 20:44:55:4455 [32minfo[39m: [32m  ✅ MongoDB (Mongoose) connected[39m
2025-11-15 20:44:55:4455 [32minfo[39m: [32m[39m
[32m━━━━━━━━━━━━━━━━━━━━━━━━━━━━━━━━━━━━━━━━━━━━━━━━━━━━━━━━━[39m
2025-11-15 20:44:55:4455 [32minfo[39m: [32mSTEP 3: Service Configuration[39m
2025-11-15 20:44:55:4455 [32minfo[39m: [32m━━━━━━━━━━━━━━━━━━━━━━━━━━━━━━━━━━━━━━━━━━━━━━━━━━━━━━━━━[39m
2025-11-15 20:44:55:4455 [32minfo[39m: [32m🔧 Checking service configurations...[39m
2025-11-15 20:44:55:4455 [32minfo[39m: [32m  ✅ Cloudflare R2 configured[39m
2025-11-15 20:44:55:4455 [32minfo[39m: [32m  ✅ JWT authentication configured[39m
2025-11-15 20:44:55:4455 [32minfo[39m: [32m  ✅ CORS configured (2 origins)[39m
2025-11-15 20:44:55:4455 [32minfo[39m: [32m✅ Service configurations checked[39m
2025-11-15 20:44:55:4455 [32minfo[39m: [32m[39m
[32m━━━━━━━━━━━━━━━━━━━━━━━━━━━━━━━━━━━━━━━━━━━━━━━━━━━━━━━━━[39m
2025-11-15 20:44:55:4455 [32minfo[39m: [32mSTEP 4: System Information[39m
2025-11-15 20:44:55:4455 [32minfo[39m: [32m━━━━━━━━━━━━━━━━━━━━━━━━━━━━━━━━━━━━━━━━━━━━━━━━━━━━━━━━━[39m
2025-11-15 20:44:55:4455 [32minfo[39m: [32m📊 System Information:[39m
2025-11-15 20:44:55:4455 [32minfo[39m: [32m  • Node.js: v22.20.0[39m
2025-11-15 20:44:55:4455 [32minfo[39m: [32m  • Platform: linux[39m
2025-11-15 20:44:55:4455 [32minfo[39m: [32m  • Architecture: x64[39m
2025-11-15 20:44:55:4455 [32minfo[39m: [32m  • Memory: 63MB[39m
2025-11-15 20:44:55:4455 [32minfo[39m: [32m  • Environment: development[39m
2025-11-15 20:44:55:4455 [32minfo[39m: [32m  • Port: 3000[39m
2025-11-15 20:44:55:4455 [32minfo[39m: [32m[39m
[32m━━━━━━━━━━━━━━━━━━━━━━━━━━━━━━━━━━━━━━━━━━━━━━━━━━━━━━━━━[39m
2025-11-15 20:44:55:4455 [32minfo[39m: [32mSTEP 5: Starting HTTP Server[39m
2025-11-15 20:44:55:4455 [32minfo[39m: [32m━━━━━━━━━━━━━━━━━━━━━━━━━━━━━━━━━━━━━━━━━━━━━━━━━━━━━━━━━[39m
2025-11-15 20:44:55:4455 [32minfo[39m: [32m[39m
[32m🚀 Server started successfully![39m
2025-11-15 20:44:55:4455 [32minfo[39m: [32m[39m
[32m📍 Endpoints:[39m
2025-11-15 20:44:55:4455 [32minfo[39m: [32m   • Health Check: http://localhost:3000/health[39m
2025-11-15 20:44:55:4455 [32minfo[39m: [32m   • API Info:     http://localhost:3000/api[39m
2025-11-15 20:44:55:4455 [32minfo[39m: [32m   • API Base:     http://localhost:3000/api/*[39m
2025-11-15 20:44:55:4455 [32minfo[39m: [32m[39m
[32m🔧 Services Status:[39m
2025-11-15 20:44:55:4455 [32minfo[39m: [32m   • Database:     ✅ Connected[39m
2025-11-15 20:44:55:4455 [32minfo[39m: [32m   • Cache:        ✅ Connected[39m
2025-11-15 20:44:55:4455 [32minfo[39m: [32m   • Analytics:    ✅ Connected[39m
2025-11-15 20:44:55:4455 [32minfo[39m: [32m[39m
[32m━━━━━━━━━━━━━━━━━━━━━━━━━━━━━━━━━━━━━━━━━━━━━━━━━━━━━━━━━[39m
2025-11-15 20:44:55:4455 [32minfo[39m: [32m✅ FreeTune Backend is ready to serve requests![39m
2025-11-15 20:44:55:4455 [32minfo[39m: [32m━━━━━━━━━━━━━━━━━━━━━━━━━━━━━━━━━━━━━━━━━━━━━━━━━━━━━━━━━[39m
[32m[39m
2025-11-15 20:44:58:4458 [32minfo[39m: [32m━━━━━━━━━━━━━━━━━━━━━━━━━━━━━━━━━━━━━━━━━━━━━━━━━━━━━━━━━[39m
2025-11-15 20:44:58:4458 [32minfo[39m: [32mSTEP 1: Environment Validation[39m
2025-11-15 20:44:58:4458 [32minfo[39m: [32m━━━━━━━━━━━━━━━━━━━━━━━━━━━━━━━━━━━━━━━━━━━━━━━━━━━━━━━━━[39m
2025-11-15 20:44:58:4458 [32minfo[39m: [32m🔍 Validating environment variables...[39m
2025-11-15 20:44:58:4458 [32minfo[39m: [32m✅ Environment variables validated[39m
2025-11-15 20:44:58:4458 [32minfo[39m: [32m[39m
[32m━━━━━━━━━━━━━━━━━━━━━━━━━━━━━━━━━━━━━━━━━━━━━━━━━━━━━━━━━[39m
2025-11-15 20:44:58:4458 [32minfo[39m: [32mSTEP 2: Database Connections[39m
2025-11-15 20:44:58:4458 [32minfo[39m: [32m━━━━━━━━━━━━━━━━━━━━━━━━━━━━━━━━━━━━━━━━━━━━━━━━━━━━━━━━━[39m
2025-11-15 20:44:58:4458 [32minfo[39m: [32m🔌 Checking database connections...[39m
2025-11-15 20:44:58:4458 [32minfo[39m: [32mSupabase client initialized[39m
2025-11-15 20:44:59:4459 [32minfo[39m: [32m  ✅ Supabase (PostgreSQL) connected[39m
2025-11-15 20:44:59:4459 [32minfo[39m: [32mUpstash Redis initialized[39m
2025-11-15 20:44:59:4459 [32minfo[39m: [32m  ✅ Redis (Upstash) connected[39m
2025-11-15 20:45:00:450 [32minfo[39m: [32mMongoose (MongoDB) connected successfully[39m
2025-11-15 20:45:00:450 [32minfo[39m: [32m  ✅ MongoDB (Mongoose) connected[39m
2025-11-15 20:45:00:450 [32minfo[39m: [32m[39m
[32m━━━━━━━━━━━━━━━━━━━━━━━━━━━━━━━━━━━━━━━━━━━━━━━━━━━━━━━━━[39m
2025-11-15 20:45:00:450 [32minfo[39m: [32mSTEP 3: Service Configuration[39m
2025-11-15 20:45:00:450 [32minfo[39m: [32m━━━━━━━━━━━━━━━━━━━━━━━━━━━━━━━━━━━━━━━━━━━━━━━━━━━━━━━━━[39m
2025-11-15 20:45:00:450 [32minfo[39m: [32m🔧 Checking service configurations...[39m
2025-11-15 20:45:00:450 [32minfo[39m: [32m  ✅ Cloudflare R2 configured[39m
2025-11-15 20:45:00:450 [32minfo[39m: [32m  ✅ JWT authentication configured[39m
2025-11-15 20:45:00:450 [32minfo[39m: [32m  ✅ CORS configured (2 origins)[39m
2025-11-15 20:45:00:450 [32minfo[39m: [32m✅ Service configurations checked[39m
2025-11-15 20:45:00:450 [32minfo[39m: [32m[39m
[32m━━━━━━━━━━━━━━━━━━━━━━━━━━━━━━━━━━━━━━━━━━━━━━━━━━━━━━━━━[39m
2025-11-15 20:45:00:450 [32minfo[39m: [32mSTEP 4: System Information[39m
2025-11-15 20:45:00:450 [32minfo[39m: [32m━━━━━━━━━━━━━━━━━━━━━━━━━━━━━━━━━━━━━━━━━━━━━━━━━━━━━━━━━[39m
2025-11-15 20:45:00:450 [32minfo[39m: [32m📊 System Information:[39m
2025-11-15 20:45:00:450 [32minfo[39m: [32m  • Node.js: v22.20.0[39m
2025-11-15 20:45:00:450 [32minfo[39m: [32m  • Platform: linux[39m
2025-11-15 20:45:00:450 [32minfo[39m: [32m  • Architecture: x64[39m
2025-11-15 20:45:00:450 [32minfo[39m: [32m  • Memory: 63MB[39m
2025-11-15 20:45:00:450 [32minfo[39m: [32m  • Environment: development[39m
2025-11-15 20:45:00:450 [32minfo[39m: [32m  • Port: 3000[39m
2025-11-15 20:45:00:450 [32minfo[39m: [32m[39m
[32m━━━━━━━━━━━━━━━━━━━━━━━━━━━━━━━━━━━━━━━━━━━━━━━━━━━━━━━━━[39m
2025-11-15 20:45:00:450 [32minfo[39m: [32mSTEP 5: Starting HTTP Server[39m
2025-11-15 20:45:00:450 [32minfo[39m: [32m━━━━━━━━━━━━━━━━━━━━━━━━━━━━━━━━━━━━━━━━━━━━━━━━━━━━━━━━━[39m
2025-11-15 20:45:00:450 [32minfo[39m: [32m[39m
[32m🚀 Server started successfully![39m
2025-11-15 20:45:00:450 [32minfo[39m: [32m[39m
[32m📍 Endpoints:[39m
2025-11-15 20:45:00:450 [32minfo[39m: [32m   • Health Check: http://localhost:3000/health[39m
2025-11-15 20:45:00:450 [32minfo[39m: [32m   • API Info:     http://localhost:3000/api[39m
2025-11-15 20:45:00:450 [32minfo[39m: [32m   • API Base:     http://localhost:3000/api/*[39m
2025-11-15 20:45:00:450 [32minfo[39m: [32m[39m
[32m🔧 Services Status:[39m
2025-11-15 20:45:00:450 [32minfo[39m: [32m   • Database:     ✅ Connected[39m
2025-11-15 20:45:00:450 [32minfo[39m: [32m   • Cache:        ✅ Connected[39m
2025-11-15 20:45:00:450 [32minfo[39m: [32m   • Analytics:    ✅ Connected[39m
2025-11-15 20:45:00:450 [32minfo[39m: [32m[39m
[32m━━━━━━━━━━━━━━━━━━━━━━━━━━━━━━━━━━━━━━━━━━━━━━━━━━━━━━━━━[39m
2025-11-15 20:45:00:450 [32minfo[39m: [32m✅ FreeTune Backend is ready to serve requests![39m
2025-11-15 20:45:00:450 [32minfo[39m: [32m━━━━━━━━━━━━━━━━━━━━━━━━━━━━━━━━━━━━━━━━━━━━━━━━━━━━━━━━━[39m
[32m[39m
2025-11-15 20:45:02:452 [32minfo[39m: [32m━━━━━━━━━━━━━━━━━━━━━━━━━━━━━━━━━━━━━━━━━━━━━━━━━━━━━━━━━[39m
2025-11-15 20:45:02:452 [32minfo[39m: [32mSTEP 1: Environment Validation[39m
2025-11-15 20:45:02:452 [32minfo[39m: [32m━━━━━━━━━━━━━━━━━━━━━━━━━━━━━━━━━━━━━━━━━━━━━━━━━━━━━━━━━[39m
2025-11-15 20:45:02:452 [32minfo[39m: [32m🔍 Validating environment variables...[39m
2025-11-15 20:45:02:452 [32minfo[39m: [32m✅ Environment variables validated[39m
2025-11-15 20:45:02:452 [32minfo[39m: [32m[39m
[32m━━━━━━━━━━━━━━━━━━━━━━━━━━━━━━━━━━━━━━━━━━━━━━━━━━━━━━━━━[39m
2025-11-15 20:45:02:452 [32minfo[39m: [32mSTEP 2: Database Connections[39m
2025-11-15 20:45:02:452 [32minfo[39m: [32m━━━━━━━━━━━━━━━━━━━━━━━━━━━━━━━━━━━━━━━━━━━━━━━━━━━━━━━━━[39m
2025-11-15 20:45:02:452 [32minfo[39m: [32m🔌 Checking database connections...[39m
2025-11-15 20:45:02:452 [32minfo[39m: [32mSupabase client initialized[39m
2025-11-15 20:45:02:452 [32minfo[39m: [32m  ✅ Supabase (PostgreSQL) connected[39m
2025-11-15 20:45:02:452 [32minfo[39m: [32mUpstash Redis initialized[39m
2025-11-15 20:45:02:452 [32minfo[39m: [32m  ✅ Redis (Upstash) connected[39m
2025-11-15 20:45:03:453 [32minfo[39m: [32mMongoose (MongoDB) connected successfully[39m
2025-11-15 20:45:03:453 [32minfo[39m: [32m  ✅ MongoDB (Mongoose) connected[39m
2025-11-15 20:45:03:453 [32minfo[39m: [32m[39m
[32m━━━━━━━━━━━━━━━━━━━━━━━━━━━━━━━━━━━━━━━━━━━━━━━━━━━━━━━━━[39m
2025-11-15 20:45:03:453 [32minfo[39m: [32mSTEP 3: Service Configuration[39m
2025-11-15 20:45:03:453 [32minfo[39m: [32m━━━━━━━━━━━━━━━━━━━━━━━━━━━━━━━━━━━━━━━━━━━━━━━━━━━━━━━━━[39m
2025-11-15 20:45:03:453 [32minfo[39m: [32m🔧 Checking service configurations...[39m
2025-11-15 20:45:03:453 [32minfo[39m: [32m  ✅ Cloudflare R2 configured[39m
2025-11-15 20:45:03:453 [32minfo[39m: [32m  ✅ JWT authentication configured[39m
2025-11-15 20:45:03:453 [32minfo[39m: [32m  ✅ CORS configured (2 origins)[39m
2025-11-15 20:45:03:453 [32minfo[39m: [32m✅ Service configurations checked[39m
2025-11-15 20:45:03:453 [32minfo[39m: [32m[39m
[32m━━━━━━━━━━━━━━━━━━━━━━━━━━━━━━━━━━━━━━━━━━━━━━━━━━━━━━━━━[39m
2025-11-15 20:45:03:453 [32minfo[39m: [32mSTEP 4: System Information[39m
2025-11-15 20:45:03:453 [32minfo[39m: [32m━━━━━━━━━━━━━━━━━━━━━━━━━━━━━━━━━━━━━━━━━━━━━━━━━━━━━━━━━[39m
2025-11-15 20:45:03:453 [32minfo[39m: [32m📊 System Information:[39m
2025-11-15 20:45:03:453 [32minfo[39m: [32m  • Node.js: v22.20.0[39m
2025-11-15 20:45:03:453 [32minfo[39m: [32m  • Platform: linux[39m
2025-11-15 20:45:03:453 [32minfo[39m: [32m  • Architecture: x64[39m
2025-11-15 20:45:03:453 [32minfo[39m: [32m  • Memory: 64MB[39m
2025-11-15 20:45:03:453 [32minfo[39m: [32m  • Environment: development[39m
2025-11-15 20:45:03:453 [32minfo[39m: [32m  • Port: 3000[39m
2025-11-15 20:45:03:453 [32minfo[39m: [32m[39m
[32m━━━━━━━━━━━━━━━━━━━━━━━━━━━━━━━━━━━━━━━━━━━━━━━━━━━━━━━━━[39m
2025-11-15 20:45:03:453 [32minfo[39m: [32mSTEP 5: Starting HTTP Server[39m
2025-11-15 20:45:03:453 [32minfo[39m: [32m━━━━━━━━━━━━━━━━━━━━━━━━━━━━━━━━━━━━━━━━━━━━━━━━━━━━━━━━━[39m
2025-11-15 20:45:03:453 [32minfo[39m: [32m[39m
[32m🚀 Server started successfully![39m
2025-11-15 20:45:03:453 [32minfo[39m: [32m[39m
[32m📍 Endpoints:[39m
2025-11-15 20:45:03:453 [32minfo[39m: [32m   • Health Check: http://localhost:3000/health[39m
2025-11-15 20:45:03:453 [32minfo[39m: [32m   • API Info:     http://localhost:3000/api[39m
2025-11-15 20:45:03:453 [32minfo[39m: [32m   • API Base:     http://localhost:3000/api/*[39m
2025-11-15 20:45:03:453 [32minfo[39m: [32m[39m
[32m🔧 Services Status:[39m
2025-11-15 20:45:03:453 [32minfo[39m: [32m   • Database:     ✅ Connected[39m
2025-11-15 20:45:03:453 [32minfo[39m: [32m   • Cache:        ✅ Connected[39m
2025-11-15 20:45:03:453 [32minfo[39m: [32m   • Analytics:    ✅ Connected[39m
2025-11-15 20:45:03:453 [32minfo[39m: [32m[39m
[32m━━━━━━━━━━━━━━━━━━━━━━━━━━━━━━━━━━━━━━━━━━━━━━━━━━━━━━━━━[39m
2025-11-15 20:45:03:453 [32minfo[39m: [32m✅ FreeTune Backend is ready to serve requests![39m
2025-11-15 20:45:03:453 [32minfo[39m: [32m━━━━━━━━━━━━━━━━━━━━━━━━━━━━━━━━━━━━━━━━━━━━━━━━━━━━━━━━━[39m
[32m[39m
2025-11-15 20:45:07:457 [32minfo[39m: [32m━━━━━━━━━━━━━━━━━━━━━━━━━━━━━━━━━━━━━━━━━━━━━━━━━━━━━━━━━[39m
2025-11-15 20:45:07:457 [32minfo[39m: [32mSTEP 1: Environment Validation[39m
2025-11-15 20:45:07:457 [32minfo[39m: [32m━━━━━━━━━━━━━━━━━━━━━━━━━━━━━━━━━━━━━━━━━━━━━━━━━━━━━━━━━[39m
2025-11-15 20:45:07:457 [32minfo[39m: [32m🔍 Validating environment variables...[39m
2025-11-15 20:45:07:457 [32minfo[39m: [32m✅ Environment variables validated[39m
2025-11-15 20:45:07:457 [32minfo[39m: [32m[39m
[32m━━━━━━━━━━━━━━━━━━━━━━━━━━━━━━━━━━━━━━━━━━━━━━━━━━━━━━━━━[39m
2025-11-15 20:45:07:457 [32minfo[39m: [32mSTEP 2: Database Connections[39m
2025-11-15 20:45:07:457 [32minfo[39m: [32m━━━━━━━━━━━━━━━━━━━━━━━━━━━━━━━━━━━━━━━━━━━━━━━━━━━━━━━━━[39m
2025-11-15 20:45:07:457 [32minfo[39m: [32m🔌 Checking database connections...[39m
2025-11-15 20:45:07:457 [32minfo[39m: [32mSupabase client initialized[39m
2025-11-15 20:45:07:457 [32minfo[39m: [32m  ✅ Supabase (PostgreSQL) connected[39m
2025-11-15 20:45:07:457 [32minfo[39m: [32mUpstash Redis initialized[39m
2025-11-15 20:45:07:457 [32minfo[39m: [32m  ✅ Redis (Upstash) connected[39m
2025-11-15 20:45:08:458 [32minfo[39m: [32mMongoose (MongoDB) connected successfully[39m
2025-11-15 20:45:08:458 [32minfo[39m: [32m  ✅ MongoDB (Mongoose) connected[39m
2025-11-15 20:45:08:458 [32minfo[39m: [32m[39m
[32m━━━━━━━━━━━━━━━━━━━━━━━━━━━━━━━━━━━━━━━━━━━━━━━━━━━━━━━━━[39m
2025-11-15 20:45:08:458 [32minfo[39m: [32mSTEP 3: Service Configuration[39m
2025-11-15 20:45:08:458 [32minfo[39m: [32m━━━━━━━━━━━━━━━━━━━━━━━━━━━━━━━━━━━━━━━━━━━━━━━━━━━━━━━━━[39m
2025-11-15 20:45:08:458 [32minfo[39m: [32m🔧 Checking service configurations...[39m
2025-11-15 20:45:08:458 [32minfo[39m: [32m  ✅ Cloudflare R2 configured[39m
2025-11-15 20:45:08:458 [32minfo[39m: [32m  ✅ JWT authentication configured[39m
2025-11-15 20:45:08:458 [32minfo[39m: [32m  ✅ CORS configured (2 origins)[39m
2025-11-15 20:45:08:458 [32minfo[39m: [32m✅ Service configurations checked[39m
2025-11-15 20:45:08:458 [32minfo[39m: [32m[39m
[32m━━━━━━━━━━━━━━━━━━━━━━━━━━━━━━━━━━━━━━━━━━━━━━━━━━━━━━━━━[39m
2025-11-15 20:45:08:458 [32minfo[39m: [32mSTEP 4: System Information[39m
2025-11-15 20:45:08:458 [32minfo[39m: [32m━━━━━━━━━━━━━━━━━━━━━━━━━━━━━━━━━━━━━━━━━━━━━━━━━━━━━━━━━[39m
2025-11-15 20:45:08:458 [32minfo[39m: [32m📊 System Information:[39m
2025-11-15 20:45:08:458 [32minfo[39m: [32m  • Node.js: v22.20.0[39m
2025-11-15 20:45:08:458 [32minfo[39m: [32m  • Platform: linux[39m
2025-11-15 20:45:08:458 [32minfo[39m: [32m  • Architecture: x64[39m
2025-11-15 20:45:08:458 [32minfo[39m: [32m  • Memory: 63MB[39m
2025-11-15 20:45:08:458 [32minfo[39m: [32m  • Environment: development[39m
2025-11-15 20:45:08:458 [32minfo[39m: [32m  • Port: 3000[39m
2025-11-15 20:45:08:458 [32minfo[39m: [32m[39m
[32m━━━━━━━━━━━━━━━━━━━━━━━━━━━━━━━━━━━━━━━━━━━━━━━━━━━━━━━━━[39m
2025-11-15 20:45:08:458 [32minfo[39m: [32mSTEP 5: Starting HTTP Server[39m
2025-11-15 20:45:08:458 [32minfo[39m: [32m━━━━━━━━━━━━━━━━━━━━━━━━━━━━━━━━━━━━━━━━━━━━━━━━━━━━━━━━━[39m
2025-11-15 20:45:08:458 [32minfo[39m: [32m[39m
[32m🚀 Server started successfully![39m
2025-11-15 20:45:08:458 [32minfo[39m: [32m[39m
[32m📍 Endpoints:[39m
2025-11-15 20:45:08:458 [32minfo[39m: [32m   • Health Check: http://localhost:3000/health[39m
2025-11-15 20:45:08:458 [32minfo[39m: [32m   • API Info:     http://localhost:3000/api[39m
2025-11-15 20:45:08:458 [32minfo[39m: [32m   • API Base:     http://localhost:3000/api/*[39m
2025-11-15 20:45:08:458 [32minfo[39m: [32m[39m
[32m🔧 Services Status:[39m
2025-11-15 20:45:08:458 [32minfo[39m: [32m   • Database:     ✅ Connected[39m
2025-11-15 20:45:08:458 [32minfo[39m: [32m   • Cache:        ✅ Connected[39m
2025-11-15 20:45:08:458 [32minfo[39m: [32m   • Analytics:    ✅ Connected[39m
2025-11-15 20:45:08:458 [32minfo[39m: [32m[39m
[32m━━━━━━━━━━━━━━━━━━━━━━━━━━━━━━━━━━━━━━━━━━━━━━━━━━━━━━━━━[39m
2025-11-15 20:45:08:458 [32minfo[39m: [32m✅ FreeTune Backend is ready to serve requests![39m
2025-11-15 20:45:08:458 [32minfo[39m: [32m━━━━━━━━━━━━━━━━━━━━━━━━━━━━━━━━━━━━━━━━━━━━━━━━━━━━━━━━━[39m
[32m[39m
2025-11-15 20:45:55:4555 [32minfo[39m: [32m━━━━━━━━━━━━━━━━━━━━━━━━━━━━━━━━━━━━━━━━━━━━━━━━━━━━━━━━━[39m
2025-11-15 20:45:55:4555 [32minfo[39m: [32mSTEP 1: Environment Validation[39m
2025-11-15 20:45:55:4555 [32minfo[39m: [32m━━━━━━━━━━━━━━━━━━━━━━━━━━━━━━━━━━━━━━━━━━━━━━━━━━━━━━━━━[39m
2025-11-15 20:45:55:4555 [32minfo[39m: [32m🔍 Validating environment variables...[39m
2025-11-15 20:45:55:4555 [32minfo[39m: [32m✅ Environment variables validated[39m
2025-11-15 20:45:55:4555 [32minfo[39m: [32m[39m
[32m━━━━━━━━━━━━━━━━━━━━━━━━━━━━━━━━━━━━━━━━━━━━━━━━━━━━━━━━━[39m
2025-11-15 20:45:55:4555 [32minfo[39m: [32mSTEP 2: Database Connections[39m
2025-11-15 20:45:55:4555 [32minfo[39m: [32m━━━━━━━━━━━━━━━━━━━━━━━━━━━━━━━━━━━━━━━━━━━━━━━━━━━━━━━━━[39m
2025-11-15 20:45:55:4555 [32minfo[39m: [32m🔌 Checking database connections...[39m
2025-11-15 20:45:55:4555 [32minfo[39m: [32mSupabase client initialized[39m
2025-11-15 20:45:56:4556 [32minfo[39m: [32m  ✅ Supabase (PostgreSQL) connected[39m
2025-11-15 20:45:56:4556 [32minfo[39m: [32mUpstash Redis initialized[39m
2025-11-15 20:45:56:4556 [32minfo[39m: [32m  ✅ Redis (Upstash) connected[39m
2025-11-15 20:45:57:4557 [32minfo[39m: [32mMongoose (MongoDB) connected successfully[39m
2025-11-15 20:45:57:4557 [32minfo[39m: [32m  ✅ MongoDB (Mongoose) connected[39m
2025-11-15 20:45:57:4557 [32minfo[39m: [32m[39m
[32m━━━━━━━━━━━━━━━━━━━━━━━━━━━━━━━━━━━━━━━━━━━━━━━━━━━━━━━━━[39m
2025-11-15 20:45:57:4557 [32minfo[39m: [32mSTEP 3: Service Configuration[39m
2025-11-15 20:45:57:4557 [32minfo[39m: [32m━━━━━━━━━━━━━━━━━━━━━━━━━━━━━━━━━━━━━━━━━━━━━━━━━━━━━━━━━[39m
2025-11-15 20:45:57:4557 [32minfo[39m: [32m🔧 Checking service configurations...[39m
2025-11-15 20:45:57:4557 [32minfo[39m: [32m  ✅ Cloudflare R2 configured[39m
2025-11-15 20:45:57:4557 [32minfo[39m: [32m  ✅ JWT authentication configured[39m
2025-11-15 20:45:57:4557 [32minfo[39m: [32m  ✅ CORS configured (2 origins)[39m
2025-11-15 20:45:57:4557 [32minfo[39m: [32m✅ Service configurations checked[39m
2025-11-15 20:45:57:4557 [32minfo[39m: [32m[39m
[32m━━━━━━━━━━━━━━━━━━━━━━━━━━━━━━━━━━━━━━━━━━━━━━━━━━━━━━━━━[39m
2025-11-15 20:45:57:4557 [32minfo[39m: [32mSTEP 4: System Information[39m
2025-11-15 20:45:57:4557 [32minfo[39m: [32m━━━━━━━━━━━━━━━━━━━━━━━━━━━━━━━━━━━━━━━━━━━━━━━━━━━━━━━━━[39m
2025-11-15 20:45:57:4557 [32minfo[39m: [32m📊 System Information:[39m
2025-11-15 20:45:57:4557 [32minfo[39m: [32m  • Node.js: v22.20.0[39m
2025-11-15 20:45:57:4557 [32minfo[39m: [32m  • Platform: linux[39m
2025-11-15 20:45:57:4557 [32minfo[39m: [32m  • Architecture: x64[39m
2025-11-15 20:45:57:4557 [32minfo[39m: [32m  • Memory: 64MB[39m
2025-11-15 20:45:57:4557 [32minfo[39m: [32m  • Environment: development[39m
2025-11-15 20:45:57:4557 [32minfo[39m: [32m  • Port: 3000[39m
2025-11-15 20:45:57:4557 [32minfo[39m: [32m[39m
[32m━━━━━━━━━━━━━━━━━━━━━━━━━━━━━━━━━━━━━━━━━━━━━━━━━━━━━━━━━[39m
2025-11-15 20:45:57:4557 [32minfo[39m: [32mSTEP 5: Starting HTTP Server[39m
2025-11-15 20:45:57:4557 [32minfo[39m: [32m━━━━━━━━━━━━━━━━━━━━━━━━━━━━━━━━━━━━━━━━━━━━━━━━━━━━━━━━━[39m
2025-11-15 20:45:57:4557 [32minfo[39m: [32m[39m
[32m🚀 Server started successfully![39m
2025-11-15 20:45:57:4557 [32minfo[39m: [32m[39m
[32m📍 Endpoints:[39m
2025-11-15 20:45:57:4557 [32minfo[39m: [32m   • Health Check: http://localhost:3000/health[39m
2025-11-15 20:45:57:4557 [32minfo[39m: [32m   • API Info:     http://localhost:3000/api[39m
2025-11-15 20:45:57:4557 [32minfo[39m: [32m   • API Base:     http://localhost:3000/api/*[39m
2025-11-15 20:45:57:4557 [32minfo[39m: [32m[39m
[32m🔧 Services Status:[39m
2025-11-15 20:45:57:4557 [32minfo[39m: [32m   • Database:     ✅ Connected[39m
2025-11-15 20:45:57:4557 [32minfo[39m: [32m   • Cache:        ✅ Connected[39m
2025-11-15 20:45:57:4557 [32minfo[39m: [32m   • Analytics:    ✅ Connected[39m
2025-11-15 20:45:57:4557 [32minfo[39m: [32m[39m
[32m━━━━━━━━━━━━━━━━━━━━━━━━━━━━━━━━━━━━━━━━━━━━━━━━━━━━━━━━━[39m
2025-11-15 20:45:57:4557 [32minfo[39m: [32m✅ FreeTune Backend is ready to serve requests![39m
2025-11-15 20:45:57:4557 [32minfo[39m: [32m━━━━━━━━━━━━━━━━━━━━━━━━━━━━━━━━━━━━━━━━━━━━━━━━━━━━━━━━━[39m
[32m[39m
2025-11-15 21:02:59:259 [32minfo[39m: [32m[39m
[32mSIGINT received. Starting graceful shutdown...[39m
2025-11-15 21:03:01:31 [31merror[39m: [31m❌ Port 54112 is already in use[39m
2025-11-15 21:30:17:3017 [31merror[39m: [31m❌ Port 54112 is already in use[39m
2025-11-17 14:27:05:275 [32minfo[39m: [32m━━━━━━━━━━━━━━━━━━━━━━━━━━━━━━━━━━━━━━━━━━━━━━━━━━━━━━━━━[39m
2025-11-17 14:27:05:275 [32minfo[39m: [32mSTEP 1: Environment Validation[39m
2025-11-17 14:27:05:275 [32minfo[39m: [32m━━━━━━━━━━━━━━━━━━━━━━━━━━━━━━━━━━━━━━━━━━━━━━━━━━━━━━━━━[39m
2025-11-17 14:27:05:275 [32minfo[39m: [32m🔍 Validating environment variables...[39m
2025-11-17 14:27:05:275 [32minfo[39m: [32m✅ Environment variables validated[39m
2025-11-17 14:27:05:275 [32minfo[39m: [32m[39m
[32m━━━━━━━━━━━━━━━━━━━━━━━━━━━━━━━━━━━━━━━━━━━━━━━━━━━━━━━━━[39m
2025-11-17 14:27:05:275 [32minfo[39m: [32mSTEP 2: Database Connections[39m
2025-11-17 14:27:05:275 [32minfo[39m: [32m━━━━━━━━━━━━━━━━━━━━━━━━━━━━━━━━━━━━━━━━━━━━━━━━━━━━━━━━━[39m
2025-11-17 14:27:05:275 [32minfo[39m: [32m🔌 Checking database connections...[39m
2025-11-17 14:27:05:275 [32minfo[39m: [32mSupabase client initialized[39m
2025-11-17 14:27:08:278 [32minfo[39m: [32m  ✅ Supabase (PostgreSQL) connected[39m
2025-11-17 14:27:08:278 [32minfo[39m: [32mUpstash Redis initialized[39m
2025-11-17 14:27:08:278 [32minfo[39m: [32m  ✅ Redis (Upstash) connected[39m
2025-11-17 14:27:10:2710 [32minfo[39m: [32mMongoose (MongoDB) connected successfully[39m
2025-11-17 14:27:10:2710 [32minfo[39m: [32m  ✅ MongoDB (Mongoose) connected[39m
2025-11-17 14:27:10:2710 [32minfo[39m: [32m[39m
[32m━━━━━━━━━━━━━━━━━━━━━━━━━━━━━━━━━━━━━━━━━━━━━━━━━━━━━━━━━[39m
2025-11-17 14:27:10:2710 [32minfo[39m: [32mSTEP 3: Service Configuration[39m
2025-11-17 14:27:10:2710 [32minfo[39m: [32m━━━━━━━━━━━━━━━━━━━━━━━━━━━━━━━━━━━━━━━━━━━━━━━━━━━━━━━━━[39m
2025-11-17 14:27:10:2710 [32minfo[39m: [32m🔧 Checking service configurations...[39m
2025-11-17 14:27:10:2710 [32minfo[39m: [32m  ✅ Cloudflare R2 configured[39m
2025-11-17 14:27:10:2710 [32minfo[39m: [32m  ✅ JWT authentication configured[39m
2025-11-17 14:27:10:2710 [32minfo[39m: [32m  ✅ CORS configured (2 origins)[39m
2025-11-17 14:27:10:2710 [32minfo[39m: [32m✅ Service configurations checked[39m
2025-11-17 14:27:10:2710 [32minfo[39m: [32m[39m
[32m━━━━━━━━━━━━━━━━━━━━━━━━━━━━━━━━━━━━━━━━━━━━━━━━━━━━━━━━━[39m
2025-11-17 14:27:10:2710 [32minfo[39m: [32mSTEP 4: System Information[39m
2025-11-17 14:27:10:2710 [32minfo[39m: [32m━━━━━━━━━━━━━━━━━━━━━━━━━━━━━━━━━━━━━━━━━━━━━━━━━━━━━━━━━[39m
2025-11-17 14:27:10:2710 [32minfo[39m: [32m📊 System Information:[39m
2025-11-17 14:27:10:2710 [32minfo[39m: [32m  • Node.js: v22.20.0[39m
2025-11-17 14:27:10:2710 [32minfo[39m: [32m  • Platform: linux[39m
2025-11-17 14:27:10:2710 [32minfo[39m: [32m  • Architecture: x64[39m
2025-11-17 14:27:10:2710 [32minfo[39m: [32m  • Memory: 63MB[39m
2025-11-17 14:27:10:2710 [32minfo[39m: [32m  • Environment: development[39m
2025-11-17 14:27:10:2710 [32minfo[39m: [32m  • Port: 3000[39m
2025-11-17 14:27:10:2710 [32minfo[39m: [32m[39m
[32m━━━━━━━━━━━━━━━━━━━━━━━━━━━━━━━━━━━━━━━━━━━━━━━━━━━━━━━━━[39m
2025-11-17 14:27:10:2710 [32minfo[39m: [32mSTEP 5: Starting HTTP Server[39m
2025-11-17 14:27:10:2710 [32minfo[39m: [32m━━━━━━━━━━━━━━━━━━━━━━━━━━━━━━━━━━━━━━━━━━━━━━━━━━━━━━━━━[39m
2025-11-17 14:27:10:2710 [32minfo[39m: [32m[39m
[32m🚀 Server started successfully![39m
2025-11-17 14:27:10:2710 [32minfo[39m: [32m[39m
[32m📍 Endpoints:[39m
2025-11-17 14:27:10:2710 [32minfo[39m: [32m   • Health Check: http://localhost:3000/health[39m
2025-11-17 14:27:10:2710 [32minfo[39m: [32m   • API Info:     http://localhost:3000/api[39m
2025-11-17 14:27:10:2710 [32minfo[39m: [32m   • API Base:     http://localhost:3000/api/*[39m
2025-11-17 14:27:10:2710 [32minfo[39m: [32m[39m
[32m🔧 Services Status:[39m
2025-11-17 14:27:10:2710 [32minfo[39m: [32m   • Database:     ✅ Connected[39m
2025-11-17 14:27:10:2710 [32minfo[39m: [32m   • Cache:        ✅ Connected[39m
2025-11-17 14:27:10:2710 [32minfo[39m: [32m   • Analytics:    ✅ Connected[39m
2025-11-17 14:27:10:2710 [32minfo[39m: [32m[39m
[32m━━━━━━━━━━━━━━━━━━━━━━━━━━━━━━━━━━━━━━━━━━━━━━━━━━━━━━━━━[39m
2025-11-17 14:27:10:2710 [32minfo[39m: [32m✅ FreeTune Backend is ready to serve requests![39m
2025-11-17 14:27:10:2710 [32minfo[39m: [32m━━━━━━━━━━━━━━━━━━━━━━━━━━━━━━━━━━━━━━━━━━━━━━━━━━━━━━━━━[39m
[32m[39m
2025-11-17 14:29:01:291 [33mwarn[39m: [33mUser preferences not found, creating defaults[39m
2025-11-17 14:29:03:293 [32minfo[39m: [32mUser logged in successfully: test@example.com[39m
2025-11-17 14:38:24:3824 [32minfo[39m: [32m[39m
[32mSIGINT received. Starting graceful shutdown...[39m
2025-11-17 15:00:30:030 [32minfo[39m: [32m━━━━━━━━━━━━━━━━━━━━━━━━━━━━━━━━━━━━━━━━━━━━━━━━━━━━━━━━━[39m
2025-11-17 15:00:30:030 [32minfo[39m: [32mSTEP 1: Environment Validation[39m
2025-11-17 15:00:30:030 [32minfo[39m: [32m━━━━━━━━━━━━━━━━━━━━━━━━━━━━━━━━━━━━━━━━━━━━━━━━━━━━━━━━━[39m
2025-11-17 15:00:30:030 [32minfo[39m: [32m🔍 Validating environment variables...[39m
2025-11-17 15:00:30:030 [32minfo[39m: [32m✅ Environment variables validated[39m
2025-11-17 15:00:30:030 [32minfo[39m: [32m[39m
[32m━━━━━━━━━━━━━━━━━━━━━━━━━━━━━━━━━━━━━━━━━━━━━━━━━━━━━━━━━[39m
2025-11-17 15:00:30:030 [32minfo[39m: [32mSTEP 2: Database Connections[39m
2025-11-17 15:00:30:030 [32minfo[39m: [32m━━━━━━━━━━━━━━━━━━━━━━━━━━━━━━━━━━━━━━━━━━━━━━━━━━━━━━━━━[39m
2025-11-17 15:00:30:030 [32minfo[39m: [32m🔌 Checking database connections...[39m
2025-11-17 15:00:30:030 [32minfo[39m: [32mSupabase client initialized[39m
2025-11-17 15:00:41:041 [31merror[39m: [31m  ❌ Supabase connection failed:[39m
2025-11-17 15:01:31:131 [32minfo[39m: [32m━━━━━━━━━━━━━━━━━━━━━━━━━━━━━━━━━━━━━━━━━━━━━━━━━━━━━━━━━[39m
2025-11-17 15:01:31:131 [32minfo[39m: [32mSTEP 1: Environment Validation[39m
2025-11-17 15:01:31:131 [32minfo[39m: [32m━━━━━━━━━━━━━━━━━━━━━━━━━━━━━━━━━━━━━━━━━━━━━━━━━━━━━━━━━[39m
2025-11-17 15:01:31:131 [32minfo[39m: [32m🔍 Validating environment variables...[39m
2025-11-17 15:01:31:131 [32minfo[39m: [32m✅ Environment variables validated[39m
2025-11-17 15:01:31:131 [32minfo[39m: [32m[39m
[32m━━━━━━━━━━━━━━━━━━━━━━━━━━━━━━━━━━━━━━━━━━━━━━━━━━━━━━━━━[39m
2025-11-17 15:01:31:131 [32minfo[39m: [32mSTEP 2: Database Connections[39m
2025-11-17 15:01:31:131 [32minfo[39m: [32m━━━━━━━━━━━━━━━━━━━━━━━━━━━━━━━━━━━━━━━━━━━━━━━━━━━━━━━━━[39m
2025-11-17 15:01:31:131 [32minfo[39m: [32m🔌 Checking database connections...[39m
2025-11-17 15:01:31:131 [32minfo[39m: [32mSupabase client initialized[39m
2025-11-17 15:01:42:142 [31merror[39m: [31m  ❌ Supabase connection failed:[39m
2025-11-17 15:02:06:26 [32minfo[39m: [32m━━━━━━━━━━━━━━━━━━━━━━━━━━━━━━━━━━━━━━━━━━━━━━━━━━━━━━━━━[39m
2025-11-17 15:02:06:26 [32minfo[39m: [32mSTEP 1: Environment Validation[39m
2025-11-17 15:02:06:26 [32minfo[39m: [32m━━━━━━━━━━━━━━━━━━━━━━━━━━━━━━━━━━━━━━━━━━━━━━━━━━━━━━━━━[39m
2025-11-17 15:02:06:26 [32minfo[39m: [32m🔍 Validating environment variables...[39m
2025-11-17 15:02:06:26 [32minfo[39m: [32m✅ Environment variables validated[39m
2025-11-17 15:02:06:26 [32minfo[39m: [32m[39m
[32m━━━━━━━━━━━━━━━━━━━━━━━━━━━━━━━━━━━━━━━━━━━━━━━━━━━━━━━━━[39m
2025-11-17 15:02:06:26 [32minfo[39m: [32mSTEP 2: Database Connections[39m
2025-11-17 15:02:06:26 [32minfo[39m: [32m━━━━━━━━━━━━━━━━━━━━━━━━━━━━━━━━━━━━━━━━━━━━━━━━━━━━━━━━━[39m
2025-11-17 15:02:06:26 [32minfo[39m: [32m🔌 Checking database connections...[39m
2025-11-17 15:02:06:26 [32minfo[39m: [32mSupabase client initialized[39m
2025-11-17 15:02:08:28 [32minfo[39m: [32m  ✅ Supabase (PostgreSQL) connected[39m
2025-11-17 15:02:08:28 [32minfo[39m: [32mUpstash Redis initialized[39m
2025-11-17 15:02:13:213 [32minfo[39m: [32m  ✅ Redis (Upstash) connected[39m
2025-11-17 15:02:15:215 [32minfo[39m: [32mMongoose (MongoDB) connected successfully[39m
2025-11-17 15:02:15:215 [32minfo[39m: [32m  ✅ MongoDB (Mongoose) connected[39m
2025-11-17 15:02:15:215 [32minfo[39m: [32m[39m
[32m━━━━━━━━━━━━━━━━━━━━━━━━━━━━━━━━━━━━━━━━━━━━━━━━━━━━━━━━━[39m
2025-11-17 15:02:15:215 [32minfo[39m: [32mSTEP 3: Service Configuration[39m
2025-11-17 15:02:15:215 [32minfo[39m: [32m━━━━━━━━━━━━━━━━━━━━━━━━━━━━━━━━━━━━━━━━━━━━━━━━━━━━━━━━━[39m
2025-11-17 15:02:15:215 [32minfo[39m: [32m🔧 Checking service configurations...[39m
2025-11-17 15:02:15:215 [32minfo[39m: [32m  ✅ Cloudflare R2 configured[39m
2025-11-17 15:02:15:215 [32minfo[39m: [32m  ✅ JWT authentication configured[39m
2025-11-17 15:02:15:215 [32minfo[39m: [32m  ✅ CORS configured (2 origins)[39m
2025-11-17 15:02:15:215 [32minfo[39m: [32m✅ Service configurations checked[39m
2025-11-17 15:02:15:215 [32minfo[39m: [32m[39m
[32m━━━━━━━━━━━━━━━━━━━━━━━━━━━━━━━━━━━━━━━━━━━━━━━━━━━━━━━━━[39m
2025-11-17 15:02:15:215 [32minfo[39m: [32mSTEP 4: System Information[39m
2025-11-17 15:02:15:215 [32minfo[39m: [32m━━━━━━━━━━━━━━━━━━━━━━━━━━━━━━━━━━━━━━━━━━━━━━━━━━━━━━━━━[39m
2025-11-17 15:02:15:215 [32minfo[39m: [32m📊 System Information:[39m
2025-11-17 15:02:15:215 [32minfo[39m: [32m  • Node.js: v22.20.0[39m
2025-11-17 15:02:15:215 [32minfo[39m: [32m  • Platform: linux[39m
2025-11-17 15:02:15:215 [32minfo[39m: [32m  • Architecture: x64[39m
2025-11-17 15:02:15:215 [32minfo[39m: [32m  • Memory: 63MB[39m
2025-11-17 15:02:15:215 [32minfo[39m: [32m  • Environment: development[39m
2025-11-17 15:02:15:215 [32minfo[39m: [32m  • Port: 3000[39m
2025-11-17 15:02:15:215 [32minfo[39m: [32m[39m
[32m━━━━━━━━━━━━━━━━━━━━━━━━━━━━━━━━━━━━━━━━━━━━━━━━━━━━━━━━━[39m
2025-11-17 15:02:15:215 [32minfo[39m: [32mSTEP 5: Starting HTTP Server[39m
2025-11-17 15:02:15:215 [32minfo[39m: [32m━━━━━━━━━━━━━━━━━━━━━━━━━━━━━━━━━━━━━━━━━━━━━━━━━━━━━━━━━[39m
2025-11-17 15:02:15:215 [32minfo[39m: [32m[39m
[32m🚀 Server started successfully![39m
2025-11-17 15:02:15:215 [32minfo[39m: [32m[39m
[32m📍 Endpoints:[39m
2025-11-17 15:02:15:215 [32minfo[39m: [32m   • Health Check: http://localhost:3000/health[39m
2025-11-17 15:02:15:215 [32minfo[39m: [32m   • API Info:     http://localhost:3000/api[39m
2025-11-17 15:02:15:215 [32minfo[39m: [32m   • API Base:     http://localhost:3000/api/*[39m
2025-11-17 15:02:15:215 [32minfo[39m: [32m[39m
[32m🔧 Services Status:[39m
2025-11-17 15:02:15:215 [32minfo[39m: [32m   • Database:     ✅ Connected[39m
2025-11-17 15:02:15:215 [32minfo[39m: [32m   • Cache:        ✅ Connected[39m
2025-11-17 15:02:15:215 [32minfo[39m: [32m   • Analytics:    ✅ Connected[39m
2025-11-17 15:02:15:215 [32minfo[39m: [32m[39m
[32m━━━━━━━━━━━━━━━━━━━━━━━━━━━━━━━━━━━━━━━━━━━━━━━━━━━━━━━━━[39m
2025-11-17 15:02:15:215 [32minfo[39m: [32m✅ FreeTune Backend is ready to serve requests![39m
2025-11-17 15:02:15:215 [32minfo[39m: [32m━━━━━━━━━━━━━━━━━━━━━━━━━━━━━━━━━━━━━━━━━━━━━━━━━━━━━━━━━[39m
[32m[39m
2025-11-17 15:02:27:227 [33mwarn[39m: [33mUser preferences not found, creating defaults[39m
2025-11-17 15:02:28:228 [32minfo[39m: [32mUser logged in successfully: test@example.com[39m
2025-11-17 15:08:18:818 [32minfo[39m: [32mSupabase admin client initialized[39m
2025-11-17 15:08:18:818 [33mwarn[39m: [33mPreferences not found for user 22e9c034-e57c-42cb-a207-a6ede8ed2de6[39m
2025-11-17 17:17:51:1751 [32minfo[39m: [32m[39m
[32mSIGINT received. Starting graceful shutdown...[39m
2025-11-18 20:42:42:4242 [32minfo[39m: [32m━━━━━━━━━━━━━━━━━━━━━━━━━━━━━━━━━━━━━━━━━━━━━━━━━━━━━━━━━[39m
2025-11-18 20:42:42:4242 [32minfo[39m: [32mSTEP 1: Environment Validation[39m
2025-11-18 20:42:42:4242 [32minfo[39m: [32m━━━━━━━━━━━━━━━━━━━━━━━━━━━━━━━━━━━━━━━━━━━━━━━━━━━━━━━━━[39m
2025-11-18 20:42:42:4242 [32minfo[39m: [32m🔍 Validating environment variables...[39m
2025-11-18 20:42:42:4242 [32minfo[39m: [32m✅ Environment variables validated[39m
2025-11-18 20:42:42:4242 [32minfo[39m: [32m[39m
[32m━━━━━━━━━━━━━━━━━━━━━━━━━━━━━━━━━━━━━━━━━━━━━━━━━━━━━━━━━[39m
2025-11-18 20:42:42:4242 [32minfo[39m: [32mSTEP 2: Database Connections[39m
2025-11-18 20:42:42:4242 [32minfo[39m: [32m━━━━━━━━━━━━━━━━━━━━━━━━━━━━━━━━━━━━━━━━━━━━━━━━━━━━━━━━━[39m
2025-11-18 20:42:42:4242 [32minfo[39m: [32m🔌 Checking database connections...[39m
2025-11-18 20:42:42:4242 [32minfo[39m: [32mSupabase client initialized[39m
2025-11-18 20:42:44:4244 [32minfo[39m: [32m  ✅ Supabase (PostgreSQL) connected[39m
2025-11-18 20:42:44:4244 [32minfo[39m: [32mUpstash Redis initialized[39m
2025-11-18 20:42:44:4244 [32minfo[39m: [32m  ✅ Redis (Upstash) connected[39m
2025-11-18 20:42:46:4246 [32minfo[39m: [32mMongoose (MongoDB) connected successfully[39m
2025-11-18 20:42:46:4246 [32minfo[39m: [32m  ✅ MongoDB (Mongoose) connected[39m
2025-11-18 20:42:46:4246 [32minfo[39m: [32m[39m
[32m━━━━━━━━━━━━━━━━━━━━━━━━━━━━━━━━━━━━━━━━━━━━━━━━━━━━━━━━━[39m
2025-11-18 20:42:46:4246 [32minfo[39m: [32mSTEP 3: Service Configuration[39m
2025-11-18 20:42:46:4246 [32minfo[39m: [32m━━━━━━━━━━━━━━━━━━━━━━━━━━━━━━━━━━━━━━━━━━━━━━━━━━━━━━━━━[39m
2025-11-18 20:42:46:4246 [32minfo[39m: [32m🔧 Checking service configurations...[39m
2025-11-18 20:42:46:4246 [32minfo[39m: [32m  ✅ Cloudflare R2 configured[39m
2025-11-18 20:42:46:4246 [32minfo[39m: [32m  ✅ JWT authentication configured[39m
2025-11-18 20:42:46:4246 [32minfo[39m: [32m  ✅ CORS configured (2 origins)[39m
2025-11-18 20:42:46:4246 [32minfo[39m: [32m✅ Service configurations checked[39m
2025-11-18 20:42:46:4246 [32minfo[39m: [32m[39m
[32m━━━━━━━━━━━━━━━━━━━━━━━━━━━━━━━━━━━━━━━━━━━━━━━━━━━━━━━━━[39m
2025-11-18 20:42:46:4246 [32minfo[39m: [32mSTEP 4: System Information[39m
2025-11-18 20:42:46:4246 [32minfo[39m: [32m━━━━━━━━━━━━━━━━━━━━━━━━━━━━━━━━━━━━━━━━━━━━━━━━━━━━━━━━━[39m
2025-11-18 20:42:46:4246 [32minfo[39m: [32m📊 System Information:[39m
2025-11-18 20:42:46:4246 [32minfo[39m: [32m  • Node.js: v22.20.0[39m
2025-11-18 20:42:46:4246 [32minfo[39m: [32m  • Platform: linux[39m
2025-11-18 20:42:46:4246 [32minfo[39m: [32m  • Architecture: x64[39m
2025-11-18 20:42:46:4246 [32minfo[39m: [32m  • Memory: 63MB[39m
2025-11-18 20:42:46:4246 [32minfo[39m: [32m  • Environment: development[39m
2025-11-18 20:42:46:4246 [32minfo[39m: [32m  • Port: 3000[39m
2025-11-18 20:42:46:4246 [32minfo[39m: [32m[39m
[32m━━━━━━━━━━━━━━━━━━━━━━━━━━━━━━━━━━━━━━━━━━━━━━━━━━━━━━━━━[39m
2025-11-18 20:42:46:4246 [32minfo[39m: [32mSTEP 5: Starting HTTP Server[39m
2025-11-18 20:42:46:4246 [32minfo[39m: [32m━━━━━━━━━━━━━━━━━━━━━━━━━━━━━━━━━━━━━━━━━━━━━━━━━━━━━━━━━[39m
2025-11-18 20:42:46:4246 [32minfo[39m: [32m[39m
[32m🚀 Server started successfully![39m
2025-11-18 20:42:46:4246 [32minfo[39m: [32m[39m
[32m📍 Endpoints:[39m
2025-11-18 20:42:46:4246 [32minfo[39m: [32m   • Health Check: http://localhost:3000/health[39m
2025-11-18 20:42:46:4246 [32minfo[39m: [32m   • API Info:     http://localhost:3000/api[39m
2025-11-18 20:42:46:4246 [32minfo[39m: [32m   • API Base:     http://localhost:3000/api/*[39m
2025-11-18 20:42:46:4246 [32minfo[39m: [32m[39m
[32m🔧 Services Status:[39m
2025-11-18 20:42:46:4246 [32minfo[39m: [32m   • Database:     ✅ Connected[39m
2025-11-18 20:42:46:4246 [32minfo[39m: [32m   • Cache:        ✅ Connected[39m
2025-11-18 20:42:46:4246 [32minfo[39m: [32m   • Analytics:    ✅ Connected[39m
2025-11-18 20:42:46:4246 [32minfo[39m: [32m[39m
[32m━━━━━━━━━━━━━━━━━━━━━━━━━━━━━━━━━━━━━━━━━━━━━━━━━━━━━━━━━[39m
2025-11-18 20:42:46:4246 [32minfo[39m: [32m✅ FreeTune Backend is ready to serve requests![39m
2025-11-18 20:42:46:4246 [32minfo[39m: [32m━━━━━━━━━━━━━━━━━━━━━━━━━━━━━━━━━━━━━━━━━━━━━━━━━━━━━━━━━[39m
[32m[39m
2025-11-18 20:54:41:5441 [31merror[39m: [31mError: Invalid or expired token[39m
2025-11-18 20:55:02:552 [33mwarn[39m: [33mUser preferences not found, creating defaults[39m
2025-11-18 20:55:02:552 [32minfo[39m: [32mUser logged in successfully: test@example.com[39m
2025-11-18 21:10:20:1020 [32minfo[39m: [32mSupabase admin client initialized[39m
2025-11-18 21:10:21:1021 [33mwarn[39m: [33mPreferences not found for user 22e9c034-e57c-42cb-a207-a6ede8ed2de6[39m
2025-11-18 21:11:07:117 [33mwarn[39m: [33mPreferences not found for user 22e9c034-e57c-42cb-a207-a6ede8ed2de6[39m
2025-11-18 21:12:50:1250 [33mwarn[39m: [33mPreferences not found for user 22e9c034-e57c-42cb-a207-a6ede8ed2de6[39m
2025-11-18 21:12:54:1254 [31merror[39m: [31mError fetching song with ID recent from Supabase: invalid input syntax for type uuid: "recent"[39m
2025-11-18 21:12:54:1254 [31merror[39m: [31mError in getSongById controller for ID recent: Operation failed[39m
2025-11-18 21:12:54:1254 [31merror[39m: [31mError: Operation failed[39m
2025-11-18 21:16:10:1610 [31merror[39m: [31mError fetching song with ID recent from Supabase: invalid input syntax for type uuid: "recent"[39m
2025-11-18 21:16:10:1610 [31merror[39m: [31mError in getSongById controller for ID recent: Operation failed[39m
2025-11-18 21:16:10:1610 [31merror[39m: [31mError: Operation failed[39m
2025-11-18 22:17:02:172 [31merror[39m: [31mError: Invalid or expired token[39m
2025-11-18 22:18:06:186 [33mwarn[39m: [33mUser preferences not found, creating defaults[39m
2025-11-18 22:18:06:186 [32minfo[39m: [32mUser logged in successfully: test@example.com[39m
2025-11-18 22:18:08:188 [31merror[39m: [31mError fetching song with ID recent from Supabase: invalid input syntax for type uuid: "recent"[39m
2025-11-18 22:18:08:188 [31merror[39m: [31mError in getSongById controller for ID recent: Operation failed[39m
2025-11-18 22:18:08:188 [31merror[39m: [31mError: Operation failed[39m
2025-11-18 22:18:34:1834 [31merror[39m: [31mError fetching song with ID recent from Supabase: invalid input syntax for type uuid: "recent"[39m
2025-11-18 22:18:34:1834 [31merror[39m: [31mError in getSongById controller for ID recent: Operation failed[39m
2025-11-18 22:18:34:1834 [31merror[39m: [31mError: Operation failed[39m
2025-11-18 22:20:29:2029 [31merror[39m: [31mError: No token provided[39m
2025-11-18 22:22:30:2230 [33mwarn[39m: [33mPreferences not found for user 22e9c034-e57c-42cb-a207-a6ede8ed2de6[39m
2025-11-18 22:24:03:243 [33mwarn[39m: [33mPreferences not found for user 22e9c034-e57c-42cb-a207-a6ede8ed2de6[39m
2025-11-18 22:29:14:2914 [33mwarn[39m: [33mPreferences not found for user 22e9c034-e57c-42cb-a207-a6ede8ed2de6[39m
2025-11-18 22:36:54:3654 [33mwarn[39m: [33mPreferences not found for user 22e9c034-e57c-42cb-a207-a6ede8ed2de6[39m
2025-11-18 22:40:04:404 [33mwarn[39m: [33mPreferences not found for user 22e9c034-e57c-42cb-a207-a6ede8ed2de6[39m
2025-11-18 22:42:51:4251 [33mwarn[39m: [33mPreferences not found for user 22e9c034-e57c-42cb-a207-a6ede8ed2de6[39m
2025-11-18 22:44:13:4413 [32minfo[39m: [32m[39m
[32mSIGINT received. Starting graceful shutdown...[39m
2025-11-25 18:48:48:4848 [32minfo[39m: [32m━━━━━━━━━━━━━━━━━━━━━━━━━━━━━━━━━━━━━━━━━━━━━━━━━━━━━━━━━[39m
2025-11-25 18:48:48:4848 [32minfo[39m: [32mSTEP 1: Environment Validation[39m
2025-11-25 18:48:48:4848 [32minfo[39m: [32m━━━━━━━━━━━━━━━━━━━━━━━━━━━━━━━━━━━━━━━━━━━━━━━━━━━━━━━━━[39m
2025-11-25 18:48:48:4848 [32minfo[39m: [32m🔍 Validating environment variables...[39m
2025-11-25 18:48:48:4848 [32minfo[39m: [32m✅ Environment variables validated[39m
2025-11-25 18:48:48:4848 [32minfo[39m: [32m[39m
[32m━━━━━━━━━━━━━━━━━━━━━━━━━━━━━━━━━━━━━━━━━━━━━━━━━━━━━━━━━[39m
2025-11-25 18:48:48:4848 [32minfo[39m: [32mSTEP 2: Database Connections[39m
2025-11-25 18:48:48:4848 [32minfo[39m: [32m━━━━━━━━━━━━━━━━━━━━━━━━━━━━━━━━━━━━━━━━━━━━━━━━━━━━━━━━━[39m
2025-11-25 18:48:48:4848 [32minfo[39m: [32m🔌 Checking database connections...[39m
2025-11-25 18:48:48:4848 [32minfo[39m: [32mSupabase client initialized[39m
2025-11-25 18:48:49:4849 [31merror[39m: [31m  ❌ Supabase connection failed:[39m
2025-11-25 18:48:56:4856 [32minfo[39m: [32m━━━━━━━━━━━━━━━━━━━━━━━━━━━━━━━━━━━━━━━━━━━━━━━━━━━━━━━━━[39m
2025-11-25 18:48:56:4856 [32minfo[39m: [32mSTEP 1: Environment Validation[39m
2025-11-25 18:48:56:4856 [32minfo[39m: [32m━━━━━━━━━━━━━━━━━━━━━━━━━━━━━━━━━━━━━━━━━━━━━━━━━━━━━━━━━[39m
2025-11-25 18:48:56:4856 [32minfo[39m: [32m🔍 Validating environment variables...[39m
2025-11-25 18:48:56:4856 [32minfo[39m: [32m✅ Environment variables validated[39m
2025-11-25 18:48:56:4856 [32minfo[39m: [32m[39m
[32m━━━━━━━━━━━━━━━━━━━━━━━━━━━━━━━━━━━━━━━━━━━━━━━━━━━━━━━━━[39m
2025-11-25 18:48:56:4856 [32minfo[39m: [32mSTEP 2: Database Connections[39m
2025-11-25 18:48:56:4856 [32minfo[39m: [32m━━━━━━━━━━━━━━━━━━━━━━━━━━━━━━━━━━━━━━━━━━━━━━━━━━━━━━━━━[39m
2025-11-25 18:48:56:4856 [32minfo[39m: [32m🔌 Checking database connections...[39m
2025-11-25 18:48:56:4856 [32minfo[39m: [32mSupabase client initialized[39m
2025-11-25 18:48:57:4857 [31merror[39m: [31m  ❌ Supabase connection failed:[39m
2025-11-25 18:49:03:493 [32minfo[39m: [32m━━━━━━━━━━━━━━━━━━━━━━━━━━━━━━━━━━━━━━━━━━━━━━━━━━━━━━━━━[39m
2025-11-25 18:49:03:493 [32minfo[39m: [32mSTEP 1: Environment Validation[39m
2025-11-25 18:49:03:493 [32minfo[39m: [32m━━━━━━━━━━━━━━━━━━━━━━━━━━━━━━━━━━━━━━━━━━━━━━━━━━━━━━━━━[39m
2025-11-25 18:49:03:493 [32minfo[39m: [32m🔍 Validating environment variables...[39m
2025-11-25 18:49:03:493 [32minfo[39m: [32m✅ Environment variables validated[39m
2025-11-25 18:49:03:493 [32minfo[39m: [32m[39m
[32m━━━━━━━━━━━━━━━━━━━━━━━━━━━━━━━━━━━━━━━━━━━━━━━━━━━━━━━━━[39m
2025-11-25 18:49:03:493 [32minfo[39m: [32mSTEP 2: Database Connections[39m
2025-11-25 18:49:03:493 [32minfo[39m: [32m━━━━━━━━━━━━━━━━━━━━━━━━━━━━━━━━━━━━━━━━━━━━━━━━━━━━━━━━━[39m
2025-11-25 18:49:03:493 [32minfo[39m: [32m🔌 Checking database connections...[39m
2025-11-25 18:49:03:493 [32minfo[39m: [32mSupabase client initialized[39m
2025-11-25 18:49:03:493 [31merror[39m: [31m  ❌ Supabase connection failed:[39m
2025-11-25 18:56:14:5614 [32minfo[39m: [32m━━━━━━━━━━━━━━━━━━━━━━━━━━━━━━━━━━━━━━━━━━━━━━━━━━━━━━━━━[39m
2025-11-25 18:56:14:5614 [32minfo[39m: [32mSTEP 1: Environment Validation[39m
2025-11-25 18:56:14:5614 [32minfo[39m: [32m━━━━━━━━━━━━━━━━━━━━━━━━━━━━━━━━━━━━━━━━━━━━━━━━━━━━━━━━━[39m
2025-11-25 18:56:14:5614 [32minfo[39m: [32m🔍 Validating environment variables...[39m
2025-11-25 18:56:14:5614 [32minfo[39m: [32m✅ Environment variables validated[39m
2025-11-25 18:56:14:5614 [32minfo[39m: [32m[39m
[32m━━━━━━━━━━━━━━━━━━━━━━━━━━━━━━━━━━━━━━━━━━━━━━━━━━━━━━━━━[39m
2025-11-25 18:56:14:5614 [32minfo[39m: [32mSTEP 2: Database Connections[39m
2025-11-25 18:56:14:5614 [32minfo[39m: [32m━━━━━━━━━━━━━━━━━━━━━━━━━━━━━━━━━━━━━━━━━━━━━━━━━━━━━━━━━[39m
2025-11-25 18:56:14:5614 [32minfo[39m: [32m🔌 Checking database connections...[39m
2025-11-25 18:56:14:5614 [32minfo[39m: [32mSupabase client initialized[39m
2025-11-25 18:56:25:5625 [31merror[39m: [31m  ❌ Supabase connection failed:[39m
2025-11-25 18:57:00:570 [32minfo[39m: [32m━━━━━━━━━━━━━━━━━━━━━━━━━━━━━━━━━━━━━━━━━━━━━━━━━━━━━━━━━[39m
2025-11-25 18:57:00:570 [32minfo[39m: [32mSTEP 1: Environment Validation[39m
2025-11-25 18:57:00:570 [32minfo[39m: [32m━━━━━━━━━━━━━━━━━━━━━━━━━━━━━━━━━━━━━━━━━━━━━━━━━━━━━━━━━[39m
2025-11-25 18:57:00:570 [32minfo[39m: [32m🔍 Validating environment variables...[39m
2025-11-25 18:57:00:570 [32minfo[39m: [32m✅ Environment variables validated[39m
2025-11-25 18:57:00:570 [32minfo[39m: [32m[39m
[32m━━━━━━━━━━━━━━━━━━━━━━━━━━━━━━━━━━━━━━━━━━━━━━━━━━━━━━━━━[39m
2025-11-25 18:57:00:570 [32minfo[39m: [32mSTEP 2: Database Connections[39m
2025-11-25 18:57:00:570 [32minfo[39m: [32m━━━━━━━━━━━━━━━━━━━━━━━━━━━━━━━━━━━━━━━━━━━━━━━━━━━━━━━━━[39m
2025-11-25 18:57:00:570 [32minfo[39m: [32m🔌 Checking database connections...[39m
2025-11-25 18:57:00:570 [32minfo[39m: [32mSupabase client initialized[39m
2025-11-25 18:57:00:570 [31merror[39m: [31m  ❌ Supabase connection failed:[39m
2025-11-25 19:03:03:33 [32minfo[39m: [32m━━━━━━━━━━━━━━━━━━━━━━━━━━━━━━━━━━━━━━━━━━━━━━━━━━━━━━━━━[39m
2025-11-25 19:03:03:33 [32minfo[39m: [32mSTEP 1: Environment Validation[39m
2025-11-25 19:03:03:33 [32minfo[39m: [32m━━━━━━━━━━━━━━━━━━━━━━━━━━━━━━━━━━━━━━━━━━━━━━━━━━━━━━━━━[39m
2025-11-25 19:03:03:33 [32minfo[39m: [32m🔍 Validating environment variables...[39m
2025-11-25 19:03:03:33 [32minfo[39m: [32m✅ Environment variables validated[39m
2025-11-25 19:03:03:33 [32minfo[39m: [32m[39m
[32m━━━━━━━━━━━━━━━━━━━━━━━━━━━━━━━━━━━━━━━━━━━━━━━━━━━━━━━━━[39m
2025-11-25 19:03:03:33 [32minfo[39m: [32mSTEP 2: Database Connections[39m
2025-11-25 19:03:03:33 [32minfo[39m: [32m━━━━━━━━━━━━━━━━━━━━━━━━━━━━━━━━━━━━━━━━━━━━━━━━━━━━━━━━━[39m
2025-11-25 19:03:03:33 [32minfo[39m: [32m🔌 Checking database connections...[39m
2025-11-25 19:03:03:33 [32minfo[39m: [32mSupabase client initialized[39m
2025-11-25 19:03:05:35 [32minfo[39m: [32m  ✅ Supabase (PostgreSQL) connected[39m
2025-11-25 19:03:05:35 [32minfo[39m: [32mUpstash Redis initialized[39m
2025-11-25 19:03:06:36 [32minfo[39m: [32m  ✅ Redis (Upstash) connected[39m
2025-11-25 19:03:07:37 [32minfo[39m: [32mMongoose (MongoDB) connected successfully[39m
2025-11-25 19:03:07:37 [32minfo[39m: [32m  ✅ MongoDB (Mongoose) connected[39m
2025-11-25 19:03:07:37 [32minfo[39m: [32m[39m
[32m━━━━━━━━━━━━━━━━━━━━━━━━━━━━━━━━━━━━━━━━━━━━━━━━━━━━━━━━━[39m
2025-11-25 19:03:07:37 [32minfo[39m: [32mSTEP 3: Service Configuration[39m
2025-11-25 19:03:07:37 [32minfo[39m: [32m━━━━━━━━━━━━━━━━━━━━━━━━━━━━━━━━━━━━━━━━━━━━━━━━━━━━━━━━━[39m
2025-11-25 19:03:07:37 [32minfo[39m: [32m🔧 Checking service configurations...[39m
2025-11-25 19:03:07:37 [32minfo[39m: [32m  ✅ Cloudflare R2 configured[39m
2025-11-25 19:03:07:37 [32minfo[39m: [32m  ✅ JWT authentication configured[39m
2025-11-25 19:03:07:37 [32minfo[39m: [32m  ✅ CORS configured (2 origins)[39m
2025-11-25 19:03:07:37 [32minfo[39m: [32m✅ Service configurations checked[39m
2025-11-25 19:03:07:37 [32minfo[39m: [32m[39m
[32m━━━━━━━━━━━━━━━━━━━━━━━━━━━━━━━━━━━━━━━━━━━━━━━━━━━━━━━━━[39m
2025-11-25 19:03:07:37 [32minfo[39m: [32mSTEP 4: System Information[39m
2025-11-25 19:03:07:37 [32minfo[39m: [32m━━━━━━━━━━━━━━━━━━━━━━━━━━━━━━━━━━━━━━━━━━━━━━━━━━━━━━━━━[39m
2025-11-25 19:03:07:37 [32minfo[39m: [32m📊 System Information:[39m
2025-11-25 19:03:07:37 [32minfo[39m: [32m  • Node.js: v22.20.0[39m
2025-11-25 19:03:07:37 [32minfo[39m: [32m  • Platform: linux[39m
2025-11-25 19:03:07:37 [32minfo[39m: [32m  • Architecture: x64[39m
2025-11-25 19:03:07:37 [32minfo[39m: [32m  • Memory: 64MB[39m
2025-11-25 19:03:07:37 [32minfo[39m: [32m  • Environment: development[39m
2025-11-25 19:03:07:37 [32minfo[39m: [32m  • Port: 3000[39m
2025-11-25 19:03:07:37 [32minfo[39m: [32m[39m
[32m━━━━━━━━━━━━━━━━━━━━━━━━━━━━━━━━━━━━━━━━━━━━━━━━━━━━━━━━━[39m
2025-11-25 19:03:07:37 [32minfo[39m: [32mSTEP 5: Starting HTTP Server[39m
2025-11-25 19:03:07:37 [32minfo[39m: [32m━━━━━━━━━━━━━━━━━━━━━━━━━━━━━━━━━━━━━━━━━━━━━━━━━━━━━━━━━[39m
2025-11-25 19:03:07:37 [32minfo[39m: [32m[39m
[32m🚀 Server started successfully![39m
2025-11-25 19:03:07:37 [32minfo[39m: [32m[39m
[32m📍 Endpoints:[39m
2025-11-25 19:03:07:37 [32minfo[39m: [32m   • Health Check: http://localhost:3000/health[39m
2025-11-25 19:03:07:37 [32minfo[39m: [32m   • API Info:     http://localhost:3000/api[39m
2025-11-25 19:03:07:37 [32minfo[39m: [32m   • API Base:     http://localhost:3000/api/*[39m
2025-11-25 19:03:07:37 [32minfo[39m: [32m[39m
[32m🔧 Services Status:[39m
2025-11-25 19:03:07:37 [32minfo[39m: [32m   • Database:     ✅ Connected[39m
2025-11-25 19:03:07:37 [32minfo[39m: [32m   • Cache:        ✅ Connected[39m
2025-11-25 19:03:07:37 [32minfo[39m: [32m   • Analytics:    ✅ Connected[39m
2025-11-25 19:03:07:37 [32minfo[39m: [32m[39m
[32m━━━━━━━━━━━━━━━━━━━━━━━━━━━━━━━━━━━━━━━━━━━━━━━━━━━━━━━━━[39m
2025-11-25 19:03:07:37 [32minfo[39m: [32m✅ FreeTune Backend is ready to serve requests![39m
2025-11-25 19:03:07:37 [32minfo[39m: [32m━━━━━━━━━━━━━━━━━━━━━━━━━━━━━━━━━━━━━━━━━━━━━━━━━━━━━━━━━[39m
[32m[39m
2025-11-25 19:16:10:1610 [33mwarn[39m: [33mUser preferences not found, creating defaults[39m
2025-11-25 19:16:10:1610 [32minfo[39m: [32mUser logged in successfully: tarun1sisodia@gmail.com[39m
2025-11-25 19:19:20:1920 [31merror[39m: [31mError: Unexpected field[39m
2025-11-25 19:37:12:3712 [31merror[39m: [31mError: Unexpected field[39m
2025-11-25 19:48:53:4853 [32minfo[39m: [32m━━━━━━━━━━━━━━━━━━━━━━━━━━━━━━━━━━━━━━━━━━━━━━━━━━━━━━━━━[39m
2025-11-25 19:48:53:4853 [32minfo[39m: [32mSTEP 1: Environment Validation[39m
2025-11-25 19:48:53:4853 [32minfo[39m: [32m━━━━━━━━━━━━━━━━━━━━━━━━━━━━━━━━━━━━━━━━━━━━━━━━━━━━━━━━━[39m
2025-11-25 19:48:53:4853 [32minfo[39m: [32m🔍 Validating environment variables...[39m
2025-11-25 19:48:53:4853 [32minfo[39m: [32m✅ Environment variables validated[39m
2025-11-25 19:48:53:4853 [32minfo[39m: [32m[39m
[32m━━━━━━━━━━━━━━━━━━━━━━━━━━━━━━━━━━━━━━━━━━━━━━━━━━━━━━━━━[39m
2025-11-25 19:48:53:4853 [32minfo[39m: [32mSTEP 2: Database Connections[39m
2025-11-25 19:48:53:4853 [32minfo[39m: [32m━━━━━━━━━━━━━━━━━━━━━━━━━━━━━━━━━━━━━━━━━━━━━━━━━━━━━━━━━[39m
2025-11-25 19:48:53:4853 [32minfo[39m: [32m🔌 Checking database connections...[39m
2025-11-25 19:48:53:4853 [32minfo[39m: [32mSupabase client initialized[39m
2025-11-25 19:48:54:4854 [32minfo[39m: [32m  ✅ Supabase (PostgreSQL) connected[39m
2025-11-25 19:48:54:4854 [32minfo[39m: [32mUpstash Redis initialized[39m
2025-11-25 19:48:55:4855 [32minfo[39m: [32m  ✅ Redis (Upstash) connected[39m
2025-11-25 19:48:56:4856 [32minfo[39m: [32mMongoose (MongoDB) connected successfully[39m
2025-11-25 19:48:56:4856 [32minfo[39m: [32m  ✅ MongoDB (Mongoose) connected[39m
2025-11-25 19:48:56:4856 [32minfo[39m: [32m[39m
[32m━━━━━━━━━━━━━━━━━━━━━━━━━━━━━━━━━━━━━━━━━━━━━━━━━━━━━━━━━[39m
2025-11-25 19:48:56:4856 [32minfo[39m: [32mSTEP 3: Service Configuration[39m
2025-11-25 19:48:56:4856 [32minfo[39m: [32m━━━━━━━━━━━━━━━━━━━━━━━━━━━━━━━━━━━━━━━━━━━━━━━━━━━━━━━━━[39m
2025-11-25 19:48:56:4856 [32minfo[39m: [32m🔧 Checking service configurations...[39m
2025-11-25 19:48:56:4856 [32minfo[39m: [32m  ✅ Cloudflare R2 configured[39m
2025-11-25 19:48:56:4856 [32minfo[39m: [32m  ✅ JWT authentication configured[39m
2025-11-25 19:48:56:4856 [32minfo[39m: [32m  ✅ CORS configured (2 origins)[39m
2025-11-25 19:48:56:4856 [32minfo[39m: [32m✅ Service configurations checked[39m
2025-11-25 19:48:56:4856 [32minfo[39m: [32m[39m
[32m━━━━━━━━━━━━━━━━━━━━━━━━━━━━━━━━━━━━━━━━━━━━━━━━━━━━━━━━━[39m
2025-11-25 19:48:56:4856 [32minfo[39m: [32mSTEP 4: System Information[39m
2025-11-25 19:48:56:4856 [32minfo[39m: [32m━━━━━━━━━━━━━━━━━━━━━━━━━━━━━━━━━━━━━━━━━━━━━━━━━━━━━━━━━[39m
2025-11-25 19:48:56:4856 [32minfo[39m: [32m📊 System Information:[39m
2025-11-25 19:48:56:4856 [32minfo[39m: [32m  • Node.js: v22.20.0[39m
2025-11-25 19:48:56:4856 [32minfo[39m: [32m  • Platform: linux[39m
2025-11-25 19:48:56:4856 [32minfo[39m: [32m  • Architecture: x64[39m
2025-11-25 19:48:56:4856 [32minfo[39m: [32m  • Memory: 63MB[39m
2025-11-25 19:48:56:4856 [32minfo[39m: [32m  • Environment: development[39m
2025-11-25 19:48:56:4856 [32minfo[39m: [32m  • Port: 3000[39m
2025-11-25 19:48:56:4856 [32minfo[39m: [32m[39m
[32m━━━━━━━━━━━━━━━━━━━━━━━━━━━━━━━━━━━━━━━━━━━━━━━━━━━━━━━━━[39m
2025-11-25 19:48:56:4856 [32minfo[39m: [32mSTEP 5: Starting HTTP Server[39m
2025-11-25 19:48:56:4856 [32minfo[39m: [32m━━━━━━━━━━━━━━━━━━━━━━━━━━━━━━━━━━━━━━━━━━━━━━━━━━━━━━━━━[39m
2025-11-25 19:48:56:4856 [32minfo[39m: [32m[39m
[32m🚀 Server started successfully![39m
2025-11-25 19:48:56:4856 [32minfo[39m: [32m[39m
[32m📍 Endpoints:[39m
2025-11-25 19:48:56:4856 [32minfo[39m: [32m   • Health Check: http://localhost:3000/health[39m
2025-11-25 19:48:56:4856 [32minfo[39m: [32m   • API Info:     http://localhost:3000/api[39m
2025-11-25 19:48:56:4856 [32minfo[39m: [32m   • API Base:     http://localhost:3000/api/*[39m
2025-11-25 19:48:56:4856 [32minfo[39m: [32m[39m
[32m🔧 Services Status:[39m
2025-11-25 19:48:56:4856 [32minfo[39m: [32m   • Database:     ✅ Connected[39m
2025-11-25 19:48:56:4856 [32minfo[39m: [32m   • Cache:        ✅ Connected[39m
2025-11-25 19:48:56:4856 [32minfo[39m: [32m   • Analytics:    ✅ Connected[39m
2025-11-25 19:48:56:4856 [32minfo[39m: [32m[39m
[32m━━━━━━━━━━━━━━━━━━━━━━━━━━━━━━━━━━━━━━━━━━━━━━━━━━━━━━━━━[39m
2025-11-25 19:48:56:4856 [32minfo[39m: [32m✅ FreeTune Backend is ready to serve requests![39m
2025-11-25 19:48:56:4856 [32minfo[39m: [32m━━━━━━━━━━━━━━━━━━━━━━━━━━━━━━━━━━━━━━━━━━━━━━━━━━━━━━━━━[39m
[32m[39m
2025-11-25 19:49:11:4911 [31merror[39m: [31mError: Unexpected field[39m
2025-11-25 19:49:22:4922 [32minfo[39m: [32mSupabase admin client initialized[39m
2025-11-25 19:49:22:4922 [33mwarn[39m: [33mPreferences not found for user a7db039c-7535-4265-9954-3e4464d74eec[39m
2025-11-25 20:02:44:244 [32minfo[39m: [32m[39m
[32mSIGINT received. Starting graceful shutdown...[39m
2025-11-25 20:02:49:249 [32minfo[39m: [32m━━━━━━━━━━━━━━━━━━━━━━━━━━━━━━━━━━━━━━━━━━━━━━━━━━━━━━━━━[39m
2025-11-25 20:02:49:249 [32minfo[39m: [32mSTEP 1: Environment Validation[39m
2025-11-25 20:02:49:249 [32minfo[39m: [32m━━━━━━━━━━━━━━━━━━━━━━━━━━━━━━━━━━━━━━━━━━━━━━━━━━━━━━━━━[39m
2025-11-25 20:02:49:249 [32minfo[39m: [32m🔍 Validating environment variables...[39m
2025-11-25 20:02:49:249 [32minfo[39m: [32m✅ Environment variables validated[39m
2025-11-25 20:02:49:249 [32minfo[39m: [32m[39m
[32m━━━━━━━━━━━━━━━━━━━━━━━━━━━━━━━━━━━━━━━━━━━━━━━━━━━━━━━━━[39m
2025-11-25 20:02:49:249 [32minfo[39m: [32mSTEP 2: Database Connections[39m
2025-11-25 20:02:49:249 [32minfo[39m: [32m━━━━━━━━━━━━━━━━━━━━━━━━━━━━━━━━━━━━━━━━━━━━━━━━━━━━━━━━━[39m
2025-11-25 20:02:49:249 [32minfo[39m: [32m🔌 Checking database connections...[39m
2025-11-25 20:02:49:249 [32minfo[39m: [32mSupabase client initialized[39m
2025-11-25 20:02:50:250 [32minfo[39m: [32m  ✅ Supabase (PostgreSQL) connected[39m
2025-11-25 20:02:50:250 [32minfo[39m: [32mUpstash Redis initialized[39m
2025-11-25 20:02:50:250 [32minfo[39m: [32m  ✅ Redis (Upstash) connected[39m
2025-11-25 20:02:57:257 [32minfo[39m: [32mMongoose (MongoDB) connected successfully[39m
2025-11-25 20:02:57:257 [32minfo[39m: [32m  ✅ MongoDB (Mongoose) connected[39m
2025-11-25 20:02:57:257 [32minfo[39m: [32m[39m
[32m━━━━━━━━━━━━━━━━━━━━━━━━━━━━━━━━━━━━━━━━━━━━━━━━━━━━━━━━━[39m
2025-11-25 20:02:57:257 [32minfo[39m: [32mSTEP 3: Service Configuration[39m
2025-11-25 20:02:57:257 [32minfo[39m: [32m━━━━━━━━━━━━━━━━━━━━━━━━━━━━━━━━━━━━━━━━━━━━━━━━━━━━━━━━━[39m
2025-11-25 20:02:57:257 [32minfo[39m: [32m🔧 Checking service configurations...[39m
2025-11-25 20:02:57:257 [32minfo[39m: [32m  ✅ Cloudflare R2 configured[39m
2025-11-25 20:02:57:257 [32minfo[39m: [32m  ✅ JWT authentication configured[39m
2025-11-25 20:02:57:257 [32minfo[39m: [32m  ✅ CORS configured (2 origins)[39m
2025-11-25 20:02:57:257 [32minfo[39m: [32m✅ Service configurations checked[39m
2025-11-25 20:02:57:257 [32minfo[39m: [32m[39m
[32m━━━━━━━━━━━━━━━━━━━━━━━━━━━━━━━━━━━━━━━━━━━━━━━━━━━━━━━━━[39m
2025-11-25 20:02:57:257 [32minfo[39m: [32mSTEP 4: System Information[39m
2025-11-25 20:02:57:257 [32minfo[39m: [32m━━━━━━━━━━━━━━━━━━━━━━━━━━━━━━━━━━━━━━━━━━━━━━━━━━━━━━━━━[39m
2025-11-25 20:02:57:257 [32minfo[39m: [32m📊 System Information:[39m
2025-11-25 20:02:57:257 [32minfo[39m: [32m  • Node.js: v22.20.0[39m
2025-11-25 20:02:57:257 [32minfo[39m: [32m  • Platform: linux[39m
2025-11-25 20:02:57:257 [32minfo[39m: [32m  • Architecture: x64[39m
2025-11-25 20:02:57:257 [32minfo[39m: [32m  • Memory: 63MB[39m
2025-11-25 20:02:57:257 [32minfo[39m: [32m  • Environment: development[39m
2025-11-25 20:02:57:257 [32minfo[39m: [32m  • Port: 3000[39m
2025-11-25 20:02:57:257 [32minfo[39m: [32m[39m
[32m━━━━━━━━━━━━━━━━━━━━━━━━━━━━━━━━━━━━━━━━━━━━━━━━━━━━━━━━━[39m
2025-11-25 20:02:57:257 [32minfo[39m: [32mSTEP 5: Starting HTTP Server[39m
2025-11-25 20:02:57:257 [32minfo[39m: [32m━━━━━━━━━━━━━━━━━━━━━━━━━━━━━━━━━━━━━━━━━━━━━━━━━━━━━━━━━[39m
2025-11-25 20:02:57:257 [32minfo[39m: [32m[39m
[32m🚀 Server started successfully![39m
2025-11-25 20:02:57:257 [32minfo[39m: [32m[39m
[32m📍 Endpoints:[39m
2025-11-25 20:02:57:257 [32minfo[39m: [32m   • Health Check: http://localhost:3000/health[39m
2025-11-25 20:02:57:257 [32minfo[39m: [32m   • API Info:     http://localhost:3000/api[39m
2025-11-25 20:02:57:257 [32minfo[39m: [32m   • API Base:     http://localhost:3000/api/*[39m
2025-11-25 20:02:57:257 [32minfo[39m: [32m[39m
[32m🔧 Services Status:[39m
2025-11-25 20:02:57:257 [32minfo[39m: [32m   • Database:     ✅ Connected[39m
2025-11-25 20:02:57:257 [32minfo[39m: [32m   • Cache:        ✅ Connected[39m
2025-11-25 20:02:57:257 [32minfo[39m: [32m   • Analytics:    ✅ Connected[39m
2025-11-25 20:02:57:257 [32minfo[39m: [32m[39m
[32m━━━━━━━━━━━━━━━━━━━━━━━━━━━━━━━━━━━━━━━━━━━━━━━━━━━━━━━━━[39m
2025-11-25 20:02:57:257 [32minfo[39m: [32m✅ FreeTune Backend is ready to serve requests![39m
2025-11-25 20:02:57:257 [32minfo[39m: [32m━━━━━━━━━━━━━━━━━━━━━━━━━━━━━━━━━━━━━━━━━━━━━━━━━━━━━━━━━[39m
[32m[39m
2025-11-25 20:03:26:326 [33mwarn[39m: [33mUser preferences not found, creating defaults[39m
2025-11-25 20:03:27:327 [32minfo[39m: [32mUser logged in successfully: tarun1sisodia@gmail.com[39m
2025-11-25 20:04:01:41 [32minfo[39m: [32mSupabase admin client initialized[39m
2025-11-25 20:04:01:41 [33mwarn[39m: [33mPreferences not found for user a7db039c-7535-4265-9954-3e4464d74eec[39m
2025-11-25 20:06:00:60 [32minfo[39m: [32mR2 S3 client initialized successfully[39m
2025-11-25 20:06:14:614 [32minfo[39m: [32mFile uploaded successfully: original/1764081360797-01f92f03a9082b36-One_Thousand_Miles_Full_AUDIO_Song_____Yo_Yo_Honey_Singh__Desi_Kalakaar__Honey_Singh_New_Songs_2014.mp3[39m
2025-11-25 20:06:15:615 [31merror[39m: [31mError saving song metadata: new row violates row-level security policy for table "songs"[39m
2025-11-25 20:06:16:616 [32minfo[39m: [32mFile deleted successfully: original/1764081360797-01f92f03a9082b36-One_Thousand_Miles_Full_AUDIO_Song_____Yo_Yo_Honey_Singh__Desi_Kalakaar__Honey_Singh_New_Songs_2014.mp3[39m
2025-11-25 20:06:16:616 [31merror[39m: [31mError in uploadSong controller: Operation failed[39m
2025-11-25 20:06:16:616 [31merror[39m: [31mError: Operation failed[39m
2025-11-25 20:27:13:2713 [32minfo[39m: [32m[39m
[32mSIGINT received. Starting graceful shutdown...[39m
2025-11-25 20:33:28:3328 [32minfo[39m: [32m━━━━━━━━━━━━━━━━━━━━━━━━━━━━━━━━━━━━━━━━━━━━━━━━━━━━━━━━━[39m
2025-11-25 20:33:28:3328 [32minfo[39m: [32mSTEP 1: Environment Validation[39m
2025-11-25 20:33:28:3328 [32minfo[39m: [32m━━━━━━━━━━━━━━━━━━━━━━━━━━━━━━━━━━━━━━━━━━━━━━━━━━━━━━━━━[39m
2025-11-25 20:33:28:3328 [32minfo[39m: [32m🔍 Validating environment variables...[39m
2025-11-25 20:33:28:3328 [32minfo[39m: [32m✅ Environment variables validated[39m
2025-11-25 20:33:28:3328 [32minfo[39m: [32m[39m
[32m━━━━━━━━━━━━━━━━━━━━━━━━━━━━━━━━━━━━━━━━━━━━━━━━━━━━━━━━━[39m
2025-11-25 20:33:28:3328 [32minfo[39m: [32mSTEP 2: Database Connections[39m
2025-11-25 20:33:28:3328 [32minfo[39m: [32m━━━━━━━━━━━━━━━━━━━━━━━━━━━━━━━━━━━━━━━━━━━━━━━━━━━━━━━━━[39m
2025-11-25 20:33:28:3328 [32minfo[39m: [32m🔌 Checking database connections...[39m
2025-11-25 20:33:28:3328 [32minfo[39m: [32mSupabase client initialized[39m
2025-11-25 20:33:30:3330 [32minfo[39m: [32m  ✅ Supabase (PostgreSQL) connected[39m
2025-11-25 20:33:30:3330 [32minfo[39m: [32mUpstash Redis initialized[39m
2025-11-25 20:33:30:3330 [32minfo[39m: [32m  ✅ Redis (Upstash) connected[39m
2025-11-25 20:33:32:3332 [32minfo[39m: [32mMongoose (MongoDB) connected successfully[39m
2025-11-25 20:33:32:3332 [32minfo[39m: [32m  ✅ MongoDB (Mongoose) connected[39m
2025-11-25 20:33:32:3332 [32minfo[39m: [32m[39m
[32m━━━━━━━━━━━━━━━━━━━━━━━━━━━━━━━━━━━━━━━━━━━━━━━━━━━━━━━━━[39m
2025-11-25 20:33:32:3332 [32minfo[39m: [32mSTEP 3: Service Configuration[39m
2025-11-25 20:33:32:3332 [32minfo[39m: [32m━━━━━━━━━━━━━━━━━━━━━━━━━━━━━━━━━━━━━━━━━━━━━━━━━━━━━━━━━[39m
2025-11-25 20:33:32:3332 [32minfo[39m: [32m🔧 Checking service configurations...[39m
2025-11-25 20:33:32:3332 [32minfo[39m: [32m  ✅ Cloudflare R2 configured[39m
2025-11-25 20:33:32:3332 [32minfo[39m: [32m  ✅ JWT authentication configured[39m
2025-11-25 20:33:32:3332 [32minfo[39m: [32m  ✅ CORS configured (2 origins)[39m
2025-11-25 20:33:32:3332 [32minfo[39m: [32m✅ Service configurations checked[39m
2025-11-25 20:33:32:3332 [32minfo[39m: [32m[39m
[32m━━━━━━━━━━━━━━━━━━━━━━━━━━━━━━━━━━━━━━━━━━━━━━━━━━━━━━━━━[39m
2025-11-25 20:33:32:3332 [32minfo[39m: [32mSTEP 4: System Information[39m
2025-11-25 20:33:32:3332 [32minfo[39m: [32m━━━━━━━━━━━━━━━━━━━━━━━━━━━━━━━━━━━━━━━━━━━━━━━━━━━━━━━━━[39m
2025-11-25 20:33:32:3332 [32minfo[39m: [32m📊 System Information:[39m
2025-11-25 20:33:32:3332 [32minfo[39m: [32m  • Node.js: v22.20.0[39m
2025-11-25 20:33:32:3332 [32minfo[39m: [32m  • Platform: linux[39m
2025-11-25 20:33:32:3332 [32minfo[39m: [32m  • Architecture: x64[39m
2025-11-25 20:33:32:3332 [32minfo[39m: [32m  • Memory: 63MB[39m
2025-11-25 20:33:32:3332 [32minfo[39m: [32m  • Environment: development[39m
2025-11-25 20:33:32:3332 [32minfo[39m: [32m  • Port: 3000[39m
2025-11-25 20:33:32:3332 [32minfo[39m: [32m[39m
[32m━━━━━━━━━━━━━━━━━━━━━━━━━━━━━━━━━━━━━━━━━━━━━━━━━━━━━━━━━[39m
2025-11-25 20:33:32:3332 [32minfo[39m: [32mSTEP 5: Starting HTTP Server[39m
2025-11-25 20:33:32:3332 [32minfo[39m: [32m━━━━━━━━━━━━━━━━━━━━━━━━━━━━━━━━━━━━━━━━━━━━━━━━━━━━━━━━━[39m
2025-11-25 20:33:32:3332 [32minfo[39m: [32m[39m
[32m🚀 Server started successfully![39m
2025-11-25 20:33:32:3332 [32minfo[39m: [32m[39m
[32m📍 Endpoints:[39m
2025-11-25 20:33:32:3332 [32minfo[39m: [32m   • Health Check: http://localhost:3000/health[39m
2025-11-25 20:33:32:3332 [32minfo[39m: [32m   • API Info:     http://localhost:3000/api[39m
2025-11-25 20:33:32:3332 [32minfo[39m: [32m   • API Base:     http://localhost:3000/api/*[39m
2025-11-25 20:33:32:3332 [32minfo[39m: [32m[39m
[32m🔧 Services Status:[39m
2025-11-25 20:33:32:3332 [32minfo[39m: [32m   • Database:     ✅ Connected[39m
2025-11-25 20:33:32:3332 [32minfo[39m: [32m   • Cache:        ✅ Connected[39m
2025-11-25 20:33:32:3332 [32minfo[39m: [32m   • Analytics:    ✅ Connected[39m
2025-11-25 20:33:32:3332 [32minfo[39m: [32m[39m
[32m━━━━━━━━━━━━━━━━━━━━━━━━━━━━━━━━━━━━━━━━━━━━━━━━━━━━━━━━━[39m
2025-11-25 20:33:32:3332 [32minfo[39m: [32m✅ FreeTune Backend is ready to serve requests![39m
2025-11-25 20:33:32:3332 [32minfo[39m: [32m━━━━━━━━━━━━━━━━━━━━━━━━━━━━━━━━━━━━━━━━━━━━━━━━━━━━━━━━━[39m
[32m[39m
2025-11-25 20:34:03:343 [32minfo[39m: [32mSupabase admin client initialized[39m
2025-11-25 20:34:03:343 [33mwarn[39m: [33mPreferences not found for user a7db039c-7535-4265-9954-3e4464d74eec[39m
2025-11-25 20:36:28:3628 [32minfo[39m: [32mR2 S3 client initialized successfully[39m
2025-11-25 20:36:44:3644 [32minfo[39m: [32mFile uploaded successfully: original/1764083188868-1ef943460cb7d975-One_Thousand_Miles_Full_AUDIO_Song_____Yo_Yo_Honey_Singh__Desi_Kalakaar__Honey_Singh_New_Songs_2014.mp3[39m
2025-11-25 20:46:31:4631 [32minfo[39m: [32m━━━━━━━━━━━━━━━━━━━━━━━━━━━━━━━━━━━━━━━━━━━━━━━━━━━━━━━━━[39m
2025-11-25 20:46:31:4631 [32minfo[39m: [32mSTEP 1: Environment Validation[39m
2025-11-25 20:46:31:4631 [32minfo[39m: [32m━━━━━━━━━━━━━━━━━━━━━━━━━━━━━━━━━━━━━━━━━━━━━━━━━━━━━━━━━[39m
2025-11-25 20:46:31:4631 [32minfo[39m: [32m🔍 Validating environment variables...[39m
2025-11-25 20:46:31:4631 [32minfo[39m: [32m✅ Environment variables validated[39m
2025-11-25 20:46:31:4631 [32minfo[39m: [32m[39m
[32m━━━━━━━━━━━━━━━━━━━━━━━━━━━━━━━━━━━━━━━━━━━━━━━━━━━━━━━━━[39m
2025-11-25 20:46:31:4631 [32minfo[39m: [32mSTEP 2: Database Connections[39m
2025-11-25 20:46:31:4631 [32minfo[39m: [32m━━━━━━━━━━━━━━━━━━━━━━━━━━━━━━━━━━━━━━━━━━━━━━━━━━━━━━━━━[39m
2025-11-25 20:46:31:4631 [32minfo[39m: [32m🔌 Checking database connections...[39m
2025-11-25 20:46:31:4631 [32minfo[39m: [32mSupabase client initialized[39m
2025-11-25 20:46:32:4632 [32minfo[39m: [32m  ✅ Supabase (PostgreSQL) connected[39m
2025-11-25 20:46:32:4632 [32minfo[39m: [32mUpstash Redis initialized[39m
2025-11-25 20:46:32:4632 [32minfo[39m: [32m  ✅ Redis (Upstash) connected[39m
2025-11-25 20:46:34:4634 [32minfo[39m: [32mMongoose (MongoDB) connected successfully[39m
2025-11-25 20:46:34:4634 [32minfo[39m: [32m  ✅ MongoDB (Mongoose) connected[39m
2025-11-25 20:46:34:4634 [32minfo[39m: [32m[39m
[32m━━━━━━━━━━━━━━━━━━━━━━━━━━━━━━━━━━━━━━━━━━━━━━━━━━━━━━━━━[39m
2025-11-25 20:46:34:4634 [32minfo[39m: [32mSTEP 3: Service Configuration[39m
2025-11-25 20:46:34:4634 [32minfo[39m: [32m━━━━━━━━━━━━━━━━━━━━━━━━━━━━━━━━━━━━━━━━━━━━━━━━━━━━━━━━━[39m
2025-11-25 20:46:34:4634 [32minfo[39m: [32m🔧 Checking service configurations...[39m
2025-11-25 20:46:34:4634 [32minfo[39m: [32m  ✅ Cloudflare R2 configured[39m
2025-11-25 20:46:34:4634 [32minfo[39m: [32m  ✅ JWT authentication configured[39m
2025-11-25 20:46:34:4634 [32minfo[39m: [32m  ✅ CORS configured (2 origins)[39m
2025-11-25 20:46:34:4634 [32minfo[39m: [32m✅ Service configurations checked[39m
2025-11-25 20:46:34:4634 [32minfo[39m: [32m[39m
[32m━━━━━━━━━━━━━━━━━━━━━━━━━━━━━━━━━━━━━━━━━━━━━━━━━━━━━━━━━[39m
2025-11-25 20:46:34:4634 [32minfo[39m: [32mSTEP 4: System Information[39m
2025-11-25 20:46:34:4634 [32minfo[39m: [32m━━━━━━━━━━━━━━━━━━━━━━━━━━━━━━━━━━━━━━━━━━━━━━━━━━━━━━━━━[39m
2025-11-25 20:46:34:4634 [32minfo[39m: [32m📊 System Information:[39m
2025-11-25 20:46:34:4634 [32minfo[39m: [32m  • Node.js: v22.20.0[39m
2025-11-25 20:46:34:4634 [32minfo[39m: [32m  • Platform: linux[39m
2025-11-25 20:46:34:4634 [32minfo[39m: [32m  • Architecture: x64[39m
2025-11-25 20:46:34:4634 [32minfo[39m: [32m  • Memory: 63MB[39m
2025-11-25 20:46:34:4634 [32minfo[39m: [32m  • Environment: development[39m
2025-11-25 20:46:34:4634 [32minfo[39m: [32m  • Port: 3000[39m
2025-11-25 20:46:34:4634 [32minfo[39m: [32m[39m
[32m━━━━━━━━━━━━━━━━━━━━━━━━━━━━━━━━━━━━━━━━━━━━━━━━━━━━━━━━━[39m
2025-11-25 20:46:34:4634 [32minfo[39m: [32mSTEP 5: Starting HTTP Server[39m
2025-11-25 20:46:34:4634 [32minfo[39m: [32m━━━━━━━━━━━━━━━━━━━━━━━━━━━━━━━━━━━━━━━━━━━━━━━━━━━━━━━━━[39m
2025-11-25 20:46:34:4634 [32minfo[39m: [32m[39m
[32m🚀 Server started successfully![39m
2025-11-25 20:46:34:4634 [32minfo[39m: [32m[39m
[32m📍 Endpoints:[39m
2025-11-25 20:46:34:4634 [32minfo[39m: [32m   • Health Check: http://localhost:3000/health[39m
2025-11-25 20:46:34:4634 [32minfo[39m: [32m   • API Info:     http://localhost:3000/api[39m
2025-11-25 20:46:34:4634 [32minfo[39m: [32m   • API Base:     http://localhost:3000/api/*[39m
2025-11-25 20:46:34:4634 [32minfo[39m: [32m[39m
[32m🔧 Services Status:[39m
2025-11-25 20:46:34:4634 [32minfo[39m: [32m   • Database:     ✅ Connected[39m
2025-11-25 20:46:34:4634 [32minfo[39m: [32m   • Cache:        ✅ Connected[39m
2025-11-25 20:46:34:4634 [32minfo[39m: [32m   • Analytics:    ✅ Connected[39m
2025-11-25 20:46:34:4634 [32minfo[39m: [32m[39m
[32m━━━━━━━━━━━━━━━━━━━━━━━━━━━━━━━━━━━━━━━━━━━━━━━━━━━━━━━━━[39m
2025-11-25 20:46:34:4634 [32minfo[39m: [32m✅ FreeTune Backend is ready to serve requests![39m
2025-11-25 20:46:34:4634 [32minfo[39m: [32m━━━━━━━━━━━━━━━━━━━━━━━━━━━━━━━━━━━━━━━━━━━━━━━━━━━━━━━━━[39m
[32m[39m
2025-11-25 20:46:46:4646 [32minfo[39m: [32m━━━━━━━━━━━━━━━━━━━━━━━━━━━━━━━━━━━━━━━━━━━━━━━━━━━━━━━━━[39m
2025-11-25 20:46:46:4646 [32minfo[39m: [32mSTEP 1: Environment Validation[39m
2025-11-25 20:46:46:4646 [32minfo[39m: [32m━━━━━━━━━━━━━━━━━━━━━━━━━━━━━━━━━━━━━━━━━━━━━━━━━━━━━━━━━[39m
2025-11-25 20:46:46:4646 [32minfo[39m: [32m🔍 Validating environment variables...[39m
2025-11-25 20:46:46:4646 [32minfo[39m: [32m✅ Environment variables validated[39m
2025-11-25 20:46:46:4646 [32minfo[39m: [32m[39m
[32m━━━━━━━━━━━━━━━━━━━━━━━━━━━━━━━━━━━━━━━━━━━━━━━━━━━━━━━━━[39m
2025-11-25 20:46:46:4646 [32minfo[39m: [32mSTEP 2: Database Connections[39m
2025-11-25 20:46:46:4646 [32minfo[39m: [32m━━━━━━━━━━━━━━━━━━━━━━━━━━━━━━━━━━━━━━━━━━━━━━━━━━━━━━━━━[39m
2025-11-25 20:46:46:4646 [32minfo[39m: [32m🔌 Checking database connections...[39m
2025-11-25 20:46:46:4646 [32minfo[39m: [32mSupabase client initialized[39m
2025-11-25 20:46:47:4647 [32minfo[39m: [32m  ✅ Supabase (PostgreSQL) connected[39m
2025-11-25 20:46:47:4647 [32minfo[39m: [32mUpstash Redis initialized[39m
2025-11-25 20:46:47:4647 [32minfo[39m: [32m  ✅ Redis (Upstash) connected[39m
2025-11-25 20:46:48:4648 [32minfo[39m: [32mMongoose (MongoDB) connected successfully[39m
2025-11-25 20:46:48:4648 [32minfo[39m: [32m  ✅ MongoDB (Mongoose) connected[39m
2025-11-25 20:46:48:4648 [32minfo[39m: [32m[39m
[32m━━━━━━━━━━━━━━━━━━━━━━━━━━━━━━━━━━━━━━━━━━━━━━━━━━━━━━━━━[39m
2025-11-25 20:46:48:4648 [32minfo[39m: [32mSTEP 3: Service Configuration[39m
2025-11-25 20:46:48:4648 [32minfo[39m: [32m━━━━━━━━━━━━━━━━━━━━━━━━━━━━━━━━━━━━━━━━━━━━━━━━━━━━━━━━━[39m
2025-11-25 20:46:48:4648 [32minfo[39m: [32m🔧 Checking service configurations...[39m
2025-11-25 20:46:48:4648 [32minfo[39m: [32m  ✅ Cloudflare R2 configured[39m
2025-11-25 20:46:48:4648 [32minfo[39m: [32m  ✅ JWT authentication configured[39m
2025-11-25 20:46:48:4648 [32minfo[39m: [32m  ✅ CORS configured (2 origins)[39m
2025-11-25 20:46:48:4648 [32minfo[39m: [32m✅ Service configurations checked[39m
2025-11-25 20:46:48:4648 [32minfo[39m: [32m[39m
[32m━━━━━━━━━━━━━━━━━━━━━━━━━━━━━━━━━━━━━━━━━━━━━━━━━━━━━━━━━[39m
2025-11-25 20:46:48:4648 [32minfo[39m: [32mSTEP 4: System Information[39m
2025-11-25 20:46:48:4648 [32minfo[39m: [32m━━━━━━━━━━━━━━━━━━━━━━━━━━━━━━━━━━━━━━━━━━━━━━━━━━━━━━━━━[39m
2025-11-25 20:46:48:4648 [32minfo[39m: [32m📊 System Information:[39m
2025-11-25 20:46:48:4648 [32minfo[39m: [32m  • Node.js: v22.20.0[39m
2025-11-25 20:46:48:4648 [32minfo[39m: [32m  • Platform: linux[39m
2025-11-25 20:46:48:4648 [32minfo[39m: [32m  • Architecture: x64[39m
2025-11-25 20:46:48:4648 [32minfo[39m: [32m  • Memory: 65MB[39m
2025-11-25 20:46:48:4648 [32minfo[39m: [32m  • Environment: development[39m
2025-11-25 20:46:48:4648 [32minfo[39m: [32m  • Port: 3000[39m
2025-11-25 20:46:48:4648 [32minfo[39m: [32m[39m
[32m━━━━━━━━━━━━━━━━━━━━━━━━━━━━━━━━━━━━━━━━━━━━━━━━━━━━━━━━━[39m
2025-11-25 20:46:48:4648 [32minfo[39m: [32mSTEP 5: Starting HTTP Server[39m
2025-11-25 20:46:48:4648 [32minfo[39m: [32m━━━━━━━━━━━━━━━━━━━━━━━━━━━━━━━━━━━━━━━━━━━━━━━━━━━━━━━━━[39m
2025-11-25 20:46:48:4648 [32minfo[39m: [32m[39m
[32m🚀 Server started successfully![39m
2025-11-25 20:46:48:4648 [32minfo[39m: [32m[39m
[32m📍 Endpoints:[39m
2025-11-25 20:46:48:4648 [32minfo[39m: [32m   • Health Check: http://localhost:3000/health[39m
2025-11-25 20:46:48:4648 [32minfo[39m: [32m   • API Info:     http://localhost:3000/api[39m
2025-11-25 20:46:48:4648 [32minfo[39m: [32m   • API Base:     http://localhost:3000/api/*[39m
2025-11-25 20:46:48:4648 [32minfo[39m: [32m[39m
[32m🔧 Services Status:[39m
2025-11-25 20:46:48:4648 [32minfo[39m: [32m   • Database:     ✅ Connected[39m
2025-11-25 20:46:48:4648 [32minfo[39m: [32m   • Cache:        ✅ Connected[39m
2025-11-25 20:46:48:4648 [32minfo[39m: [32m   • Analytics:    ✅ Connected[39m
2025-11-25 20:46:48:4648 [32minfo[39m: [32m[39m
[32m━━━━━━━━━━━━━━━━━━━━━━━━━━━━━━━━━━━━━━━━━━━━━━━━━━━━━━━━━[39m
2025-11-25 20:46:48:4648 [32minfo[39m: [32m✅ FreeTune Backend is ready to serve requests![39m
2025-11-25 20:46:48:4648 [32minfo[39m: [32m━━━━━━━━━━━━━━━━━━━━━━━━━━━━━━━━━━━━━━━━━━━━━━━━━━━━━━━━━[39m
[32m[39m
2025-11-25 20:47:04:474 [32minfo[39m: [32m━━━━━━━━━━━━━━━━━━━━━━━━━━━━━━━━━━━━━━━━━━━━━━━━━━━━━━━━━[39m
2025-11-25 20:47:04:474 [32minfo[39m: [32mSTEP 1: Environment Validation[39m
2025-11-25 20:47:04:474 [32minfo[39m: [32m━━━━━━━━━━━━━━━━━━━━━━━━━━━━━━━━━━━━━━━━━━━━━━━━━━━━━━━━━[39m
2025-11-25 20:47:04:474 [32minfo[39m: [32m🔍 Validating environment variables...[39m
2025-11-25 20:47:04:474 [32minfo[39m: [32m✅ Environment variables validated[39m
2025-11-25 20:47:04:474 [32minfo[39m: [32m[39m
[32m━━━━━━━━━━━━━━━━━━━━━━━━━━━━━━━━━━━━━━━━━━━━━━━━━━━━━━━━━[39m
2025-11-25 20:47:04:474 [32minfo[39m: [32mSTEP 2: Database Connections[39m
2025-11-25 20:47:04:474 [32minfo[39m: [32m━━━━━━━━━━━━━━━━━━━━━━━━━━━━━━━━━━━━━━━━━━━━━━━━━━━━━━━━━[39m
2025-11-25 20:47:04:474 [32minfo[39m: [32m🔌 Checking database connections...[39m
2025-11-25 20:47:04:474 [32minfo[39m: [32mSupabase client initialized[39m
2025-11-25 20:47:05:475 [32minfo[39m: [32m  ✅ Supabase (PostgreSQL) connected[39m
2025-11-25 20:47:05:475 [32minfo[39m: [32mUpstash Redis initialized[39m
2025-11-25 20:47:06:476 [32minfo[39m: [32m  ✅ Redis (Upstash) connected[39m
2025-11-25 20:47:08:478 [32minfo[39m: [32mMongoose (MongoDB) connected successfully[39m
2025-11-25 20:47:08:478 [32minfo[39m: [32m  ✅ MongoDB (Mongoose) connected[39m
2025-11-25 20:47:08:478 [32minfo[39m: [32m[39m
[32m━━━━━━━━━━━━━━━━━━━━━━━━━━━━━━━━━━━━━━━━━━━━━━━━━━━━━━━━━[39m
2025-11-25 20:47:08:478 [32minfo[39m: [32mSTEP 3: Service Configuration[39m
2025-11-25 20:47:08:478 [32minfo[39m: [32m━━━━━━━━━━━━━━━━━━━━━━━━━━━━━━━━━━━━━━━━━━━━━━━━━━━━━━━━━[39m
2025-11-25 20:47:08:478 [32minfo[39m: [32m🔧 Checking service configurations...[39m
2025-11-25 20:47:08:478 [32minfo[39m: [32m  ✅ Cloudflare R2 configured[39m
2025-11-25 20:47:08:478 [32minfo[39m: [32m  ✅ JWT authentication configured[39m
2025-11-25 20:47:08:478 [32minfo[39m: [32m  ✅ CORS configured (2 origins)[39m
2025-11-25 20:47:08:478 [32minfo[39m: [32m✅ Service configurations checked[39m
2025-11-25 20:47:08:478 [32minfo[39m: [32m[39m
[32m━━━━━━━━━━━━━━━━━━━━━━━━━━━━━━━━━━━━━━━━━━━━━━━━━━━━━━━━━[39m
2025-11-25 20:47:08:478 [32minfo[39m: [32mSTEP 4: System Information[39m
2025-11-25 20:47:08:478 [32minfo[39m: [32m━━━━━━━━━━━━━━━━━━━━━━━━━━━━━━━━━━━━━━━━━━━━━━━━━━━━━━━━━[39m
2025-11-25 20:47:08:478 [32minfo[39m: [32m📊 System Information:[39m
2025-11-25 20:47:08:478 [32minfo[39m: [32m  • Node.js: v22.20.0[39m
2025-11-25 20:47:08:478 [32minfo[39m: [32m  • Platform: linux[39m
2025-11-25 20:47:08:478 [32minfo[39m: [32m  • Architecture: x64[39m
2025-11-25 20:47:08:478 [32minfo[39m: [32m  • Memory: 63MB[39m
2025-11-25 20:47:08:478 [32minfo[39m: [32m  • Environment: development[39m
2025-11-25 20:47:08:478 [32minfo[39m: [32m  • Port: 3000[39m
2025-11-25 20:47:08:478 [32minfo[39m: [32m[39m
[32m━━━━━━━━━━━━━━━━━━━━━━━━━━━━━━━━━━━━━━━━━━━━━━━━━━━━━━━━━[39m
2025-11-25 20:47:08:478 [32minfo[39m: [32mSTEP 5: Starting HTTP Server[39m
2025-11-25 20:47:08:478 [32minfo[39m: [32m━━━━━━━━━━━━━━━━━━━━━━━━━━━━━━━━━━━━━━━━━━━━━━━━━━━━━━━━━[39m
2025-11-25 20:47:08:478 [32minfo[39m: [32m[39m
[32m🚀 Server started successfully![39m
2025-11-25 20:47:08:478 [32minfo[39m: [32m[39m
[32m📍 Endpoints:[39m
2025-11-25 20:47:08:478 [32minfo[39m: [32m   • Health Check: http://localhost:3000/health[39m
2025-11-25 20:47:08:478 [32minfo[39m: [32m   • API Info:     http://localhost:3000/api[39m
2025-11-25 20:47:08:478 [32minfo[39m: [32m   • API Base:     http://localhost:3000/api/*[39m
2025-11-25 20:47:08:478 [32minfo[39m: [32m[39m
[32m🔧 Services Status:[39m
2025-11-25 20:47:08:478 [32minfo[39m: [32m   • Database:     ✅ Connected[39m
2025-11-25 20:47:08:478 [32minfo[39m: [32m   • Cache:        ✅ Connected[39m
2025-11-25 20:47:08:478 [32minfo[39m: [32m   • Analytics:    ✅ Connected[39m
2025-11-25 20:47:08:478 [32minfo[39m: [32m[39m
[32m━━━━━━━━━━━━━━━━━━━━━━━━━━━━━━━━━━━━━━━━━━━━━━━━━━━━━━━━━[39m
2025-11-25 20:47:08:478 [32minfo[39m: [32m✅ FreeTune Backend is ready to serve requests![39m
2025-11-25 20:47:08:478 [32minfo[39m: [32m━━━━━━━━━━━━━━━━━━━━━━━━━━━━━━━━━━━━━━━━━━━━━━━━━━━━━━━━━[39m
[32m[39m
2025-11-25 20:47:23:4723 [32minfo[39m: [32m━━━━━━━━━━━━━━━━━━━━━━━━━━━━━━━━━━━━━━━━━━━━━━━━━━━━━━━━━[39m
2025-11-25 20:47:23:4723 [32minfo[39m: [32mSTEP 1: Environment Validation[39m
2025-11-25 20:47:23:4723 [32minfo[39m: [32m━━━━━━━━━━━━━━━━━━━━━━━━━━━━━━━━━━━━━━━━━━━━━━━━━━━━━━━━━[39m
2025-11-25 20:47:23:4723 [32minfo[39m: [32m🔍 Validating environment variables...[39m
2025-11-25 20:47:23:4723 [32minfo[39m: [32m✅ Environment variables validated[39m
2025-11-25 20:47:23:4723 [32minfo[39m: [32m[39m
[32m━━━━━━━━━━━━━━━━━━━━━━━━━━━━━━━━━━━━━━━━━━━━━━━━━━━━━━━━━[39m
2025-11-25 20:47:23:4723 [32minfo[39m: [32mSTEP 2: Database Connections[39m
2025-11-25 20:47:23:4723 [32minfo[39m: [32m━━━━━━━━━━━━━━━━━━━━━━━━━━━━━━━━━━━━━━━━━━━━━━━━━━━━━━━━━[39m
2025-11-25 20:47:23:4723 [32minfo[39m: [32m🔌 Checking database connections...[39m
2025-11-25 20:47:23:4723 [32minfo[39m: [32mSupabase client initialized[39m
2025-11-25 20:47:30:4730 [32minfo[39m: [32m  ✅ Supabase (PostgreSQL) connected[39m
2025-11-25 20:47:30:4730 [32minfo[39m: [32mUpstash Redis initialized[39m
2025-11-25 20:47:31:4731 [32minfo[39m: [32m  ✅ Redis (Upstash) connected[39m
2025-11-25 20:47:32:4732 [32minfo[39m: [32mMongoose (MongoDB) connected successfully[39m
2025-11-25 20:47:32:4732 [32minfo[39m: [32m  ✅ MongoDB (Mongoose) connected[39m
2025-11-25 20:47:32:4732 [32minfo[39m: [32m[39m
[32m━━━━━━━━━━━━━━━━━━━━━━━━━━━━━━━━━━━━━━━━━━━━━━━━━━━━━━━━━[39m
2025-11-25 20:47:32:4732 [32minfo[39m: [32mSTEP 3: Service Configuration[39m
2025-11-25 20:47:32:4732 [32minfo[39m: [32m━━━━━━━━━━━━━━━━━━━━━━━━━━━━━━━━━━━━━━━━━━━━━━━━━━━━━━━━━[39m
2025-11-25 20:47:32:4732 [32minfo[39m: [32m🔧 Checking service configurations...[39m
2025-11-25 20:47:32:4732 [32minfo[39m: [32m  ✅ Cloudflare R2 configured[39m
2025-11-25 20:47:32:4732 [32minfo[39m: [32m  ✅ JWT authentication configured[39m
2025-11-25 20:47:32:4732 [32minfo[39m: [32m  ✅ CORS configured (2 origins)[39m
2025-11-25 20:47:32:4732 [32minfo[39m: [32m✅ Service configurations checked[39m
2025-11-25 20:47:32:4732 [32minfo[39m: [32m[39m
[32m━━━━━━━━━━━━━━━━━━━━━━━━━━━━━━━━━━━━━━━━━━━━━━━━━━━━━━━━━[39m
2025-11-25 20:47:32:4732 [32minfo[39m: [32mSTEP 4: System Information[39m
2025-11-25 20:47:32:4732 [32minfo[39m: [32m━━━━━━━━━━━━━━━━━━━━━━━━━━━━━━━━━━━━━━━━━━━━━━━━━━━━━━━━━[39m
2025-11-25 20:47:32:4732 [32minfo[39m: [32m📊 System Information:[39m
2025-11-25 20:47:32:4732 [32minfo[39m: [32m  • Node.js: v22.20.0[39m
2025-11-25 20:47:32:4732 [32minfo[39m: [32m  • Platform: linux[39m
2025-11-25 20:47:32:4732 [32minfo[39m: [32m  • Architecture: x64[39m
2025-11-25 20:47:32:4732 [32minfo[39m: [32m  • Memory: 68MB[39m
2025-11-25 20:47:32:4732 [32minfo[39m: [32m  • Environment: development[39m
2025-11-25 20:47:32:4732 [32minfo[39m: [32m  • Port: 3000[39m
2025-11-25 20:47:32:4732 [32minfo[39m: [32m[39m
[32m━━━━━━━━━━━━━━━━━━━━━━━━━━━━━━━━━━━━━━━━━━━━━━━━━━━━━━━━━[39m
2025-11-25 20:47:32:4732 [32minfo[39m: [32mSTEP 5: Starting HTTP Server[39m
2025-11-25 20:47:32:4732 [32minfo[39m: [32m━━━━━━━━━━━━━━━━━━━━━━━━━━━━━━━━━━━━━━━━━━━━━━━━━━━━━━━━━[39m
2025-11-25 20:47:32:4732 [32minfo[39m: [32m[39m
[32m🚀 Server started successfully![39m
2025-11-25 20:47:32:4732 [32minfo[39m: [32m[39m
[32m📍 Endpoints:[39m
2025-11-25 20:47:32:4732 [32minfo[39m: [32m   • Health Check: http://localhost:3000/health[39m
2025-11-25 20:47:32:4732 [32minfo[39m: [32m   • API Info:     http://localhost:3000/api[39m
2025-11-25 20:47:32:4732 [32minfo[39m: [32m   • API Base:     http://localhost:3000/api/*[39m
2025-11-25 20:47:32:4732 [32minfo[39m: [32m[39m
[32m🔧 Services Status:[39m
2025-11-25 20:47:32:4732 [32minfo[39m: [32m   • Database:     ✅ Connected[39m
2025-11-25 20:47:32:4732 [32minfo[39m: [32m   • Cache:        ✅ Connected[39m
2025-11-25 20:47:32:4732 [32minfo[39m: [32m   • Analytics:    ✅ Connected[39m
2025-11-25 20:47:32:4732 [32minfo[39m: [32m[39m
[32m━━━━━━━━━━━━━━━━━━━━━━━━━━━━━━━━━━━━━━━━━━━━━━━━━━━━━━━━━[39m
2025-11-25 20:47:32:4732 [32minfo[39m: [32m✅ FreeTune Backend is ready to serve requests![39m
2025-11-25 20:47:32:4732 [32minfo[39m: [32m━━━━━━━━━━━━━━━━━━━━━━━━━━━━━━━━━━━━━━━━━━━━━━━━━━━━━━━━━[39m
[32m[39m
2025-11-25 20:48:27:4827 [32minfo[39m: [32mSupabase admin client initialized[39m
2025-11-25 20:48:28:4828 [33mwarn[39m: [33mPreferences not found for user a7db039c-7535-4265-9954-3e4464d74eec[39m
2025-11-25 20:48:42:4842 [31merror[39m: [31mError: Invalid or expired token[39m
2025-11-25 20:50:13:5013 [32minfo[39m: [32m[39m
[32mSIGINT received. Starting graceful shutdown...[39m
2025-11-25 20:59:54:5954 [32minfo[39m: [32m━━━━━━━━━━━━━━━━━━━━━━━━━━━━━━━━━━━━━━━━━━━━━━━━━━━━━━━━━[39m
2025-11-25 20:59:54:5954 [32minfo[39m: [32mSTEP 1: Environment Validation[39m
2025-11-25 20:59:54:5954 [32minfo[39m: [32m━━━━━━━━━━━━━━━━━━━━━━━━━━━━━━━━━━━━━━━━━━━━━━━━━━━━━━━━━[39m
2025-11-25 20:59:54:5954 [32minfo[39m: [32m🔍 Validating environment variables...[39m
2025-11-25 20:59:54:5954 [32minfo[39m: [32m✅ Environment variables validated[39m
2025-11-25 20:59:54:5954 [32minfo[39m: [32m[39m
[32m━━━━━━━━━━━━━━━━━━━━━━━━━━━━━━━━━━━━━━━━━━━━━━━━━━━━━━━━━[39m
2025-11-25 20:59:54:5954 [32minfo[39m: [32mSTEP 2: Database Connections[39m
2025-11-25 20:59:54:5954 [32minfo[39m: [32m━━━━━━━━━━━━━━━━━━━━━━━━━━━━━━━━━━━━━━━━━━━━━━━━━━━━━━━━━[39m
2025-11-25 20:59:54:5954 [32minfo[39m: [32m🔌 Checking database connections...[39m
2025-11-25 20:59:54:5954 [32minfo[39m: [32mSupabase client initialized[39m
2025-11-25 20:59:56:5956 [32minfo[39m: [32m  ✅ Supabase (PostgreSQL) connected[39m
2025-11-25 20:59:56:5956 [32minfo[39m: [32mUpstash Redis initialized[39m
2025-11-25 20:59:57:5957 [32minfo[39m: [32m  ✅ Redis (Upstash) connected[39m
2025-11-25 20:59:59:5959 [32minfo[39m: [32mMongoose (MongoDB) connected successfully[39m
2025-11-25 20:59:59:5959 [32minfo[39m: [32m  ✅ MongoDB (Mongoose) connected[39m
2025-11-25 20:59:59:5959 [32minfo[39m: [32m[39m
[32m━━━━━━━━━━━━━━━━━━━━━━━━━━━━━━━━━━━━━━━━━━━━━━━━━━━━━━━━━[39m
2025-11-25 20:59:59:5959 [32minfo[39m: [32mSTEP 3: Service Configuration[39m
2025-11-25 20:59:59:5959 [32minfo[39m: [32m━━━━━━━━━━━━━━━━━━━━━━━━━━━━━━━━━━━━━━━━━━━━━━━━━━━━━━━━━[39m
2025-11-25 20:59:59:5959 [32minfo[39m: [32m🔧 Checking service configurations...[39m
2025-11-25 20:59:59:5959 [32minfo[39m: [32m  ✅ Cloudflare R2 configured[39m
2025-11-25 20:59:59:5959 [32minfo[39m: [32m  ✅ JWT authentication configured[39m
2025-11-25 20:59:59:5959 [32minfo[39m: [32m  ✅ CORS configured (2 origins)[39m
2025-11-25 20:59:59:5959 [32minfo[39m: [32m✅ Service configurations checked[39m
2025-11-25 20:59:59:5959 [32minfo[39m: [32m[39m
[32m━━━━━━━━━━━━━━━━━━━━━━━━━━━━━━━━━━━━━━━━━━━━━━━━━━━━━━━━━[39m
2025-11-25 20:59:59:5959 [32minfo[39m: [32mSTEP 4: System Information[39m
2025-11-25 20:59:59:5959 [32minfo[39m: [32m━━━━━━━━━━━━━━━━━━━━━━━━━━━━━━━━━━━━━━━━━━━━━━━━━━━━━━━━━[39m
2025-11-25 20:59:59:5959 [32minfo[39m: [32m📊 System Information:[39m
2025-11-25 20:59:59:5959 [32minfo[39m: [32m  • Node.js: v22.20.0[39m
2025-11-25 20:59:59:5959 [32minfo[39m: [32m  • Platform: linux[39m
2025-11-25 20:59:59:5959 [32minfo[39m: [32m  • Architecture: x64[39m
2025-11-25 20:59:59:5959 [32minfo[39m: [32m  • Memory: 67MB[39m
2025-11-25 20:59:59:5959 [32minfo[39m: [32m  • Environment: development[39m
2025-11-25 20:59:59:5959 [32minfo[39m: [32m  • Port: 3000[39m
2025-11-25 20:59:59:5959 [32minfo[39m: [32m[39m
[32m━━━━━━━━━━━━━━━━━━━━━━━━━━━━━━━━━━━━━━━━━━━━━━━━━━━━━━━━━[39m
2025-11-25 20:59:59:5959 [32minfo[39m: [32mSTEP 5: Starting HTTP Server[39m
2025-11-25 20:59:59:5959 [32minfo[39m: [32m━━━━━━━━━━━━━━━━━━━━━━━━━━━━━━━━━━━━━━━━━━━━━━━━━━━━━━━━━[39m
2025-11-25 20:59:59:5959 [32minfo[39m: [32m[39m
[32m🚀 Server started successfully![39m
2025-11-25 20:59:59:5959 [32minfo[39m: [32m[39m
[32m📍 Endpoints:[39m
2025-11-25 20:59:59:5959 [32minfo[39m: [32m   • Health Check: http://localhost:3000/health[39m
2025-11-25 20:59:59:5959 [32minfo[39m: [32m   • API Info:     http://localhost:3000/api[39m
2025-11-25 20:59:59:5959 [32minfo[39m: [32m   • API Base:     http://localhost:3000/api/*[39m
2025-11-25 20:59:59:5959 [32minfo[39m: [32m[39m
[32m🔧 Services Status:[39m
2025-11-25 20:59:59:5959 [32minfo[39m: [32m   • Database:     ✅ Connected[39m
2025-11-25 20:59:59:5959 [32minfo[39m: [32m   • Cache:        ✅ Connected[39m
2025-11-25 20:59:59:5959 [32minfo[39m: [32m   • Analytics:    ✅ Connected[39m
2025-11-25 20:59:59:5959 [32minfo[39m: [32m[39m
[32m━━━━━━━━━━━━━━━━━━━━━━━━━━━━━━━━━━━━━━━━━━━━━━━━━━━━━━━━━[39m
2025-11-25 20:59:59:5959 [32minfo[39m: [32m✅ FreeTune Backend is ready to serve requests![39m
2025-11-25 20:59:59:5959 [32minfo[39m: [32m━━━━━━━━━━━━━━━━━━━━━━━━━━━━━━━━━━━━━━━━━━━━━━━━━━━━━━━━━[39m
[32m[39m
2025-11-25 21:01:35:135 [33mwarn[39m: [33mLogin failed for tarun1sisodia@gmail.com: Invalid login credentials[39m
2025-11-25 21:01:35:135 [31merror[39m: [31mError: Invalid email or password[39m
2025-11-25 21:01:42:142 [33mwarn[39m: [33mLogin failed for tarun1sisodia@gmail.com: Invalid login credentials[39m
2025-11-25 21:01:42:142 [31merror[39m: [31mError: Invalid email or password[39m
2025-11-25 21:01:50:150 [33mwarn[39m: [33mUser preferences not found, creating defaults[39m
2025-11-25 21:01:51:151 [32minfo[39m: [32mUser logged in successfully: tarun1sisodia@gmail.com[39m
2025-11-25 21:03:30:330 [32minfo[39m: [32mSupabase admin client initialized[39m
2025-11-25 21:03:30:330 [37mdebug[39m: [37mExtracting audio duration from buffer[39m
2025-11-25 21:03:31:331 [32minfo[39m: [32mAudio duration extracted: 283128ms (283s)[39m
2025-11-25 21:03:31:331 [32minfo[39m: [32mUsing duration: 283128ms for song "one"[39m
2025-11-25 21:03:31:331 [32minfo[39m: [32mR2 S3 client initialized successfully[39m
2025-11-25 21:03:38:338 [32minfo[39m: [32mFile uploaded successfully: original/1764084811108-b01dbf8ad114a78d-One_Thousand_Miles_Full_AUDIO_Song_____Yo_Yo_Honey_Singh__Desi_Kalakaar__Honey_Singh_New_Songs_2014.mp3[39m
2025-11-25 21:56:32:5632 [37mdebug[39m: [37mExtracting audio duration from buffer[39m
2025-11-25 21:56:32:5632 [32minfo[39m: [32mAudio duration extracted: 283128ms (283s)[39m
2025-11-25 21:56:32:5632 [32minfo[39m: [32mUsing duration: 283128ms for song "one thousand miles"[39m
2025-11-25 21:56:48:5648 [32minfo[39m: [32mFile uploaded successfully: original/1764087992923-eef972eafbc0aba4-One_Thousand_Miles_Full_AUDIO_Song_____Yo_Yo_Honey_Singh__Desi_Kalakaar__Honey_Singh_New_Songs_2014.mp3[39m
2025-11-25 22:16:20:1620 [31merror[39m: [31mError: Invalid or expired token[39m
2025-11-25 22:17:08:178 [32minfo[39m: [32m[39m
[32mSIGINT received. Starting graceful shutdown...[39m
2025-11-25 22:17:10:1710 [32minfo[39m: [32m━━━━━━━━━━━━━━━━━━━━━━━━━━━━━━━━━━━━━━━━━━━━━━━━━━━━━━━━━[39m
2025-11-25 22:17:10:1710 [32minfo[39m: [32mSTEP 1: Environment Validation[39m
2025-11-25 22:17:10:1710 [32minfo[39m: [32m━━━━━━━━━━━━━━━━━━━━━━━━━━━━━━━━━━━━━━━━━━━━━━━━━━━━━━━━━[39m
2025-11-25 22:17:10:1710 [32minfo[39m: [32m🔍 Validating environment variables...[39m
2025-11-25 22:17:10:1710 [32minfo[39m: [32m✅ Environment variables validated[39m
2025-11-25 22:17:10:1710 [32minfo[39m: [32m[39m
[32m━━━━━━━━━━━━━━━━━━━━━━━━━━━━━━━━━━━━━━━━━━━━━━━━━━━━━━━━━[39m
2025-11-25 22:17:10:1710 [32minfo[39m: [32mSTEP 2: Database Connections[39m
2025-11-25 22:17:10:1710 [32minfo[39m: [32m━━━━━━━━━━━━━━━━━━━━━━━━━━━━━━━━━━━━━━━━━━━━━━━━━━━━━━━━━[39m
2025-11-25 22:17:10:1710 [32minfo[39m: [32m🔌 Checking database connections...[39m
2025-11-25 22:17:10:1710 [32minfo[39m: [32mSupabase client initialized[39m
2025-11-25 22:17:12:1712 [32minfo[39m: [32m  ✅ Supabase (PostgreSQL) connected[39m
2025-11-25 22:17:12:1712 [32minfo[39m: [32mUpstash Redis initialized[39m
2025-11-25 22:17:12:1712 [32minfo[39m: [32m  ✅ Redis (Upstash) connected[39m
2025-11-25 22:17:14:1714 [32minfo[39m: [32mMongoose (MongoDB) connected successfully[39m
2025-11-25 22:17:14:1714 [32minfo[39m: [32m  ✅ MongoDB (Mongoose) connected[39m
2025-11-25 22:17:14:1714 [32minfo[39m: [32m[39m
[32m━━━━━━━━━━━━━━━━━━━━━━━━━━━━━━━━━━━━━━━━━━━━━━━━━━━━━━━━━[39m
2025-11-25 22:17:14:1714 [32minfo[39m: [32mSTEP 3: Service Configuration[39m
2025-11-25 22:17:14:1714 [32minfo[39m: [32m━━━━━━━━━━━━━━━━━━━━━━━━━━━━━━━━━━━━━━━━━━━━━━━━━━━━━━━━━[39m
2025-11-25 22:17:14:1714 [32minfo[39m: [32m🔧 Checking service configurations...[39m
2025-11-25 22:17:14:1714 [32minfo[39m: [32m  ✅ Cloudflare R2 configured[39m
2025-11-25 22:17:14:1714 [32minfo[39m: [32m  ✅ JWT authentication configured[39m
2025-11-25 22:17:14:1714 [32minfo[39m: [32m  ✅ CORS configured (2 origins)[39m
2025-11-25 22:17:14:1714 [32minfo[39m: [32m✅ Service configurations checked[39m
2025-11-25 22:17:14:1714 [32minfo[39m: [32m[39m
[32m━━━━━━━━━━━━━━━━━━━━━━━━━━━━━━━━━━━━━━━━━━━━━━━━━━━━━━━━━[39m
2025-11-25 22:17:14:1714 [32minfo[39m: [32mSTEP 4: System Information[39m
2025-11-25 22:17:14:1714 [32minfo[39m: [32m━━━━━━━━━━━━━━━━━━━━━━━━━━━━━━━━━━━━━━━━━━━━━━━━━━━━━━━━━[39m
2025-11-25 22:17:14:1714 [32minfo[39m: [32m📊 System Information:[39m
2025-11-25 22:17:14:1714 [32minfo[39m: [32m  • Node.js: v22.20.0[39m
2025-11-25 22:17:14:1714 [32minfo[39m: [32m  • Platform: linux[39m
2025-11-25 22:17:14:1714 [32minfo[39m: [32m  • Architecture: x64[39m
2025-11-25 22:17:14:1714 [32minfo[39m: [32m  • Memory: 67MB[39m
2025-11-25 22:17:14:1714 [32minfo[39m: [32m  • Environment: development[39m
2025-11-25 22:17:14:1714 [32minfo[39m: [32m  • Port: 3000[39m
2025-11-25 22:17:14:1714 [32minfo[39m: [32m[39m
[32m━━━━━━━━━━━━━━━━━━━━━━━━━━━━━━━━━━━━━━━━━━━━━━━━━━━━━━━━━[39m
2025-11-25 22:17:14:1714 [32minfo[39m: [32mSTEP 5: Starting HTTP Server[39m
2025-11-25 22:17:14:1714 [32minfo[39m: [32m━━━━━━━━━━━━━━━━━━━━━━━━━━━━━━━━━━━━━━━━━━━━━━━━━━━━━━━━━[39m
2025-11-25 22:17:14:1714 [32minfo[39m: [32m[39m
[32m🚀 Server started successfully![39m
2025-11-25 22:17:14:1714 [32minfo[39m: [32m[39m
[32m📍 Endpoints:[39m
2025-11-25 22:17:14:1714 [32minfo[39m: [32m   • Health Check: http://localhost:3000/health[39m
2025-11-25 22:17:14:1714 [32minfo[39m: [32m   • API Info:     http://localhost:3000/api[39m
2025-11-25 22:17:14:1714 [32minfo[39m: [32m   • API Base:     http://localhost:3000/api/*[39m
2025-11-25 22:17:14:1714 [32minfo[39m: [32m[39m
[32m🔧 Services Status:[39m
2025-11-25 22:17:14:1714 [32minfo[39m: [32m   • Database:     ✅ Connected[39m
2025-11-25 22:17:14:1714 [32minfo[39m: [32m   • Cache:        ✅ Connected[39m
2025-11-25 22:17:14:1714 [32minfo[39m: [32m   • Analytics:    ✅ Connected[39m
2025-11-25 22:17:14:1714 [32minfo[39m: [32m[39m
[32m━━━━━━━━━━━━━━━━━━━━━━━━━━━━━━━━━━━━━━━━━━━━━━━━━━━━━━━━━[39m
2025-11-25 22:17:14:1714 [32minfo[39m: [32m✅ FreeTune Backend is ready to serve requests![39m
2025-11-25 22:17:14:1714 [32minfo[39m: [32m━━━━━━━━━━━━━━━━━━━━━━━━━━━━━━━━━━━━━━━━━━━━━━━━━━━━━━━━━[39m
[32m[39m
2025-11-25 22:17:43:1743 [33mwarn[39m: [33mUser preferences not found, creating defaults it is at auth.service.js[39m
2025-11-25 22:17:43:1743 [32minfo[39m: [32mUser logged in successfully: tarun1sisodia@gmail.com[39m
2025-11-25 22:17:45:1745 [37mdebug[39m: [37mCache MISS: popular:songs:page:1:limit:20[39m
2025-11-25 22:17:45:1745 [37mdebug[39m: [37mCache MISS: Fetching popular songs page 1 from DB[39m
2025-11-25 22:33:24:3324 [32minfo[39m: [32m[39m
[32mSIGINT received. Starting graceful shutdown...[39m
2025-11-26 14:47:09:479 [32minfo[39m: [32m━━━━━━━━━━━━━━━━━━━━━━━━━━━━━━━━━━━━━━━━━━━━━━━━━━━━━━━━━[39m
2025-11-26 14:47:09:479 [32minfo[39m: [32mSTEP 1: Environment Validation[39m
2025-11-26 14:47:09:479 [32minfo[39m: [32m━━━━━━━━━━━━━━━━━━━━━━━━━━━━━━━━━━━━━━━━━━━━━━━━━━━━━━━━━[39m
2025-11-26 14:47:09:479 [32minfo[39m: [32m🔍 Validating environment variables...[39m
2025-11-26 14:47:09:479 [32minfo[39m: [32m✅ Environment variables validated[39m
2025-11-26 14:47:09:479 [32minfo[39m: [32m[39m
[32m━━━━━━━━━━━━━━━━━━━━━━━━━━━━━━━━━━━━━━━━━━━━━━━━━━━━━━━━━[39m
2025-11-26 14:47:09:479 [32minfo[39m: [32mSTEP 2: Database Connections[39m
2025-11-26 14:47:09:479 [32minfo[39m: [32m━━━━━━━━━━━━━━━━━━━━━━━━━━━━━━━━━━━━━━━━━━━━━━━━━━━━━━━━━[39m
2025-11-26 14:47:09:479 [32minfo[39m: [32m🔌 Checking database connections...[39m
2025-11-26 14:47:09:479 [32minfo[39m: [32mSupabase client initialized[39m
2025-11-26 14:47:10:4710 [32minfo[39m: [32m  ✅ Supabase (PostgreSQL) connected[39m
2025-11-26 14:47:10:4710 [32minfo[39m: [32mUpstash Redis initialized[39m
2025-11-26 14:47:11:4711 [32minfo[39m: [32m  ✅ Redis (Upstash) connected[39m
2025-11-26 14:47:16:4716 [31merror[39m: [31mMongoose connection error: Server selection timed out after 5000 ms[39m
2025-11-26 14:47:16:4716 [31merror[39m: [31m  ❌ MongoDB (Mongoose) URI set but connection failed[39m
2025-11-26 14:47:16:4716 [32minfo[39m: [32m[39m
[32m━━━━━━━━━━━━━━━━━━━━━━━━━━━━━━━━━━━━━━━━━━━━━━━━━━━━━━━━━[39m
2025-11-26 14:47:16:4716 [32minfo[39m: [32mSTEP 3: Service Configuration[39m
2025-11-26 14:47:16:4716 [32minfo[39m: [32m━━━━━━━━━━━━━━━━━━━━━━━━━━━━━━━━━━━━━━━━━━━━━━━━━━━━━━━━━[39m
2025-11-26 14:47:16:4716 [32minfo[39m: [32m🔧 Checking service configurations...[39m
2025-11-26 14:47:16:4716 [32minfo[39m: [32m  ✅ Cloudflare R2 configured[39m
2025-11-26 14:47:16:4716 [32minfo[39m: [32m  ✅ JWT authentication configured[39m
2025-11-26 14:47:16:4716 [32minfo[39m: [32m  ✅ CORS configured (2 origins)[39m
2025-11-26 14:47:16:4716 [32minfo[39m: [32m✅ Service configurations checked[39m
2025-11-26 14:47:16:4716 [32minfo[39m: [32m[39m
[32m━━━━━━━━━━━━━━━━━━━━━━━━━━━━━━━━━━━━━━━━━━━━━━━━━━━━━━━━━[39m
2025-11-26 14:47:16:4716 [32minfo[39m: [32mSTEP 4: System Information[39m
2025-11-26 14:47:16:4716 [32minfo[39m: [32m━━━━━━━━━━━━━━━━━━━━━━━━━━━━━━━━━━━━━━━━━━━━━━━━━━━━━━━━━[39m
2025-11-26 14:47:16:4716 [32minfo[39m: [32m📊 System Information:[39m
2025-11-26 14:47:16:4716 [32minfo[39m: [32m  • Node.js: v22.20.0[39m
2025-11-26 14:47:16:4716 [32minfo[39m: [32m  • Platform: linux[39m
2025-11-26 14:47:16:4716 [32minfo[39m: [32m  • Architecture: x64[39m
2025-11-26 14:47:16:4716 [32minfo[39m: [32m  • Memory: 65MB[39m
2025-11-26 14:47:16:4716 [32minfo[39m: [32m  • Environment: development[39m
2025-11-26 14:47:16:4716 [32minfo[39m: [32m  • Port: 3000[39m
2025-11-26 14:47:16:4716 [32minfo[39m: [32m[39m
[32m━━━━━━━━━━━━━━━━━━━━━━━━━━━━━━━━━━━━━━━━━━━━━━━━━━━━━━━━━[39m
2025-11-26 14:47:16:4716 [32minfo[39m: [32mSTEP 5: Starting HTTP Server[39m
2025-11-26 14:47:16:4716 [32minfo[39m: [32m━━━━━━━━━━━━━━━━━━━━━━━━━━━━━━━━━━━━━━━━━━━━━━━━━━━━━━━━━[39m
2025-11-26 14:47:16:4716 [32minfo[39m: [32m[39m
[32m🚀 Server started successfully![39m
2025-11-26 14:47:16:4716 [32minfo[39m: [32m[39m
[32m📍 Endpoints:[39m
2025-11-26 14:47:16:4716 [32minfo[39m: [32m   • Health Check: http://localhost:3000/health[39m
2025-11-26 14:47:16:4716 [32minfo[39m: [32m   • API Info:     http://localhost:3000/api[39m
2025-11-26 14:47:16:4716 [32minfo[39m: [32m   • API Base:     http://localhost:3000/api/*[39m
2025-11-26 14:47:16:4716 [32minfo[39m: [32m[39m
[32m🔧 Services Status:[39m
2025-11-26 14:47:16:4716 [32minfo[39m: [32m   • Database:     ✅ Connected[39m
2025-11-26 14:47:16:4716 [32minfo[39m: [32m   • Cache:        ✅ Connected[39m
2025-11-26 14:47:16:4716 [32minfo[39m: [32m   • Analytics:    ⚠️  Disabled[39m
2025-11-26 14:47:16:4716 [32minfo[39m: [32m[39m
[32m━━━━━━━━━━━━━━━━━━━━━━━━━━━━━━━━━━━━━━━━━━━━━━━━━━━━━━━━━[39m
2025-11-26 14:47:16:4716 [32minfo[39m: [32m✅ FreeTune Backend is ready to serve requests![39m
2025-11-26 14:47:16:4716 [32minfo[39m: [32m━━━━━━━━━━━━━━━━━━━━━━━━━━━━━━━━━━━━━━━━━━━━━━━━━━━━━━━━━[39m
[32m[39m
2025-11-26 14:49:30:4930 [33mwarn[39m: [33mUser preferences not found, creating defaults it is at auth.service.js[39m
2025-11-26 14:49:30:4930 [37mdebug[39m: [37mRefresh token cached for user: a7db039c-7535-4265-9954-3e4464d74eec[39m
2025-11-26 14:49:31:4931 [37mdebug[39m: [37mUser data cached for user: a7db039c-7535-4265-9954-3e4464d74eec[39m
2025-11-26 14:49:31:4931 [32minfo[39m: [32mUser logged in successfully: tarun1sisodia@gmail.com[39m
2025-11-26 14:49:32:4932 [31merror[39m: [31mError in getRecentlyPlayed controller: CACHE_KEYS is not defined[39m
2025-11-26 14:49:32:4932 [31merror[39m: [31mError: Internal server error[39m
2025-11-26 14:49:32:4932 [37mdebug[39m: [37mCache MISS: popular:songs:page:1:limit:20[39m
2025-11-26 14:49:32:4932 [37mdebug[39m: [37mCache MISS: Fetching popular songs page 1 from DB[39m
2025-11-26 14:50:44:5044 [31merror[39m: [31mError in getRecentlyPlayed controller: CACHE_KEYS is not defined[39m
2025-11-26 14:50:44:5044 [31merror[39m: [31mError: Internal server error[39m
2025-11-26 14:50:45:5045 [37mdebug[39m: [37mCache MISS: popular:songs:page:1:limit:20[39m
2025-11-26 14:50:45:5045 [37mdebug[39m: [37mCache MISS: Fetching popular songs page 1 from DB[39m
2025-11-26 14:57:10:5710 [37mdebug[39m: [37mCache HIT: user:a7db039c-7535-4265-9954-3e4464d74eec[39m
2025-11-26 14:57:10:5710 [31merror[39m: [31mGet user error: "[object Object]" is not valid JSON[39m
2025-11-26 14:57:10:5710 [31merror[39m: [31mError: Failed to retrieve user[39m
2025-11-26 14:58:09:589 [33mwarn[39m: [33mUser preferences not found, creating defaults it is at auth.service.js[39m
2025-11-26 14:58:14:5814 [37mdebug[39m: [37mRefresh token cached for user: a7db039c-7535-4265-9954-3e4464d74eec[39m
2025-11-26 14:58:14:5814 [37mdebug[39m: [37mUser data cached for user: a7db039c-7535-4265-9954-3e4464d74eec[39m
2025-11-26 14:58:14:5814 [32minfo[39m: [32mUser logged in successfully: tarun1sisodia@gmail.com[39m
2025-11-26 14:58:15:5815 [31merror[39m: [31mError in getRecentlyPlayed controller: CACHE_KEYS is not defined[39m
2025-11-26 14:58:15:5815 [31merror[39m: [31mError: Internal server error[39m
2025-11-26 14:58:16:5816 [37mdebug[39m: [37mCache MISS: popular:songs:page:1:limit:20[39m
2025-11-26 14:58:16:5816 [37mdebug[39m: [37mCache MISS: Fetching popular songs page 1 from DB[39m
2025-11-26 15:03:36:336 [32minfo[39m: [32m━━━━━━━━━━━━━━━━━━━━━━━━━━━━━━━━━━━━━━━━━━━━━━━━━━━━━━━━━[39m
2025-11-26 15:03:36:336 [32minfo[39m: [32mSTEP 1: Environment Validation[39m
2025-11-26 15:03:36:336 [32minfo[39m: [32m━━━━━━━━━━━━━━━━━━━━━━━━━━━━━━━━━━━━━━━━━━━━━━━━━━━━━━━━━[39m
2025-11-26 15:03:36:336 [32minfo[39m: [32m🔍 Validating environment variables...[39m
2025-11-26 15:03:36:336 [32minfo[39m: [32m✅ Environment variables validated[39m
2025-11-26 15:03:36:336 [32minfo[39m: [32m[39m
[32m━━━━━━━━━━━━━━━━━━━━━━━━━━━━━━━━━━━━━━━━━━━━━━━━━━━━━━━━━[39m
2025-11-26 15:03:36:336 [32minfo[39m: [32mSTEP 2: Database Connections[39m
2025-11-26 15:03:36:336 [32minfo[39m: [32m━━━━━━━━━━━━━━━━━━━━━━━━━━━━━━━━━━━━━━━━━━━━━━━━━━━━━━━━━[39m
2025-11-26 15:03:36:336 [32minfo[39m: [32m🔌 Checking database connections...[39m
2025-11-26 15:03:36:336 [32minfo[39m: [32mSupabase client initialized[39m
2025-11-26 15:03:48:348 [32minfo[39m: [32m  ✅ Supabase (PostgreSQL) connected[39m
2025-11-26 15:03:48:348 [32minfo[39m: [32mUpstash Redis initialized[39m
2025-11-26 15:03:55:355 [32minfo[39m: [32m  ✅ Redis (Upstash) connected[39m
2025-11-26 15:04:01:41 [31merror[39m: [31mMongoose connection error: Could not connect to any servers in your MongoDB Atlas cluster. One common reason is that you're trying to access the database from an IP that isn't whitelisted. Make sure your current IP address is on your Atlas cluster's IP whitelist: https://www.mongodb.com/docs/atlas/security-whitelist/[39m
2025-11-26 15:04:01:41 [31merror[39m: [31m  ❌ MongoDB (Mongoose) URI set but connection failed[39m
2025-11-26 15:04:01:41 [32minfo[39m: [32m[39m
[32m━━━━━━━━━━━━━━━━━━━━━━━━━━━━━━━━━━━━━━━━━━━━━━━━━━━━━━━━━[39m
2025-11-26 15:04:01:41 [32minfo[39m: [32mSTEP 3: Service Configuration[39m
2025-11-26 15:04:01:41 [32minfo[39m: [32m━━━━━━━━━━━━━━━━━━━━━━━━━━━━━━━━━━━━━━━━━━━━━━━━━━━━━━━━━[39m
2025-11-26 15:04:01:41 [32minfo[39m: [32m🔧 Checking service configurations...[39m
2025-11-26 15:04:01:41 [32minfo[39m: [32m  ✅ Cloudflare R2 configured[39m
2025-11-26 15:04:01:41 [32minfo[39m: [32m  ✅ JWT authentication configured[39m
2025-11-26 15:04:01:41 [32minfo[39m: [32m  ✅ CORS configured (2 origins)[39m
2025-11-26 15:04:01:41 [32minfo[39m: [32m✅ Service configurations checked[39m
2025-11-26 15:04:01:41 [32minfo[39m: [32m[39m
[32m━━━━━━━━━━━━━━━━━━━━━━━━━━━━━━━━━━━━━━━━━━━━━━━━━━━━━━━━━[39m
2025-11-26 15:04:01:41 [32minfo[39m: [32mSTEP 4: System Information[39m
2025-11-26 15:04:01:41 [32minfo[39m: [32m━━━━━━━━━━━━━━━━━━━━━━━━━━━━━━━━━━━━━━━━━━━━━━━━━━━━━━━━━[39m
2025-11-26 15:04:01:41 [32minfo[39m: [32m📊 System Information:[39m
2025-11-26 15:04:01:41 [32minfo[39m: [32m  • Node.js: v22.20.0[39m
2025-11-26 15:04:01:41 [32minfo[39m: [32m  • Platform: linux[39m
2025-11-26 15:04:01:41 [32minfo[39m: [32m  • Architecture: x64[39m
2025-11-26 15:04:01:41 [32minfo[39m: [32m  • Memory: 36MB[39m
2025-11-26 15:04:01:41 [32minfo[39m: [32m  • Environment: development[39m
2025-11-26 15:04:01:41 [32minfo[39m: [32m  • Port: 3000[39m
2025-11-26 15:04:01:41 [32minfo[39m: [32m[39m
[32m━━━━━━━━━━━━━━━━━━━━━━━━━━━━━━━━━━━━━━━━━━━━━━━━━━━━━━━━━[39m
2025-11-26 15:04:01:41 [32minfo[39m: [32mSTEP 5: Starting HTTP Server[39m
2025-11-26 15:04:01:41 [32minfo[39m: [32m━━━━━━━━━━━━━━━━━━━━━━━━━━━━━━━━━━━━━━━━━━━━━━━━━━━━━━━━━[39m
2025-11-26 15:04:01:41 [32minfo[39m: [32m[39m
[32m🚀 Server started successfully![39m
2025-11-26 15:04:01:41 [32minfo[39m: [32m[39m
[32m📍 Endpoints:[39m
2025-11-26 15:04:01:41 [32minfo[39m: [32m   • Health Check: http://localhost:3000/health[39m
2025-11-26 15:04:01:41 [32minfo[39m: [32m   • API Info:     http://localhost:3000/api[39m
2025-11-26 15:04:01:41 [32minfo[39m: [32m   • API Base:     http://localhost:3000/api/*[39m
2025-11-26 15:04:01:41 [32minfo[39m: [32m[39m
[32m🔧 Services Status:[39m
2025-11-26 15:04:01:41 [32minfo[39m: [32m   • Database:     ✅ Connected[39m
2025-11-26 15:04:01:41 [32minfo[39m: [32m   • Cache:        ✅ Connected[39m
2025-11-26 15:04:01:41 [32minfo[39m: [32m   • Analytics:    ⚠️  Disabled[39m
2025-11-26 15:04:01:41 [32minfo[39m: [32m[39m
[32m━━━━━━━━━━━━━━━━━━━━━━━━━━━━━━━━━━━━━━━━━━━━━━━━━━━━━━━━━[39m
2025-11-26 15:04:01:41 [32minfo[39m: [32m✅ FreeTune Backend is ready to serve requests![39m
2025-11-26 15:04:01:41 [32minfo[39m: [32m━━━━━━━━━━━━━━━━━━━━━━━━━━━━━━━━━━━━━━━━━━━━━━━━━━━━━━━━━[39m
[32m[39m
2025-11-26 15:05:44:544 [32minfo[39m: [32m━━━━━━━━━━━━━━━━━━━━━━━━━━━━━━━━━━━━━━━━━━━━━━━━━━━━━━━━━[39m
2025-11-26 15:05:44:544 [32minfo[39m: [32mSTEP 1: Environment Validation[39m
2025-11-26 15:05:44:544 [32minfo[39m: [32m━━━━━━━━━━━━━━━━━━━━━━━━━━━━━━━━━━━━━━━━━━━━━━━━━━━━━━━━━[39m
2025-11-26 15:05:44:544 [32minfo[39m: [32m🔍 Validating environment variables...[39m
2025-11-26 15:05:44:544 [32minfo[39m: [32m✅ Environment variables validated[39m
2025-11-26 15:05:44:544 [32minfo[39m: [32m[39m
[32m━━━━━━━━━━━━━━━━━━━━━━━━━━━━━━━━━━━━━━━━━━━━━━━━━━━━━━━━━[39m
2025-11-26 15:05:44:544 [32minfo[39m: [32mSTEP 2: Database Connections[39m
2025-11-26 15:05:44:544 [32minfo[39m: [32m━━━━━━━━━━━━━━━━━━━━━━━━━━━━━━━━━━━━━━━━━━━━━━━━━━━━━━━━━[39m
2025-11-26 15:05:44:544 [32minfo[39m: [32m🔌 Checking database connections...[39m
2025-11-26 15:05:44:544 [32minfo[39m: [32mSupabase client initialized[39m
2025-11-26 15:05:45:545 [32minfo[39m: [32m━━━━━━━━━━━━━━━━━━━━━━━━━━━━━━━━━━━━━━━━━━━━━━━━━━━━━━━━━[39m
2025-11-26 15:05:45:545 [32minfo[39m: [32mSTEP 1: Environment Validation[39m
2025-11-26 15:05:45:545 [32minfo[39m: [32m━━━━━━━━━━━━━━━━━━━━━━━━━━━━━━━━━━━━━━━━━━━━━━━━━━━━━━━━━[39m
2025-11-26 15:05:45:545 [32minfo[39m: [32m🔍 Validating environment variables...[39m
2025-11-26 15:05:45:545 [32minfo[39m: [32m✅ Environment variables validated[39m
2025-11-26 15:05:45:545 [32minfo[39m: [32m[39m
[32m━━━━━━━━━━━━━━━━━━━━━━━━━━━━━━━━━━━━━━━━━━━━━━━━━━━━━━━━━[39m
2025-11-26 15:05:45:545 [32minfo[39m: [32mSTEP 2: Database Connections[39m
2025-11-26 15:05:45:545 [32minfo[39m: [32m━━━━━━━━━━━━━━━━━━━━━━━━━━━━━━━━━━━━━━━━━━━━━━━━━━━━━━━━━[39m
2025-11-26 15:05:45:545 [32minfo[39m: [32m🔌 Checking database connections...[39m
2025-11-26 15:05:45:545 [32minfo[39m: [32mSupabase client initialized[39m
2025-11-26 15:05:46:546 [32minfo[39m: [32m  ✅ Supabase (PostgreSQL) connected[39m
2025-11-26 15:05:46:546 [32minfo[39m: [32mUpstash Redis initialized[39m
2025-11-26 15:05:47:547 [32minfo[39m: [32m  ✅ Redis (Upstash) connected[39m
2025-11-26 15:05:48:548 [32minfo[39m: [32mMongoose (MongoDB) connected successfully[39m
2025-11-26 15:05:48:548 [32minfo[39m: [32m  ✅ MongoDB (Mongoose) connected[39m
2025-11-26 15:05:48:548 [32minfo[39m: [32m[39m
[32m━━━━━━━━━━━━━━━━━━━━━━━━━━━━━━━━━━━━━━━━━━━━━━━━━━━━━━━━━[39m
2025-11-26 15:05:48:548 [32minfo[39m: [32mSTEP 3: Service Configuration[39m
2025-11-26 15:05:48:548 [32minfo[39m: [32m━━━━━━━━━━━━━━━━━━━━━━━━━━━━━━━━━━━━━━━━━━━━━━━━━━━━━━━━━[39m
2025-11-26 15:05:48:548 [32minfo[39m: [32m🔧 Checking service configurations...[39m
2025-11-26 15:05:48:548 [32minfo[39m: [32m  ✅ Cloudflare R2 configured[39m
2025-11-26 15:05:48:548 [32minfo[39m: [32m  ✅ JWT authentication configured[39m
2025-11-26 15:05:48:548 [32minfo[39m: [32m  ✅ CORS configured (2 origins)[39m
2025-11-26 15:05:48:548 [32minfo[39m: [32m✅ Service configurations checked[39m
2025-11-26 15:05:48:548 [32minfo[39m: [32m[39m
[32m━━━━━━━━━━━━━━━━━━━━━━━━━━━━━━━━━━━━━━━━━━━━━━━━━━━━━━━━━[39m
2025-11-26 15:05:48:548 [32minfo[39m: [32mSTEP 4: System Information[39m
2025-11-26 15:05:48:548 [32minfo[39m: [32m━━━━━━━━━━━━━━━━━━━━━━━━━━━━━━━━━━━━━━━━━━━━━━━━━━━━━━━━━[39m
2025-11-26 15:05:48:548 [32minfo[39m: [32m📊 System Information:[39m
2025-11-26 15:05:48:548 [32minfo[39m: [32m  • Node.js: v22.20.0[39m
2025-11-26 15:05:48:548 [32minfo[39m: [32m  • Platform: linux[39m
2025-11-26 15:05:48:548 [32minfo[39m: [32m  • Architecture: x64[39m
2025-11-26 15:05:48:548 [32minfo[39m: [32m  • Memory: 64MB[39m
2025-11-26 15:05:48:548 [32minfo[39m: [32m  • Environment: development[39m
2025-11-26 15:05:48:548 [32minfo[39m: [32m  • Port: 3000[39m
2025-11-26 15:05:48:548 [32minfo[39m: [32m[39m
[32m━━━━━━━━━━━━━━━━━━━━━━━━━━━━━━━━━━━━━━━━━━━━━━━━━━━━━━━━━[39m
2025-11-26 15:05:48:548 [32minfo[39m: [32mSTEP 5: Starting HTTP Server[39m
2025-11-26 15:05:48:548 [32minfo[39m: [32m━━━━━━━━━━━━━━━━━━━━━━━━━━━━━━━━━━━━━━━━━━━━━━━━━━━━━━━━━[39m
2025-11-26 15:05:48:548 [32minfo[39m: [32m[39m
[32m🚀 Server started successfully![39m
2025-11-26 15:05:48:548 [32minfo[39m: [32m[39m
[32m📍 Endpoints:[39m
2025-11-26 15:05:48:548 [32minfo[39m: [32m   • Health Check: http://localhost:3000/health[39m
2025-11-26 15:05:48:548 [32minfo[39m: [32m   • API Info:     http://localhost:3000/api[39m
2025-11-26 15:05:48:548 [32minfo[39m: [32m   • API Base:     http://localhost:3000/api/*[39m
2025-11-26 15:05:48:548 [32minfo[39m: [32m[39m
[32m🔧 Services Status:[39m
2025-11-26 15:05:48:548 [32minfo[39m: [32m   • Database:     ✅ Connected[39m
2025-11-26 15:05:48:548 [32minfo[39m: [32m   • Cache:        ✅ Connected[39m
2025-11-26 15:05:48:548 [32minfo[39m: [32m   • Analytics:    ✅ Connected[39m
2025-11-26 15:05:48:548 [32minfo[39m: [32m[39m
[32m━━━━━━━━━━━━━━━━━━━━━━━━━━━━━━━━━━━━━━━━━━━━━━━━━━━━━━━━━[39m
2025-11-26 15:05:48:548 [32minfo[39m: [32m✅ FreeTune Backend is ready to serve requests![39m
2025-11-26 15:05:48:548 [32minfo[39m: [32m━━━━━━━━━━━━━━━━━━━━━━━━━━━━━━━━━━━━━━━━━━━━━━━━━━━━━━━━━[39m
[32m[39m
2025-11-26 15:06:08:68 [37mdebug[39m: [37mCache HIT: user:a7db039c-7535-4265-9954-3e4464d74eec[39m
2025-11-26 15:06:11:611 [37mdebug[39m: [37mCache MISS: user:recent:a7db039c-7535-4265-9954-3e4464d74eec[39m
2025-11-26 15:06:11:611 [37mdebug[39m: [37mCache MISS: user:recent:a7db039c-7535-4265-9954-3e4464d74eec[39m
2025-11-26 15:06:11:611 [37mdebug[39m: [37mCache MISS: popular:songs:page:1:limit:20[39m
2025-11-26 15:06:11:611 [37mdebug[39m: [37mCache MISS: Fetching popular songs page 1 from DB[39m
2025-11-26 15:06:11:611 [37mdebug[39m: [37mCache SET: user:recent:a7db039c-7535-4265-9954-3e4464d74eec (TTL: 604800s)[39m
2025-11-26 15:06:11:611 [37mdebug[39m: [37mCache SET: user:recent:a7db039c-7535-4265-9954-3e4464d74eec (TTL: 604800s)[39m
2025-11-26 15:07:10:710 [32minfo[39m: [32mSupabase admin client initialized[39m
2025-11-26 15:07:10:710 [37mdebug[39m: [37mExtracting audio duration from buffer[39m
2025-11-26 15:07:10:710 [32minfo[39m: [32mAudio duration extracted: 283128ms (283s)[39m
2025-11-26 15:07:10:710 [32minfo[39m: [32mUsing duration: 283128ms for song "one"[39m
2025-11-26 15:07:10:710 [32minfo[39m: [32mR2 S3 client initialized successfully[39m
2025-11-26 15:09:46:946 [32minfo[39m: [32mFile uploaded successfully: original/1764149830677-153e29d4066bb14e-One_Thousand_Miles_Full_AUDIO_Song_____Yo_Yo_Honey_Singh__Desi_Kalakaar__Honey_Singh_New_Songs_2014.mp3[39m
2025-11-26 15:13:11:1311 [32minfo[39m: [32m[39m
[32mSIGINT received. Starting graceful shutdown...[39m
2025-11-26 15:13:17:1317 [32minfo[39m: [32m━━━━━━━━━━━━━━━━━━━━━━━━━━━━━━━━━━━━━━━━━━━━━━━━━━━━━━━━━[39m
2025-11-26 15:13:17:1317 [32minfo[39m: [32mSTEP 1: Environment Validation[39m
2025-11-26 15:13:17:1317 [32minfo[39m: [32m━━━━━━━━━━━━━━━━━━━━━━━━━━━━━━━━━━━━━━━━━━━━━━━━━━━━━━━━━[39m
2025-11-26 15:13:17:1317 [32minfo[39m: [32m🔍 Validating environment variables...[39m
2025-11-26 15:13:17:1317 [32minfo[39m: [32m✅ Environment variables validated[39m
2025-11-26 15:13:17:1317 [32minfo[39m: [32m[39m
[32m━━━━━━━━━━━━━━━━━━━━━━━━━━━━━━━━━━━━━━━━━━━━━━━━━━━━━━━━━[39m
2025-11-26 15:13:17:1317 [32minfo[39m: [32mSTEP 2: Database Connections[39m
2025-11-26 15:13:17:1317 [32minfo[39m: [32m━━━━━━━━━━━━━━━━━━━━━━━━━━━━━━━━━━━━━━━━━━━━━━━━━━━━━━━━━[39m
2025-11-26 15:13:17:1317 [32minfo[39m: [32m🔌 Checking database connections...[39m
2025-11-26 15:13:17:1317 [32minfo[39m: [32mSupabase client initialized[39m
2025-11-26 15:13:19:1319 [32minfo[39m: [32m  ✅ Supabase (PostgreSQL) connected[39m
2025-11-26 15:13:19:1319 [32minfo[39m: [32mUpstash Redis initialized[39m
2025-11-26 15:13:19:1319 [32minfo[39m: [32m  ✅ Redis (Upstash) connected[39m
2025-11-26 15:13:20:1320 [32minfo[39m: [32mMongoose (MongoDB) connected successfully[39m
2025-11-26 15:13:20:1320 [32minfo[39m: [32m  ✅ MongoDB (Mongoose) connected[39m
2025-11-26 15:13:20:1320 [32minfo[39m: [32m[39m
[32m━━━━━━━━━━━━━━━━━━━━━━━━━━━━━━━━━━━━━━━━━━━━━━━━━━━━━━━━━[39m
2025-11-26 15:13:20:1320 [32minfo[39m: [32mSTEP 3: Service Configuration[39m
2025-11-26 15:13:20:1320 [32minfo[39m: [32m━━━━━━━━━━━━━━━━━━━━━━━━━━━━━━━━━━━━━━━━━━━━━━━━━━━━━━━━━[39m
2025-11-26 15:13:20:1320 [32minfo[39m: [32m🔧 Checking service configurations...[39m
2025-11-26 15:13:20:1320 [32minfo[39m: [32m  ✅ Cloudflare R2 configured[39m
2025-11-26 15:13:20:1320 [32minfo[39m: [32m  ✅ JWT authentication configured[39m
2025-11-26 15:13:20:1320 [32minfo[39m: [32m  ✅ CORS configured (2 origins)[39m
2025-11-26 15:13:20:1320 [32minfo[39m: [32m✅ Service configurations checked[39m
2025-11-26 15:13:20:1320 [32minfo[39m: [32m[39m
[32m━━━━━━━━━━━━━━━━━━━━━━━━━━━━━━━━━━━━━━━━━━━━━━━━━━━━━━━━━[39m
2025-11-26 15:13:20:1320 [32minfo[39m: [32mSTEP 4: System Information[39m
2025-11-26 15:13:20:1320 [32minfo[39m: [32m━━━━━━━━━━━━━━━━━━━━━━━━━━━━━━━━━━━━━━━━━━━━━━━━━━━━━━━━━[39m
2025-11-26 15:13:20:1320 [32minfo[39m: [32m📊 System Information:[39m
2025-11-26 15:13:20:1320 [32minfo[39m: [32m  • Node.js: v22.20.0[39m
2025-11-26 15:13:20:1320 [32minfo[39m: [32m  • Platform: linux[39m
2025-11-26 15:13:20:1320 [32minfo[39m: [32m  • Architecture: x64[39m
2025-11-26 15:13:20:1320 [32minfo[39m: [32m  • Memory: 68MB[39m
2025-11-26 15:13:20:1320 [32minfo[39m: [32m  • Environment: development[39m
2025-11-26 15:13:20:1320 [32minfo[39m: [32m  • Port: 3000[39m
2025-11-26 15:13:20:1320 [32minfo[39m: [32m[39m
[32m━━━━━━━━━━━━━━━━━━━━━━━━━━━━━━━━━━━━━━━━━━━━━━━━━━━━━━━━━[39m
2025-11-26 15:13:20:1320 [32minfo[39m: [32mSTEP 5: Starting HTTP Server[39m
2025-11-26 15:13:20:1320 [32minfo[39m: [32m━━━━━━━━━━━━━━━━━━━━━━━━━━━━━━━━━━━━━━━━━━━━━━━━━━━━━━━━━[39m
2025-11-26 15:13:20:1320 [32minfo[39m: [32m[39m
[32m🚀 Server started successfully![39m
2025-11-26 15:13:20:1320 [32minfo[39m: [32m[39m
[32m📍 Endpoints:[39m
2025-11-26 15:13:20:1320 [32minfo[39m: [32m   • Health Check: http://localhost:3000/health[39m
2025-11-26 15:13:20:1320 [32minfo[39m: [32m   • API Info:     http://localhost:3000/api[39m
2025-11-26 15:13:20:1320 [32minfo[39m: [32m   • API Base:     http://localhost:3000/api/*[39m
2025-11-26 15:13:20:1320 [32minfo[39m: [32m[39m
[32m🔧 Services Status:[39m
2025-11-26 15:13:20:1320 [32minfo[39m: [32m   • Database:     ✅ Connected[39m
2025-11-26 15:13:20:1320 [32minfo[39m: [32m   • Cache:        ✅ Connected[39m
2025-11-26 15:13:20:1320 [32minfo[39m: [32m   • Analytics:    ✅ Connected[39m
2025-11-26 15:13:20:1320 [32minfo[39m: [32m[39m
[32m━━━━━━━━━━━━━━━━━━━━━━━━━━━━━━━━━━━━━━━━━━━━━━━━━━━━━━━━━[39m
2025-11-26 15:13:20:1320 [32minfo[39m: [32m✅ FreeTune Backend is ready to serve requests![39m
2025-11-26 15:13:20:1320 [32minfo[39m: [32m━━━━━━━━━━━━━━━━━━━━━━━━━━━━━━━━━━━━━━━━━━━━━━━━━━━━━━━━━[39m
[32m[39m
2025-11-26 15:13:23:1323 [37mdebug[39m: [37mCache HIT: user:a7db039c-7535-4265-9954-3e4464d74eec[39m
2025-11-26 15:13:28:1328 [37mdebug[39m: [37mCache MISS: popular:songs:page:1:limit:20[39m
2025-11-26 15:13:28:1328 [37mdebug[39m: [37mCache MISS: Fetching popular songs page 1 from DB[39m
2025-11-26 15:13:29:1329 [37mdebug[39m: [37mCache HIT: user:recent:a7db039c-7535-4265-9954-3e4464d74eec[39m
2025-11-26 15:13:29:1329 [37mdebug[39m: [37mCache HIT: user:recent:a7db039c-7535-4265-9954-3e4464d74eec[39m
2025-11-26 15:13:29:1329 [31merror[39m: [31mError in getRecentlyPlayed controller: "[object Object]" is not valid JSON[39m
2025-11-26 15:13:29:1329 [31merror[39m: [31mError: Internal server error[39m
2025-11-26 15:16:24:1624 [32minfo[39m: [32m[39m
[32mSIGINT received. Starting graceful shutdown...[39m
2025-11-28 20:12:24:1224 [32minfo[39m: [32m━━━━━━━━━━━━━━━━━━━━━━━━━━━━━━━━━━━━━━━━━━━━━━━━━━━━━━━━━[39m
2025-11-28 20:12:24:1224 [32minfo[39m: [32mSTEP 1: Environment Validation[39m
2025-11-28 20:12:24:1224 [32minfo[39m: [32m━━━━━━━━━━━━━━━━━━━━━━━━━━━━━━━━━━━━━━━━━━━━━━━━━━━━━━━━━[39m
2025-11-28 20:12:24:1224 [32minfo[39m: [32m🔍 Validating environment variables...[39m
2025-11-28 20:12:24:1224 [32minfo[39m: [32m✅ Environment variables validated[39m
2025-11-28 20:12:24:1224 [32minfo[39m: [32m[39m
[32m━━━━━━━━━━━━━━━━━━━━━━━━━━━━━━━━━━━━━━━━━━━━━━━━━━━━━━━━━[39m
2025-11-28 20:12:24:1224 [32minfo[39m: [32mSTEP 2: Database Connections[39m
2025-11-28 20:12:24:1224 [32minfo[39m: [32m━━━━━━━━━━━━━━━━━━━━━━━━━━━━━━━━━━━━━━━━━━━━━━━━━━━━━━━━━[39m
2025-11-28 20:12:24:1224 [32minfo[39m: [32m🔌 Checking database connections...[39m
2025-11-28 20:12:25:1225 [32minfo[39m: [32mSupabase client initialized[39m
2025-11-28 20:12:26:1226 [32minfo[39m: [32m  ✅ Supabase (PostgreSQL) connected[39m
2025-11-28 20:12:26:1226 [32minfo[39m: [32mUpstash Redis initialized[39m
2025-11-28 20:12:27:1227 [32minfo[39m: [32m  ✅ Redis (Upstash) connected[39m
2025-11-28 20:12:29:1229 [32minfo[39m: [32mMongoose (MongoDB) connected successfully[39m
2025-11-28 20:12:29:1229 [32minfo[39m: [32m  ✅ MongoDB (Mongoose) connected[39m
2025-11-28 20:12:29:1229 [32minfo[39m: [32m[39m
[32m━━━━━━━━━━━━━━━━━━━━━━━━━━━━━━━━━━━━━━━━━━━━━━━━━━━━━━━━━[39m
2025-11-28 20:12:29:1229 [32minfo[39m: [32mSTEP 3: Service Configuration[39m
2025-11-28 20:12:29:1229 [32minfo[39m: [32m━━━━━━━━━━━━━━━━━━━━━━━━━━━━━━━━━━━━━━━━━━━━━━━━━━━━━━━━━[39m
2025-11-28 20:12:29:1229 [32minfo[39m: [32m🔧 Checking service configurations...[39m
2025-11-28 20:12:29:1229 [32minfo[39m: [32m  ✅ Cloudflare R2 configured[39m
2025-11-28 20:12:29:1229 [32minfo[39m: [32m  ✅ JWT authentication configured[39m
2025-11-28 20:12:29:1229 [32minfo[39m: [32m  ✅ CORS configured (2 origins)[39m
2025-11-28 20:12:29:1229 [32minfo[39m: [32m✅ Service configurations checked[39m
2025-11-28 20:12:29:1229 [32minfo[39m: [32m[39m
[32m━━━━━━━━━━━━━━━━━━━━━━━━━━━━━━━━━━━━━━━━━━━━━━━━━━━━━━━━━[39m
2025-11-28 20:12:29:1229 [32minfo[39m: [32mSTEP 4: System Information[39m
2025-11-28 20:12:29:1229 [32minfo[39m: [32m━━━━━━━━━━━━━━━━━━━━━━━━━━━━━━━━━━━━━━━━━━━━━━━━━━━━━━━━━[39m
2025-11-28 20:12:29:1229 [32minfo[39m: [32m📊 System Information:[39m
2025-11-28 20:12:29:1229 [32minfo[39m: [32m  • Node.js: v22.20.0[39m
2025-11-28 20:12:29:1229 [32minfo[39m: [32m  • Platform: linux[39m
2025-11-28 20:12:29:1229 [32minfo[39m: [32m  • Architecture: x64[39m
2025-11-28 20:12:29:1229 [32minfo[39m: [32m  • Memory: 64MB[39m
2025-11-28 20:12:29:1229 [32minfo[39m: [32m  • Environment: development[39m
2025-11-28 20:12:29:1229 [32minfo[39m: [32m  • Port: 3000[39m
2025-11-28 20:12:29:1229 [32minfo[39m: [32m[39m
[32m━━━━━━━━━━━━━━━━━━━━━━━━━━━━━━━━━━━━━━━━━━━━━━━━━━━━━━━━━[39m
2025-11-28 20:12:29:1229 [32minfo[39m: [32mSTEP 5: Starting HTTP Server[39m
2025-11-28 20:12:29:1229 [32minfo[39m: [32m━━━━━━━━━━━━━━━━━━━━━━━━━━━━━━━━━━━━━━━━━━━━━━━━━━━━━━━━━[39m
2025-11-28 20:12:29:1229 [32minfo[39m: [32m[39m
[32m🚀 Server started successfully![39m
2025-11-28 20:12:29:1229 [32minfo[39m: [32m[39m
[32m📍 Endpoints:[39m
2025-11-28 20:12:29:1229 [32minfo[39m: [32m   • Health Check: http://localhost:3000/health[39m
2025-11-28 20:12:29:1229 [32minfo[39m: [32m   • API Info:     http://localhost:3000/api[39m
2025-11-28 20:12:29:1229 [32minfo[39m: [32m   • API Base:     http://localhost:3000/api/*[39m
2025-11-28 20:12:29:1229 [32minfo[39m: [32m[39m
[32m🔧 Services Status:[39m
2025-11-28 20:12:29:1229 [32minfo[39m: [32m   • Database:     ✅ Connected[39m
2025-11-28 20:12:29:1229 [32minfo[39m: [32m   • Cache:        ✅ Connected[39m
2025-11-28 20:12:29:1229 [32minfo[39m: [32m   • Analytics:    ✅ Connected[39m
2025-11-28 20:12:29:1229 [32minfo[39m: [32m[39m
[32m━━━━━━━━━━━━━━━━━━━━━━━━━━━━━━━━━━━━━━━━━━━━━━━━━━━━━━━━━[39m
2025-11-28 20:12:29:1229 [32minfo[39m: [32m✅ FreeTune Backend is ready to serve requests![39m
2025-11-28 20:12:29:1229 [32minfo[39m: [32m━━━━━━━━━━━━━━━━━━━━━━━━━━━━━━━━━━━━━━━━━━━━━━━━━━━━━━━━━[39m
[32m[39m
2025-11-28 20:13:12:1312 [31merror[39m: [31mError: Invalid or expired token[39m
2025-11-28 20:14:13:1413 [33mwarn[39m: [33mUser preferences not found, creating defaults it is at auth.service.js[39m
2025-11-28 20:14:14:1414 [37mdebug[39m: [37mRefresh token cached for user: a7db039c-7535-4265-9954-3e4464d74eec[39m
2025-11-28 20:14:14:1414 [37mdebug[39m: [37mUser data cached for user: a7db039c-7535-4265-9954-3e4464d74eec[39m
2025-11-28 20:14:14:1414 [32minfo[39m: [32mUser logged in successfully: tarun1sisodia@gmail.com[39m
2025-11-28 20:14:16:1416 [37mdebug[39m: [37mCache HIT: user:recent:a7db039c-7535-4265-9954-3e4464d74eec[39m
2025-11-28 20:14:16:1416 [37mdebug[39m: [37mCache HIT: user:recent:a7db039c-7535-4265-9954-3e4464d74eec[39m
2025-11-28 20:14:16:1416 [31merror[39m: [31mError in getRecentlyPlayed controller: "[object Object]" is not valid JSON[39m
2025-11-28 20:14:16:1416 [31merror[39m: [31mError: Internal server error[39m
2025-11-28 20:14:16:1416 [37mdebug[39m: [37mCache MISS: popular:songs:page:1:limit:20[39m
2025-11-28 20:14:16:1416 [37mdebug[39m: [37mCache MISS: Fetching popular songs page 1 from DB[39m
2025-11-28 20:27:30:2730 [32minfo[39m: [32m[39m
[32mSIGINT received. Starting graceful shutdown...[39m
2025-11-28 21:42:33:4233 [32minfo[39m: [32m━━━━━━━━━━━━━━━━━━━━━━━━━━━━━━━━━━━━━━━━━━━━━━━━━━━━━━━━━[39m
2025-11-28 21:42:33:4233 [32minfo[39m: [32mSTEP 1: Environment Validation[39m
2025-11-28 21:42:33:4233 [32minfo[39m: [32m━━━━━━━━━━━━━━━━━━━━━━━━━━━━━━━━━━━━━━━━━━━━━━━━━━━━━━━━━[39m
2025-11-28 21:42:33:4233 [32minfo[39m: [32m🔍 Validating environment variables...[39m
2025-11-28 21:42:33:4233 [32minfo[39m: [32m✅ Environment variables validated[39m
2025-11-28 21:42:33:4233 [32minfo[39m: [32m[39m
[32m━━━━━━━━━━━━━━━━━━━━━━━━━━━━━━━━━━━━━━━━━━━━━━━━━━━━━━━━━[39m
2025-11-28 21:42:33:4233 [32minfo[39m: [32mSTEP 2: Database Connections[39m
2025-11-28 21:42:33:4233 [32minfo[39m: [32m━━━━━━━━━━━━━━━━━━━━━━━━━━━━━━━━━━━━━━━━━━━━━━━━━━━━━━━━━[39m
2025-11-28 21:42:33:4233 [32minfo[39m: [32m🔌 Checking database connections...[39m
2025-11-28 21:42:33:4233 [32minfo[39m: [32mSupabase client initialized[39m
2025-11-28 21:42:35:4235 [32minfo[39m: [32m  ✅ Supabase (PostgreSQL) connected[39m
2025-11-28 21:42:35:4235 [32minfo[39m: [32mUpstash Redis initialized[39m
2025-11-28 21:42:35:4235 [32minfo[39m: [32m  ✅ Redis (Upstash) connected[39m
2025-11-28 21:42:37:4237 [32minfo[39m: [32mMongoose (MongoDB) connected successfully[39m
2025-11-28 21:42:37:4237 [32minfo[39m: [32m  ✅ MongoDB (Mongoose) connected[39m
2025-11-28 21:42:37:4237 [32minfo[39m: [32m[39m
[32m━━━━━━━━━━━━━━━━━━━━━━━━━━━━━━━━━━━━━━━━━━━━━━━━━━━━━━━━━[39m
2025-11-28 21:42:37:4237 [32minfo[39m: [32mSTEP 3: Service Configuration[39m
2025-11-28 21:42:37:4237 [32minfo[39m: [32m━━━━━━━━━━━━━━━━━━━━━━━━━━━━━━━━━━━━━━━━━━━━━━━━━━━━━━━━━[39m
2025-11-28 21:42:37:4237 [32minfo[39m: [32m🔧 Checking service configurations...[39m
2025-11-28 21:42:37:4237 [32minfo[39m: [32m  ✅ Cloudflare R2 configured[39m
2025-11-28 21:42:37:4237 [32minfo[39m: [32m  ✅ JWT authentication configured[39m
2025-11-28 21:42:37:4237 [32minfo[39m: [32m  ✅ CORS configured (2 origins)[39m
2025-11-28 21:42:37:4237 [32minfo[39m: [32m✅ Service configurations checked[39m
2025-11-28 21:42:37:4237 [32minfo[39m: [32m[39m
[32m━━━━━━━━━━━━━━━━━━━━━━━━━━━━━━━━━━━━━━━━━━━━━━━━━━━━━━━━━[39m
2025-11-28 21:42:37:4237 [32minfo[39m: [32mSTEP 4: System Information[39m
2025-11-28 21:42:37:4237 [32minfo[39m: [32m━━━━━━━━━━━━━━━━━━━━━━━━━━━━━━━━━━━━━━━━━━━━━━━━━━━━━━━━━[39m
2025-11-28 21:42:37:4237 [32minfo[39m: [32m📊 System Information:[39m
2025-11-28 21:42:37:4237 [32minfo[39m: [32m  • Node.js: v22.20.0[39m
2025-11-28 21:42:37:4237 [32minfo[39m: [32m  • Platform: linux[39m
2025-11-28 21:42:37:4237 [32minfo[39m: [32m  • Architecture: x64[39m
2025-11-28 21:42:37:4237 [32minfo[39m: [32m  • Memory: 68MB[39m
2025-11-28 21:42:37:4237 [32minfo[39m: [32m  • Environment: development[39m
2025-11-28 21:42:37:4237 [32minfo[39m: [32m  • Port: 3000[39m
2025-11-28 21:42:37:4237 [32minfo[39m: [32m[39m
[32m━━━━━━━━━━━━━━━━━━━━━━━━━━━━━━━━━━━━━━━━━━━━━━━━━━━━━━━━━[39m
2025-11-28 21:42:37:4237 [32minfo[39m: [32mSTEP 5: Starting HTTP Server[39m
2025-11-28 21:42:37:4237 [32minfo[39m: [32m━━━━━━━━━━━━━━━━━━━━━━━━━━━━━━━━━━━━━━━━━━━━━━━━━━━━━━━━━[39m
2025-11-28 21:42:38:4238 [32minfo[39m: [32m[39m
[32m🚀 Server started successfully![39m
2025-11-28 21:42:38:4238 [32minfo[39m: [32m[39m
[32m📍 Endpoints:[39m
2025-11-28 21:42:38:4238 [32minfo[39m: [32m   • Health Check: http://localhost:3000/health[39m
2025-11-28 21:42:38:4238 [32minfo[39m: [32m   • API Info:     http://localhost:3000/api[39m
2025-11-28 21:42:38:4238 [32minfo[39m: [32m   • API Base:     http://localhost:3000/api/*[39m
2025-11-28 21:42:38:4238 [32minfo[39m: [32m[39m
[32m🔧 Services Status:[39m
2025-11-28 21:42:38:4238 [32minfo[39m: [32m   • Database:     ✅ Connected[39m
2025-11-28 21:42:38:4238 [32minfo[39m: [32m   • Cache:        ✅ Connected[39m
2025-11-28 21:42:38:4238 [32minfo[39m: [32m   • Analytics:    ✅ Connected[39m
2025-11-28 21:42:38:4238 [32minfo[39m: [32m[39m
[32m━━━━━━━━━━━━━━━━━━━━━━━━━━━━━━━━━━━━━━━━━━━━━━━━━━━━━━━━━[39m
2025-11-28 21:42:38:4238 [32minfo[39m: [32m✅ FreeTune Backend is ready to serve requests![39m
2025-11-28 21:42:38:4238 [32minfo[39m: [32m━━━━━━━━━━━━━━━━━━━━━━━━━━━━━━━━━━━━━━━━━━━━━━━━━━━━━━━━━[39m
[32m[39m
2025-11-28 21:48:04:484 [31merror[39m: [31mError: Invalid or expired token[39m
2025-11-28 21:48:23:4823 [33mwarn[39m: [33mUser preferences not found, creating defaults it is at auth.service.js[39m
2025-11-28 21:48:23:4823 [37mdebug[39m: [37mRefresh token cached for user: a7db039c-7535-4265-9954-3e4464d74eec[39m
2025-11-28 21:48:23:4823 [37mdebug[39m: [37mUser data cached for user: a7db039c-7535-4265-9954-3e4464d74eec[39m
2025-11-28 21:48:23:4823 [32minfo[39m: [32mUser logged in successfully: tarun1sisodia@gmail.com[39m
2025-11-28 21:48:25:4825 [37mdebug[39m: [37mCache HIT: user:recent:a7db039c-7535-4265-9954-3e4464d74eec[39m
2025-11-28 21:48:25:4825 [37mdebug[39m: [37mCache HIT: user:recent:a7db039c-7535-4265-9954-3e4464d74eec[39m
2025-11-28 21:48:25:4825 [31merror[39m: [31mError in getRecentlyPlayed controller: "[object Object]" is not valid JSON[39m
2025-11-28 21:48:25:4825 [31merror[39m: [31mError: Internal server error[39m
2025-11-28 21:48:25:4825 [37mdebug[39m: [37mCache MISS: popular:songs:page:1:limit:20[39m
2025-11-28 21:48:25:4825 [37mdebug[39m: [37mCache MISS: Fetching popular songs page 1 from DB[39m
2025-11-28 21:53:27:5327 [32minfo[39m: [32mSupabase admin client initialized[39m
2025-11-28 21:53:27:5327 [37mdebug[39m: [37mExtracting audio duration from buffer[39m
2025-11-28 21:53:27:5327 [32minfo[39m: [32mAudio duration extracted: 255000ms (255s)[39m
2025-11-28 21:53:27:5327 [32minfo[39m: [32mUsing duration: 255000ms for song "Sawaal Puchdi"[39m
2025-11-28 21:53:27:5327 [32minfo[39m: [32mR2 S3 client initialized successfully[39m
2025-11-28 21:53:33:5333 [32minfo[39m: [32mFile uploaded successfully: original/1764347007804-f02cec7b957e160d-Sawaal_Puchdi__Official_Video______Yo_Yo_Honey_Singh_____Bohemia_____51_Glorious_Days_____Bhushan_Kumar__472GGh5D_h8_.mp3[39m
2025-11-28 21:55:43:5543 [37mdebug[39m: [37mCache MISS: search:sawaal pu:page:1:limit:20[39m
2025-11-28 21:55:43:5543 [37mdebug[39m: [37mCache MISS: Searching for "Sawaal Pu" in database[39m
2025-11-28 21:55:43:5543 [37mdebug[39m: [37mCache MISS: search:sawaal:page:1:limit:20[39m
2025-11-28 21:55:43:5543 [37mdebug[39m: [37mCache MISS: Searching for "Sawaal" in database[39m
2025-11-28 21:55:46:5546 [37mdebug[39m: [37mCache MISS: search:sawaal puchdi:page:1:limit:20[39m
2025-11-28 21:55:46:5546 [37mdebug[39m: [37mCache MISS: Searching for "Sawaal Puchdi" in database[39m
2025-11-28 21:55:58:5558 [37mdebug[39m: [37mCache MISS: search:sawaal puchd:page:1:limit:20[39m
2025-11-28 21:55:58:5558 [37mdebug[39m: [37mCache MISS: Searching for "Sawaal Puchd" in database[39m
2025-11-28 21:55:59:5559 [37mdebug[39m: [37mCache MISS: search:sawaal:page:1:limit:20[39m
2025-11-28 21:55:59:5559 [37mdebug[39m: [37mCache MISS: Searching for "Sawaal" in database[39m
2025-11-28 21:56:04:564 [37mdebug[39m: [37mCache MISS: search:one:page:1:limit:20[39m
2025-11-28 21:56:04:564 [37mdebug[39m: [37mCache MISS: Searching for "One" in database[39m
2025-11-28 21:57:16:5716 [32minfo[39m: [32m━━━━━━━━━━━━━━━━━━━━━━━━━━━━━━━━━━━━━━━━━━━━━━━━━━━━━━━━━[39m
2025-11-28 21:57:16:5716 [32minfo[39m: [32mSTEP 1: Environment Validation[39m
2025-11-28 21:57:16:5716 [32minfo[39m: [32m━━━━━━━━━━━━━━━━━━━━━━━━━━━━━━━━━━━━━━━━━━━━━━━━━━━━━━━━━[39m
2025-11-28 21:57:16:5716 [32minfo[39m: [32m🔍 Validating environment variables...[39m
2025-11-28 21:57:16:5716 [32minfo[39m: [32m✅ Environment variables validated[39m
2025-11-28 21:57:16:5716 [32minfo[39m: [32m[39m
[32m━━━━━━━━━━━━━━━━━━━━━━━━━━━━━━━━━━━━━━━━━━━━━━━━━━━━━━━━━[39m
2025-11-28 21:57:16:5716 [32minfo[39m: [32mSTEP 2: Database Connections[39m
2025-11-28 21:57:16:5716 [32minfo[39m: [32m━━━━━━━━━━━━━━━━━━━━━━━━━━━━━━━━━━━━━━━━━━━━━━━━━━━━━━━━━[39m
2025-11-28 21:57:16:5716 [32minfo[39m: [32m🔌 Checking database connections...[39m
2025-11-28 21:57:16:5716 [32minfo[39m: [32mSupabase client initialized[39m
2025-11-28 21:57:16:5716 [32minfo[39m: [32m  ✅ Supabase (PostgreSQL) connected[39m
2025-12-03 17:52:55:5255 [32minfo[39m: [32m━━━━━━━━━━━━━━━━━━━━━━━━━━━━━━━━━━━━━━━━━━━━━━━━━━━━━━━━━[39m
2025-12-03 17:52:55:5255 [32minfo[39m: [32mSTEP 1: Environment Validation[39m
2025-12-03 17:52:55:5255 [32minfo[39m: [32m━━━━━━━━━━━━━━━━━━━━━━━━━━━━━━━━━━━━━━━━━━━━━━━━━━━━━━━━━[39m
2025-12-03 17:52:55:5255 [32minfo[39m: [32m🔍 Validating environment variables...[39m
2025-12-03 17:52:55:5255 [32minfo[39m: [32m✅ Environment variables validated[39m
2025-12-03 17:52:55:5255 [32minfo[39m: [32m[39m
[32m━━━━━━━━━━━━━━━━━━━━━━━━━━━━━━━━━━━━━━━━━━━━━━━━━━━━━━━━━[39m
2025-12-03 17:52:55:5255 [32minfo[39m: [32mSTEP 2: Database Connections[39m
2025-12-03 17:52:55:5255 [32minfo[39m: [32m━━━━━━━━━━━━━━━━━━━━━━━━━━━━━━━━━━━━━━━━━━━━━━━━━━━━━━━━━[39m
2025-12-03 17:52:55:5255 [32minfo[39m: [32m🔌 Checking database connections...[39m
2025-12-03 17:52:56:5256 [32minfo[39m: [32mSupabase client initialized[39m
2025-12-03 17:52:57:5257 [32minfo[39m: [32m  ✅ Supabase (PostgreSQL) connected[39m
2025-12-03 17:52:57:5257 [32minfo[39m: [32mUpstash Redis initialized[39m
2025-12-03 17:52:58:5258 [32minfo[39m: [32m  ✅ Redis (Upstash) connected[39m
2025-12-03 17:52:59:5259 [32minfo[39m: [32mMongoose (MongoDB) connected successfully[39m
2025-12-03 17:52:59:5259 [32minfo[39m: [32m  ✅ MongoDB (Mongoose) connected[39m
2025-12-03 17:52:59:5259 [32minfo[39m: [32m[39m
[32m━━━━━━━━━━━━━━━━━━━━━━━━━━━━━━━━━━━━━━━━━━━━━━━━━━━━━━━━━[39m
2025-12-03 17:52:59:5259 [32minfo[39m: [32mSTEP 3: Service Configuration[39m
2025-12-03 17:52:59:5259 [32minfo[39m: [32m━━━━━━━━━━━━━━━━━━━━━━━━━━━━━━━━━━━━━━━━━━━━━━━━━━━━━━━━━[39m
2025-12-03 17:52:59:5259 [32minfo[39m: [32m🔧 Checking service configurations...[39m
2025-12-03 17:52:59:5259 [32minfo[39m: [32m  ✅ Cloudflare R2 configured[39m
2025-12-03 17:52:59:5259 [32minfo[39m: [32m  ✅ JWT authentication configured[39m
2025-12-03 17:52:59:5259 [32minfo[39m: [32m  ✅ CORS configured (2 origins)[39m
2025-12-03 17:52:59:5259 [32minfo[39m: [32m✅ Service configurations checked[39m
2025-12-03 17:52:59:5259 [32minfo[39m: [32m[39m
[32m━━━━━━━━━━━━━━━━━━━━━━━━━━━━━━━━━━━━━━━━━━━━━━━━━━━━━━━━━[39m
2025-12-03 17:52:59:5259 [32minfo[39m: [32mSTEP 4: System Information[39m
2025-12-03 17:52:59:5259 [32minfo[39m: [32m━━━━━━━━━━━━━━━━━━━━━━━━━━━━━━━━━━━━━━━━━━━━━━━━━━━━━━━━━[39m
2025-12-03 17:52:59:5259 [32minfo[39m: [32m📊 System Information:[39m
2025-12-03 17:52:59:5259 [32minfo[39m: [32m  • Node.js: v22.20.0[39m
2025-12-03 17:52:59:5259 [32minfo[39m: [32m  • Platform: linux[39m
2025-12-03 17:52:59:5259 [32minfo[39m: [32m  • Architecture: x64[39m
2025-12-03 17:52:59:5259 [32minfo[39m: [32m  • Memory: 68MB[39m
2025-12-03 17:52:59:5259 [32minfo[39m: [32m  • Environment: development[39m
2025-12-03 17:52:59:5259 [32minfo[39m: [32m  • Port: 3000[39m
2025-12-03 17:52:59:5259 [32minfo[39m: [32m[39m
[32m━━━━━━━━━━━━━━━━━━━━━━━━━━━━━━━━━━━━━━━━━━━━━━━━━━━━━━━━━[39m
2025-12-03 17:52:59:5259 [32minfo[39m: [32mSTEP 5: Starting HTTP Server[39m
2025-12-03 17:52:59:5259 [32minfo[39m: [32m━━━━━━━━━━━━━━━━━━━━━━━━━━━━━━━━━━━━━━━━━━━━━━━━━━━━━━━━━[39m
2025-12-03 17:52:59:5259 [32minfo[39m: [32m[39m
[32m🚀 Server started successfully![39m
2025-12-03 17:52:59:5259 [32minfo[39m: [32m[39m
[32m📍 Endpoints:[39m
2025-12-03 17:52:59:5259 [32minfo[39m: [32m   • Health Check: http://localhost:3000/health[39m
2025-12-03 17:52:59:5259 [32minfo[39m: [32m   • API Info:     http://localhost:3000/api[39m
2025-12-03 17:52:59:5259 [32minfo[39m: [32m   • API Base:     http://localhost:3000/api/*[39m
2025-12-03 17:52:59:5259 [32minfo[39m: [32m[39m
[32m🔧 Services Status:[39m
2025-12-03 17:52:59:5259 [32minfo[39m: [32m   • Database:     ✅ Connected[39m
2025-12-03 17:52:59:5259 [32minfo[39m: [32m   • Cache:        ✅ Connected[39m
2025-12-03 17:52:59:5259 [32minfo[39m: [32m   • Analytics:    ✅ Connected[39m
2025-12-03 17:52:59:5259 [32minfo[39m: [32m[39m
[32m━━━━━━━━━━━━━━━━━━━━━━━━━━━━━━━━━━━━━━━━━━━━━━━━━━━━━━━━━[39m
2025-12-03 17:52:59:5259 [32minfo[39m: [32m✅ FreeTune Backend is ready to serve requests![39m
2025-12-03 17:52:59:5259 [32minfo[39m: [32m━━━━━━━━━━━━━━━━━━━━━━━━━━━━━━━━━━━━━━━━━━━━━━━━━━━━━━━━━[39m
[32m[39m
2025-12-03 17:54:00:540 [31merror[39m: [31mError: Invalid or expired token[39m
2025-12-03 17:54:18:5418 [33mwarn[39m: [33mUser preferences not found, creating defaults it is at auth.service.js[39m
2025-12-03 17:54:21:5421 [37mdebug[39m: [37mRefresh token cached for user: a7db039c-7535-4265-9954-3e4464d74eec[39m
2025-12-03 17:54:23:5423 [37mdebug[39m: [37mUser data cached for user: a7db039c-7535-4265-9954-3e4464d74eec[39m
2025-12-03 17:54:23:5423 [32minfo[39m: [32mUser logged in successfully: tarun1sisodia@gmail.com[39m
2025-12-03 17:54:24:5424 [37mdebug[39m: [37mCache MISS: user:recent:a7db039c-7535-4265-9954-3e4464d74eec[39m
2025-12-03 17:54:24:5424 [37mdebug[39m: [37mCache MISS: user:recent:a7db039c-7535-4265-9954-3e4464d74eec[39m
2025-12-03 17:54:25:5425 [37mdebug[39m: [37mCache MISS: popular:songs:page:1:limit:20[39m
2025-12-03 17:54:25:5425 [37mdebug[39m: [37mCache MISS: Fetching popular songs page 1 from DB[39m
2025-12-03 17:54:25:5425 [37mdebug[39m: [37mCache SET: user:recent:a7db039c-7535-4265-9954-3e4464d74eec (TTL: 604800s)[39m
2025-12-03 17:54:25:5425 [37mdebug[39m: [37mCache SET: user:recent:a7db039c-7535-4265-9954-3e4464d74eec (TTL: 604800s)[39m
2025-12-03 17:57:49:5749 [32minfo[39m: [32m[39m
[32mSIGINT received. Starting graceful shutdown...[39m
2025-12-03 17:59:53:5953 [31merror[39m: [31m❌ Port 3000 is already in use[39m
2025-12-03 18:02:04:24 [31merror[39m: [31mOperational Error: Route /health not found[39m
2025-12-03 18:02:13:213 [33mwarn[39m: [33mUser preferences not found, creating defaults it is at auth.service.js[39m
2025-12-03 18:07:37:737 [31merror[39m: [31mOperational Error: Route /health not found[39m
2025-12-03 18:07:48:748 [33mwarn[39m: [33mUser preferences not found, creating defaults it is at auth.service.js[39m
2025-12-03 18:12:53:1253 [31merror[39m: [31mMongoose connection error: Could not connect to any servers in your MongoDB Atlas cluster. One common reason is that you're trying to access the database from an IP that isn't whitelisted. Make sure your current IP address is on your Atlas cluster's IP whitelist: https://www.mongodb.com/docs/atlas/security-whitelist/[39m
2025-12-03 18:12:53:1253 [31merror[39m: [31m  ❌ MongoDB (Mongoose) URI set but connection failed[39m
2025-12-03 18:13:01:131 [31merror[39m: [31mOperational Error: No token provided[39m
2025-12-03 18:13:32:1332 [33mwarn[39m: [33mUser preferences not found, creating defaults it is at auth.service.js[39m
2025-12-03 18:14:48:1448 [33mwarn[39m: [33mUser preferences not found, creating defaults it is at auth.service.js[39m
2025-12-03 18:14:54:1454 [31merror[39m: [31mError in getSongById controller for ID 25dffd19-b06c-48b1-8c59-e0cd73099a5a: "[object Object]" is not valid JSON[39m
2025-12-03 18:14:54:1454 [31merror[39m: [31mOperational Error: Internal server error[39m
2025-12-03 18:21:02:212 [32minfo[39m: [32m━━━━━━━━━━━━━━━━━━━━━━━━━━━━━━━━━━━━━━━━━━━━━━━━━━━━━━━━━[39m
2025-12-03 18:21:02:212 [32minfo[39m: [32mSTEP 1: Environment Validation[39m
2025-12-03 18:21:02:212 [32minfo[39m: [32m━━━━━━━━━━━━━━━━━━━━━━━━━━━━━━━━━━━━━━━━━━━━━━━━━━━━━━━━━[39m
2025-12-03 18:21:02:212 [32minfo[39m: [32m🔍 Validating environment variables...[39m
2025-12-03 18:21:02:212 [32minfo[39m: [32m✅ Environment variables validated[39m
2025-12-03 18:21:02:212 [32minfo[39m: [32m[39m
[32m━━━━━━━━━━━━━━━━━━━━━━━━━━━━━━━━━━━━━━━━━━━━━━━━━━━━━━━━━[39m
2025-12-03 18:21:02:212 [32minfo[39m: [32mSTEP 2: Database Connections[39m
2025-12-03 18:21:02:212 [32minfo[39m: [32m━━━━━━━━━━━━━━━━━━━━━━━━━━━━━━━━━━━━━━━━━━━━━━━━━━━━━━━━━[39m
2025-12-03 18:21:02:212 [32minfo[39m: [32m🔌 Checking database connections...[39m
2025-12-03 18:21:02:212 [32minfo[39m: [32mSupabase client initialized[39m
2025-12-03 18:21:03:213 [32minfo[39m: [32m  ✅ Supabase (PostgreSQL) connected[39m
2025-12-03 18:21:03:213 [32minfo[39m: [32mUpstash Redis initialized[39m
2025-12-03 18:21:03:213 [32minfo[39m: [32m  ✅ Redis (Upstash) connected[39m
2025-12-03 18:21:09:219 [31merror[39m: [31mMongoose connection error: Could not connect to any servers in your MongoDB Atlas cluster. One common reason is that you're trying to access the database from an IP that isn't whitelisted. Make sure your current IP address is on your Atlas cluster's IP whitelist: https://www.mongodb.com/docs/atlas/security-whitelist/[39m
2025-12-03 18:21:09:219 [31merror[39m: [31m  ❌ MongoDB (Mongoose) URI set but connection failed[39m
2025-12-03 18:21:09:219 [32minfo[39m: [32m[39m
[32m━━━━━━━━━━━━━━━━━━━━━━━━━━━━━━━━━━━━━━━━━━━━━━━━━━━━━━━━━[39m
2025-12-03 18:21:09:219 [32minfo[39m: [32mSTEP 3: Service Configuration[39m
2025-12-03 18:21:09:219 [32minfo[39m: [32m━━━━━━━━━━━━━━━━━━━━━━━━━━━━━━━━━━━━━━━━━━━━━━━━━━━━━━━━━[39m
2025-12-03 18:21:09:219 [32minfo[39m: [32m🔧 Checking service configurations...[39m
2025-12-03 18:21:09:219 [32minfo[39m: [32m  ✅ Cloudflare R2 configured[39m
2025-12-03 18:21:09:219 [32minfo[39m: [32m  ✅ JWT authentication configured[39m
2025-12-03 18:21:09:219 [32minfo[39m: [32m  ✅ CORS configured (2 origins)[39m
2025-12-03 18:21:09:219 [32minfo[39m: [32m✅ Service configurations checked[39m
2025-12-03 18:21:09:219 [32minfo[39m: [32m[39m
[32m━━━━━━━━━━━━━━━━━━━━━━━━━━━━━━━━━━━━━━━━━━━━━━━━━━━━━━━━━[39m
2025-12-03 18:21:09:219 [32minfo[39m: [32mSTEP 4: System Information[39m
2025-12-03 18:21:09:219 [32minfo[39m: [32m━━━━━━━━━━━━━━━━━━━━━━━━━━━━━━━━━━━━━━━━━━━━━━━━━━━━━━━━━[39m
2025-12-03 18:21:09:219 [32minfo[39m: [32m📊 System Information:[39m
2025-12-03 18:21:09:219 [32minfo[39m: [32m  • Node.js: v22.20.0[39m
2025-12-03 18:21:09:219 [32minfo[39m: [32m  • Platform: linux[39m
2025-12-03 18:21:09:219 [32minfo[39m: [32m  • Architecture: x64[39m
2025-12-03 18:21:09:219 [32minfo[39m: [32m  • Memory: 64MB[39m
2025-12-03 18:21:09:219 [32minfo[39m: [32m  • Environment: development[39m
2025-12-03 18:21:09:219 [32minfo[39m: [32m  • Port: 3000[39m
2025-12-03 18:21:09:219 [32minfo[39m: [32m[39m
[32m━━━━━━━━━━━━━━━━━━━━━━━━━━━━━━━━━━━━━━━━━━━━━━━━━━━━━━━━━[39m
2025-12-03 18:21:09:219 [32minfo[39m: [32mSTEP 5: Starting HTTP Server[39m
2025-12-03 18:21:09:219 [32minfo[39m: [32m━━━━━━━━━━━━━━━━━━━━━━━━━━━━━━━━━━━━━━━━━━━━━━━━━━━━━━━━━[39m
2025-12-03 18:21:09:219 [32minfo[39m: [32m[39m
[32m🚀 Server started successfully![39m
2025-12-03 18:21:09:219 [32minfo[39m: [32m[39m
[32m📍 Endpoints:[39m
2025-12-03 18:21:09:219 [32minfo[39m: [32m   • Health Check: http://localhost:3000/health[39m
2025-12-03 18:21:09:219 [32minfo[39m: [32m   • API Info:     http://localhost:3000/api[39m
2025-12-03 18:21:09:219 [32minfo[39m: [32m   • API Base:     http://localhost:3000/api/*[39m
2025-12-03 18:21:09:219 [32minfo[39m: [32m[39m
[32m🔧 Services Status:[39m
2025-12-03 18:21:09:219 [32minfo[39m: [32m   • Database:     ✅ Connected[39m
2025-12-03 18:21:09:219 [32minfo[39m: [32m   • Cache:        ✅ Connected[39m
2025-12-03 18:21:09:219 [32minfo[39m: [32m   • Analytics:    ⚠️  Disabled[39m
2025-12-03 18:21:09:219 [32minfo[39m: [32m[39m
[32m━━━━━━━━━━━━━━━━━━━━━━━━━━━━━━━━━━━━━━━━━━━━━━━━━━━━━━━━━[39m
2025-12-03 18:21:09:219 [32minfo[39m: [32m✅ FreeTune Backend is ready to serve requests![39m
2025-12-03 18:21:09:219 [32minfo[39m: [32m━━━━━━━━━━━━━━━━━━━━━━━━━━━━━━━━━━━━━━━━━━━━━━━━━━━━━━━━━[39m
[32m[39m
2025-12-03 18:21:13:2113 [32minfo[39m: [32m[39m
[32mSIGINT received. Starting graceful shutdown...[39m
2025-12-03 18:21:20:2120 [32minfo[39m: [32m━━━━━━━━━━━━━━━━━━━━━━━━━━━━━━━━━━━━━━━━━━━━━━━━━━━━━━━━━[39m
2025-12-03 18:21:20:2120 [32minfo[39m: [32mSTEP 1: Environment Validation[39m
2025-12-03 18:21:20:2120 [32minfo[39m: [32m━━━━━━━━━━━━━━━━━━━━━━━━━━━━━━━━━━━━━━━━━━━━━━━━━━━━━━━━━[39m
2025-12-03 18:21:20:2120 [32minfo[39m: [32m🔍 Validating environment variables...[39m
2025-12-03 18:21:20:2120 [32minfo[39m: [32m✅ Environment variables validated[39m
2025-12-03 18:21:20:2120 [32minfo[39m: [32m[39m
[32m━━━━━━━━━━━━━━━━━━━━━━━━━━━━━━━━━━━━━━━━━━━━━━━━━━━━━━━━━[39m
2025-12-03 18:21:20:2120 [32minfo[39m: [32mSTEP 2: Database Connections[39m
2025-12-03 18:21:20:2120 [32minfo[39m: [32m━━━━━━━━━━━━━━━━━━━━━━━━━━━━━━━━━━━━━━━━━━━━━━━━━━━━━━━━━[39m
2025-12-03 18:21:20:2120 [32minfo[39m: [32m🔌 Checking database connections...[39m
2025-12-03 18:21:20:2120 [32minfo[39m: [32mSupabase client initialized[39m
2025-12-03 18:21:21:2121 [32minfo[39m: [32m  ✅ Supabase (PostgreSQL) connected[39m
2025-12-03 18:21:21:2121 [32minfo[39m: [32mUpstash Redis initialized[39m
2025-12-03 18:21:21:2121 [32minfo[39m: [32m  ✅ Redis (Upstash) connected[39m
2025-12-03 18:21:23:2123 [32minfo[39m: [32mMongoose (MongoDB) connected successfully[39m
2025-12-03 18:21:23:2123 [32minfo[39m: [32m  ✅ MongoDB (Mongoose) connected[39m
2025-12-03 18:21:23:2123 [32minfo[39m: [32m[39m
[32m━━━━━━━━━━━━━━━━━━━━━━━━━━━━━━━━━━━━━━━━━━━━━━━━━━━━━━━━━[39m
2025-12-03 18:21:23:2123 [32minfo[39m: [32mSTEP 3: Service Configuration[39m
2025-12-03 18:21:23:2123 [32minfo[39m: [32m━━━━━━━━━━━━━━━━━━━━━━━━━━━━━━━━━━━━━━━━━━━━━━━━━━━━━━━━━[39m
2025-12-03 18:21:23:2123 [32minfo[39m: [32m🔧 Checking service configurations...[39m
2025-12-03 18:21:23:2123 [32minfo[39m: [32m  ✅ Cloudflare R2 configured[39m
2025-12-03 18:21:23:2123 [32minfo[39m: [32m  ✅ JWT authentication configured[39m
2025-12-03 18:21:23:2123 [32minfo[39m: [32m  ✅ CORS configured (2 origins)[39m
2025-12-03 18:21:23:2123 [32minfo[39m: [32m✅ Service configurations checked[39m
2025-12-03 18:21:23:2123 [32minfo[39m: [32m[39m
[32m━━━━━━━━━━━━━━━━━━━━━━━━━━━━━━━━━━━━━━━━━━━━━━━━━━━━━━━━━[39m
2025-12-03 18:21:23:2123 [32minfo[39m: [32mSTEP 4: System Information[39m
2025-12-03 18:21:23:2123 [32minfo[39m: [32m━━━━━━━━━━━━━━━━━━━━━━━━━━━━━━━━━━━━━━━━━━━━━━━━━━━━━━━━━[39m
2025-12-03 18:21:23:2123 [32minfo[39m: [32m📊 System Information:[39m
2025-12-03 18:21:23:2123 [32minfo[39m: [32m  • Node.js: v22.20.0[39m
2025-12-03 18:21:23:2123 [32minfo[39m: [32m  • Platform: linux[39m
2025-12-03 18:21:23:2123 [32minfo[39m: [32m  • Architecture: x64[39m
2025-12-03 18:21:23:2123 [32minfo[39m: [32m  • Memory: 68MB[39m
2025-12-03 18:21:23:2123 [32minfo[39m: [32m  • Environment: development[39m
2025-12-03 18:21:23:2123 [32minfo[39m: [32m  • Port: 3000[39m
2025-12-03 18:21:23:2123 [32minfo[39m: [32m[39m
[32m━━━━━━━━━━━━━━━━━━━━━━━━━━━━━━━━━━━━━━━━━━━━━━━━━━━━━━━━━[39m
2025-12-03 18:21:23:2123 [32minfo[39m: [32mSTEP 5: Starting HTTP Server[39m
2025-12-03 18:21:23:2123 [32minfo[39m: [32m━━━━━━━━━━━━━━━━━━━━━━━━━━━━━━━━━━━━━━━━━━━━━━━━━━━━━━━━━[39m
2025-12-03 18:21:23:2123 [32minfo[39m: [32m[39m
[32m🚀 Server started successfully![39m
2025-12-03 18:21:23:2123 [32minfo[39m: [32m[39m
[32m📍 Endpoints:[39m
2025-12-03 18:21:23:2123 [32minfo[39m: [32m   • Health Check: http://localhost:3000/health[39m
2025-12-03 18:21:23:2123 [32minfo[39m: [32m   • API Info:     http://localhost:3000/api[39m
2025-12-03 18:21:23:2123 [32minfo[39m: [32m   • API Base:     http://localhost:3000/api/*[39m
2025-12-03 18:21:23:2123 [32minfo[39m: [32m[39m
[32m🔧 Services Status:[39m
2025-12-03 18:21:23:2123 [32minfo[39m: [32m   • Database:     ✅ Connected[39m
2025-12-03 18:21:23:2123 [32minfo[39m: [32m   • Cache:        ✅ Connected[39m
2025-12-03 18:21:23:2123 [32minfo[39m: [32m   • Analytics:    ✅ Connected[39m
2025-12-03 18:21:23:2123 [32minfo[39m: [32m[39m
[32m━━━━━━━━━━━━━━━━━━━━━━━━━━━━━━━━━━━━━━━━━━━━━━━━━━━━━━━━━[39m
2025-12-03 18:21:23:2123 [32minfo[39m: [32m✅ FreeTune Backend is ready to serve requests![39m
2025-12-03 18:21:23:2123 [32minfo[39m: [32m━━━━━━━━━━━━━━━━━━━━━━━━━━━━━━━━━━━━━━━━━━━━━━━━━━━━━━━━━[39m
[32m[39m
2025-12-03 18:21:40:2140 [33mwarn[39m: [33mUser preferences not found, creating defaults it is at auth.service.js[39m
2025-12-03 18:21:42:2142 [37mdebug[39m: [37mRefresh token cached for user: a7db039c-7535-4265-9954-3e4464d74eec[39m
2025-12-03 18:21:43:2143 [37mdebug[39m: [37mUser data cached for user: a7db039c-7535-4265-9954-3e4464d74eec[39m
2025-12-03 18:21:43:2143 [32minfo[39m: [32mUser logged in successfully: tarun1sisodia@gmail.com[39m
2025-12-03 18:21:45:2145 [37mdebug[39m: [37mCache HIT: user:recent:a7db039c-7535-4265-9954-3e4464d74eec[39m
2025-12-03 18:21:45:2145 [37mdebug[39m: [37mCache HIT: user:recent:a7db039c-7535-4265-9954-3e4464d74eec[39m
2025-12-03 18:21:45:2145 [31merror[39m: [31mError in getRecentlyPlayed controller: "[object Object]" is not valid JSON[39m
2025-12-03 18:21:45:2145 [31merror[39m: [31mError: Internal server error[39m
2025-12-03 18:21:47:2147 [37mdebug[39m: [37mCache HIT: popular:songs:page:1:limit:20[39m
2025-12-03 18:21:47:2147 [32minfo[39m: [32mCache HIT: Popular songs page 1[39m
2025-12-03 18:22:32:2232 [37mdebug[39m: [37mCache MISS: cdn:url:25dffd19-b06c-48b1-8c59-e0cd73099a5a:high[39m
2025-12-03 18:22:32:2232 [37mdebug[39m: [37mCache MISS: Generating direct stream URL for song 25dffd19-b06c-48b1-8c59-e0cd73099a5a[39m
2025-12-03 18:22:33:2233 [32minfo[39m: [32mR2 S3 client initialized successfully[39m
2025-12-03 18:22:33:2233 [37mdebug[39m: [37mGenerated signed URL for: original/1764347007804-f02cec7b957e160d-Sawaal_Puchdi__Official_Video______Yo_Yo_Honey_Singh_____Bohemia_____51_Glorious_Days_____Bhushan_Kumar__472GGh5D_h8_.mp3[39m
2025-12-03 18:22:33:2233 [37mdebug[39m: [37mCache SET: cdn:url:25dffd19-b06c-48b1-8c59-e0cd73099a5a:high (TTL: 1800s)[39m
2025-12-03 18:22:33:2233 [32minfo[39m: [32mCached direct stream URL for song 25dffd19-b06c-48b1-8c59-e0cd73099a5a[39m
2025-12-03 18:24:39:2439 [37mdebug[39m: [37mCache MISS: cdn:url:bdf42493-092c-46d7-8404-9d21fbe1a58a:high[39m
2025-12-03 18:24:39:2439 [37mdebug[39m: [37mCache MISS: Generating direct stream URL for song bdf42493-092c-46d7-8404-9d21fbe1a58a[39m
2025-12-03 18:24:39:2439 [37mdebug[39m: [37mGenerated signed URL for: original/1764149830677-153e29d4066bb14e-One_Thousand_Miles_Full_AUDIO_Song_____Yo_Yo_Honey_Singh__Desi_Kalakaar__Honey_Singh_New_Songs_2014.mp3[39m
2025-12-03 18:24:39:2439 [37mdebug[39m: [37mCache SET: cdn:url:bdf42493-092c-46d7-8404-9d21fbe1a58a:high (TTL: 1800s)[39m
2025-12-03 18:24:39:2439 [32minfo[39m: [32mCached direct stream URL for song bdf42493-092c-46d7-8404-9d21fbe1a58a[39m
2025-12-03 18:26:14:2614 [32minfo[39m: [32m[39m
[32mSIGINT received. Starting graceful shutdown...[39m
2025-12-05 09:56:24:5624 [32minfo[39m: [32m━━━━━━━━━━━━━━━━━━━━━━━━━━━━━━━━━━━━━━━━━━━━━━━━━━━━━━━━━[39m
2025-12-05 09:56:24:5624 [32minfo[39m: [32mSTEP 1: Environment Validation[39m
2025-12-05 09:56:24:5624 [32minfo[39m: [32m━━━━━━━━━━━━━━━━━━━━━━━━━━━━━━━━━━━━━━━━━━━━━━━━━━━━━━━━━[39m
2025-12-05 09:56:24:5624 [32minfo[39m: [32m🔍 Validating environment variables...[39m
2025-12-05 09:56:24:5624 [32minfo[39m: [32m✅ Environment variables validated[39m
2025-12-05 09:56:24:5624 [32minfo[39m: [32m[39m
[32m━━━━━━━━━━━━━━━━━━━━━━━━━━━━━━━━━━━━━━━━━━━━━━━━━━━━━━━━━[39m
2025-12-05 09:56:24:5624 [32minfo[39m: [32mSTEP 2: Database Connections[39m
2025-12-05 09:56:24:5624 [32minfo[39m: [32m━━━━━━━━━━━━━━━━━━━━━━━━━━━━━━━━━━━━━━━━━━━━━━━━━━━━━━━━━[39m
2025-12-05 09:56:24:5624 [32minfo[39m: [32m🔌 Checking database connections...[39m
2025-12-05 09:56:24:5624 [32minfo[39m: [32mSupabase client initialized[39m
2025-12-05 09:56:26:5626 [32minfo[39m: [32m  ✅ Supabase (PostgreSQL) connected[39m
2025-12-05 09:56:26:5626 [32minfo[39m: [32mUpstash Redis initialized[39m
2025-12-05 09:56:28:5628 [32minfo[39m: [32m  ✅ Redis (Upstash) connected[39m
2025-12-05 09:56:29:5629 [32minfo[39m: [32mMongoose (MongoDB) connected successfully[39m
2025-12-05 09:56:29:5629 [32minfo[39m: [32m  ✅ MongoDB (Mongoose) connected[39m
2025-12-05 09:56:29:5629 [32minfo[39m: [32m[39m
[32m━━━━━━━━━━━━━━━━━━━━━━━━━━━━━━━━━━━━━━━━━━━━━━━━━━━━━━━━━[39m
2025-12-05 09:56:29:5629 [32minfo[39m: [32mSTEP 3: Service Configuration[39m
2025-12-05 09:56:29:5629 [32minfo[39m: [32m━━━━━━━━━━━━━━━━━━━━━━━━━━━━━━━━━━━━━━━━━━━━━━━━━━━━━━━━━[39m
2025-12-05 09:56:29:5629 [32minfo[39m: [32m🔧 Checking service configurations...[39m
2025-12-05 09:56:29:5629 [32minfo[39m: [32m  ✅ Cloudflare R2 configured[39m
2025-12-05 09:56:29:5629 [32minfo[39m: [32m  ✅ JWT authentication configured[39m
2025-12-05 09:56:29:5629 [32minfo[39m: [32m  ✅ CORS configured (2 origins)[39m
2025-12-05 09:56:29:5629 [32minfo[39m: [32m✅ Service configurations checked[39m
2025-12-05 09:56:29:5629 [32minfo[39m: [32m[39m
[32m━━━━━━━━━━━━━━━━━━━━━━━━━━━━━━━━━━━━━━━━━━━━━━━━━━━━━━━━━[39m
2025-12-05 09:56:29:5629 [32minfo[39m: [32mSTEP 4: System Information[39m
2025-12-05 09:56:29:5629 [32minfo[39m: [32m━━━━━━━━━━━━━━━━━━━━━━━━━━━━━━━━━━━━━━━━━━━━━━━━━━━━━━━━━[39m
2025-12-05 09:56:29:5629 [32minfo[39m: [32m📊 System Information:[39m
2025-12-05 09:56:29:5629 [32minfo[39m: [32m  • Node.js: v22.20.0[39m
2025-12-05 09:56:29:5629 [32minfo[39m: [32m  • Platform: linux[39m
2025-12-05 09:56:29:5629 [32minfo[39m: [32m  • Architecture: x64[39m
2025-12-05 09:56:29:5629 [32minfo[39m: [32m  • Memory: 67MB[39m
2025-12-05 09:56:29:5629 [32minfo[39m: [32m  • Environment: development[39m
2025-12-05 09:56:29:5629 [32minfo[39m: [32m  • Port: 3000[39m
2025-12-05 09:56:29:5629 [32minfo[39m: [32m[39m
[32m━━━━━━━━━━━━━━━━━━━━━━━━━━━━━━━━━━━━━━━━━━━━━━━━━━━━━━━━━[39m
2025-12-05 09:56:29:5629 [32minfo[39m: [32mSTEP 5: Starting HTTP Server[39m
2025-12-05 09:56:29:5629 [32minfo[39m: [32m━━━━━━━━━━━━━━━━━━━━━━━━━━━━━━━━━━━━━━━━━━━━━━━━━━━━━━━━━[39m
2025-12-05 09:56:29:5629 [32minfo[39m: [32m[39m
[32m🚀 Server started successfully![39m
2025-12-05 09:56:29:5629 [32minfo[39m: [32m[39m
[32m📍 Endpoints:[39m
2025-12-05 09:56:29:5629 [32minfo[39m: [32m   • Health Check: http://localhost:3000/health[39m
2025-12-05 09:56:29:5629 [32minfo[39m: [32m   • API Info:     http://localhost:3000/api[39m
2025-12-05 09:56:29:5629 [32minfo[39m: [32m   • API Base:     http://localhost:3000/api/*[39m
2025-12-05 09:56:29:5629 [32minfo[39m: [32m[39m
[32m🔧 Services Status:[39m
2025-12-05 09:56:29:5629 [32minfo[39m: [32m   • Database:     ✅ Connected[39m
2025-12-05 09:56:29:5629 [32minfo[39m: [32m   • Cache:        ✅ Connected[39m
2025-12-05 09:56:29:5629 [32minfo[39m: [32m   • Analytics:    ✅ Connected[39m
2025-12-05 09:56:29:5629 [32minfo[39m: [32m[39m
[32m━━━━━━━━━━━━━━━━━━━━━━━━━━━━━━━━━━━━━━━━━━━━━━━━━━━━━━━━━[39m
2025-12-05 09:56:29:5629 [32minfo[39m: [32m✅ FreeTune Backend is ready to serve requests![39m
2025-12-05 09:56:29:5629 [32minfo[39m: [32m━━━━━━━━━━━━━━━━━━━━━━━━━━━━━━━━━━━━━━━━━━━━━━━━━━━━━━━━━[39m
[32m[39m
2025-12-05 09:58:03:583 [31merror[39m: [31mError: Invalid or expired token[39m
2025-12-05 09:58:29:5829 [33mwarn[39m: [33mUser preferences not found, creating defaults it is at auth.service.js[39m
2025-12-05 09:58:29:5829 [37mdebug[39m: [37mRefresh token cached for user: a7db039c-7535-4265-9954-3e4464d74eec[39m
2025-12-05 09:58:30:5830 [37mdebug[39m: [37mUser data cached for user: a7db039c-7535-4265-9954-3e4464d74eec[39m
2025-12-05 09:58:30:5830 [32minfo[39m: [32mUser logged in successfully: tarun1sisodia@gmail.com[39m
2025-12-05 09:58:31:5831 [37mdebug[39m: [37mCache HIT: user:recent:a7db039c-7535-4265-9954-3e4464d74eec[39m
2025-12-05 09:58:31:5831 [37mdebug[39m: [37mCache HIT: user:recent:a7db039c-7535-4265-9954-3e4464d74eec[39m
2025-12-05 09:58:31:5831 [31merror[39m: [31mError in getRecentlyPlayed controller: "[object Object]" is not valid JSON[39m
2025-12-05 09:58:31:5831 [31merror[39m: [31mError: Internal server error[39m
2025-12-05 09:58:57:5857 [37mdebug[39m: [37mCache MISS: cdn:url:25dffd19-b06c-48b1-8c59-e0cd73099a5a:high[39m
2025-12-05 09:58:57:5857 [37mdebug[39m: [37mCache MISS: Generating direct stream URL for song 25dffd19-b06c-48b1-8c59-e0cd73099a5a[39m
2025-12-05 09:58:57:5857 [32minfo[39m: [32mR2 S3 client initialized successfully[39m
2025-12-05 09:58:57:5857 [37mdebug[39m: [37mGenerated signed URL for: original/1764347007804-f02cec7b957e160d-Sawaal_Puchdi__Official_Video______Yo_Yo_Honey_Singh_____Bohemia_____51_Glorious_Days_____Bhushan_Kumar__472GGh5D_h8_.mp3[39m
2025-12-05 09:58:57:5857 [37mdebug[39m: [37mCache SET: cdn:url:25dffd19-b06c-48b1-8c59-e0cd73099a5a:high (TTL: 1800s)[39m
2025-12-05 09:58:57:5857 [32minfo[39m: [32mCached direct stream URL for song 25dffd19-b06c-48b1-8c59-e0cd73099a5a[39m
2025-12-05 10:17:02:172 [32minfo[39m: [32m━━━━━━━━━━━━━━━━━━━━━━━━━━━━━━━━━━━━━━━━━━━━━━━━━━━━━━━━━[39m
2025-12-05 10:17:02:172 [32minfo[39m: [32mSTEP 1: Environment Validation[39m
2025-12-05 10:17:02:172 [32minfo[39m: [32m━━━━━━━━━━━━━━━━━━━━━━━━━━━━━━━━━━━━━━━━━━━━━━━━━━━━━━━━━[39m
2025-12-05 10:17:02:172 [32minfo[39m: [32m🔍 Validating environment variables...[39m
2025-12-05 10:17:02:172 [32minfo[39m: [32m✅ Environment variables validated[39m
2025-12-05 10:17:02:172 [32minfo[39m: [32m[39m
[32m━━━━━━━━━━━━━━━━━━━━━━━━━━━━━━━━━━━━━━━━━━━━━━━━━━━━━━━━━[39m
2025-12-05 10:17:02:172 [32minfo[39m: [32mSTEP 2: Database Connections[39m
2025-12-05 10:17:02:172 [32minfo[39m: [32m━━━━━━━━━━━━━━━━━━━━━━━━━━━━━━━━━━━━━━━━━━━━━━━━━━━━━━━━━[39m
2025-12-05 10:17:02:172 [32minfo[39m: [32m🔌 Checking database connections...[39m
2025-12-05 10:17:02:172 [32minfo[39m: [32mSupabase client initialized[39m
2025-12-05 10:17:05:175 [32minfo[39m: [32m━━━━━━━━━━━━━━━━━━━━━━━━━━━━━━━━━━━━━━━━━━━━━━━━━━━━━━━━━[39m
2025-12-05 10:17:05:175 [32minfo[39m: [32mSTEP 1: Environment Validation[39m
2025-12-05 10:17:05:175 [32minfo[39m: [32m━━━━━━━━━━━━━━━━━━━━━━━━━━━━━━━━━━━━━━━━━━━━━━━━━━━━━━━━━[39m
2025-12-05 10:17:05:175 [32minfo[39m: [32m🔍 Validating environment variables...[39m
2025-12-05 10:17:05:175 [32minfo[39m: [32m✅ Environment variables validated[39m
2025-12-05 10:17:05:175 [32minfo[39m: [32m[39m
[32m━━━━━━━━━━━━━━━━━━━━━━━━━━━━━━━━━━━━━━━━━━━━━━━━━━━━━━━━━[39m
2025-12-05 10:17:05:175 [32minfo[39m: [32mSTEP 2: Database Connections[39m
2025-12-05 10:17:05:175 [32minfo[39m: [32m━━━━━━━━━━━━━━━━━━━━━━━━━━━━━━━━━━━━━━━━━━━━━━━━━━━━━━━━━[39m
2025-12-05 10:17:05:175 [32minfo[39m: [32m🔌 Checking database connections...[39m
2025-12-05 10:17:05:175 [32minfo[39m: [32mSupabase client initialized[39m
2025-12-05 10:17:06:176 [32minfo[39m: [32m  ✅ Supabase (PostgreSQL) connected[39m
2025-12-05 10:17:06:176 [32minfo[39m: [32mUpstash Redis initialized[39m
2025-12-05 10:17:06:176 [32minfo[39m: [32m  ✅ Redis (Upstash) connected[39m
2025-12-05 10:17:07:177 [32minfo[39m: [32mMongoose (MongoDB) connected successfully[39m
2025-12-05 10:17:07:177 [32minfo[39m: [32m  ✅ MongoDB (Mongoose) connected[39m
2025-12-05 10:17:07:177 [32minfo[39m: [32m[39m
[32m━━━━━━━━━━━━━━━━━━━━━━━━━━━━━━━━━━━━━━━━━━━━━━━━━━━━━━━━━[39m
2025-12-05 10:17:07:177 [32minfo[39m: [32mSTEP 3: Service Configuration[39m
2025-12-05 10:17:07:177 [32minfo[39m: [32m━━━━━━━━━━━━━━━━━━━━━━━━━━━━━━━━━━━━━━━━━━━━━━━━━━━━━━━━━[39m
2025-12-05 10:17:07:177 [32minfo[39m: [32m🔧 Checking service configurations...[39m
2025-12-05 10:17:07:177 [32minfo[39m: [32m  ✅ Cloudflare R2 configured[39m
2025-12-05 10:17:07:177 [32minfo[39m: [32m  ✅ JWT authentication configured[39m
2025-12-05 10:17:07:177 [32minfo[39m: [32m  ✅ CORS configured (2 origins)[39m
2025-12-05 10:17:07:177 [32minfo[39m: [32m✅ Service configurations checked[39m
2025-12-05 10:17:07:177 [32minfo[39m: [32m[39m
[32m━━━━━━━━━━━━━━━━━━━━━━━━━━━━━━━━━━━━━━━━━━━━━━━━━━━━━━━━━[39m
2025-12-05 10:17:07:177 [32minfo[39m: [32mSTEP 4: System Information[39m
2025-12-05 10:17:07:177 [32minfo[39m: [32m━━━━━━━━━━━━━━━━━━━━━━━━━━━━━━━━━━━━━━━━━━━━━━━━━━━━━━━━━[39m
2025-12-05 10:17:07:177 [32minfo[39m: [32m📊 System Information:[39m
2025-12-05 10:17:07:177 [32minfo[39m: [32m  • Node.js: v22.20.0[39m
2025-12-05 10:17:07:177 [32minfo[39m: [32m  • Platform: linux[39m
2025-12-05 10:17:07:177 [32minfo[39m: [32m  • Architecture: x64[39m
2025-12-05 10:17:07:177 [32minfo[39m: [32m  • Memory: 63MB[39m
2025-12-05 10:17:07:177 [32minfo[39m: [32m  • Environment: development[39m
2025-12-05 10:17:07:177 [32minfo[39m: [32m  • Port: 3000[39m
2025-12-05 10:17:07:177 [32minfo[39m: [32m[39m
[32m━━━━━━━━━━━━━━━━━━━━━━━━━━━━━━━━━━━━━━━━━━━━━━━━━━━━━━━━━[39m
2025-12-05 10:17:07:177 [32minfo[39m: [32mSTEP 5: Starting HTTP Server[39m
2025-12-05 10:17:07:177 [32minfo[39m: [32m━━━━━━━━━━━━━━━━━━━━━━━━━━━━━━━━━━━━━━━━━━━━━━━━━━━━━━━━━[39m
2025-12-05 10:17:07:177 [32minfo[39m: [32m[39m
[32m🚀 Server started successfully![39m
2025-12-05 10:17:07:177 [32minfo[39m: [32m[39m
[32m📍 Endpoints:[39m
2025-12-05 10:17:07:177 [32minfo[39m: [32m   • Health Check: http://localhost:3000/health[39m
2025-12-05 10:17:07:177 [32minfo[39m: [32m   • API Info:     http://localhost:3000/api[39m
2025-12-05 10:17:07:177 [32minfo[39m: [32m   • API Base:     http://localhost:3000/api/*[39m
2025-12-05 10:17:07:177 [32minfo[39m: [32m[39m
[32m🔧 Services Status:[39m
2025-12-05 10:17:07:177 [32minfo[39m: [32m   • Database:     ✅ Connected[39m
2025-12-05 10:17:07:177 [32minfo[39m: [32m   • Cache:        ✅ Connected[39m
2025-12-05 10:17:07:177 [32minfo[39m: [32m   • Analytics:    ✅ Connected[39m
2025-12-05 10:17:07:177 [32minfo[39m: [32m[39m
[32m━━━━━━━━━━━━━━━━━━━━━━━━━━━━━━━━━━━━━━━━━━━━━━━━━━━━━━━━━[39m
2025-12-05 10:17:07:177 [32minfo[39m: [32m✅ FreeTune Backend is ready to serve requests![39m
2025-12-05 10:17:07:177 [32minfo[39m: [32m━━━━━━━━━━━━━━━━━━━━━━━━━━━━━━━━━━━━━━━━━━━━━━━━━━━━━━━━━[39m
[32m[39m
2025-12-05 10:30:30:3030 [37mdebug[39m: [37mCache HIT: user:a7db039c-7535-4265-9954-3e4464d74eec[39m
2025-12-05 10:30:34:3034 [37mdebug[39m: [37mCache HIT: user:recent:a7db039c-7535-4265-9954-3e4464d74eec[39m
2025-12-05 10:30:34:3034 [37mdebug[39m: [37mCache HIT: user:recent:a7db039c-7535-4265-9954-3e4464d74eec[39m
2025-12-05 10:30:34:3034 [31merror[39m: [31mError in getRecentlyPlayed controller: "[object Object]" is not valid JSON[39m
2025-12-05 10:30:34:3034 [31merror[39m: [31mError: Internal server error[39m
2025-12-05 10:31:00:310 [37mdebug[39m: [37mCache MISS: cdn:url:bdf42493-092c-46d7-8404-9d21fbe1a58a:high[39m
2025-12-05 10:31:00:310 [37mdebug[39m: [37mCache MISS: Generating direct stream URL for song bdf42493-092c-46d7-8404-9d21fbe1a58a[39m
2025-12-05 10:31:00:310 [32minfo[39m: [32mR2 S3 client initialized successfully[39m
2025-12-05 10:31:00:310 [37mdebug[39m: [37mGenerated signed URL for: original/1764149830677-153e29d4066bb14e-One_Thousand_Miles_Full_AUDIO_Song_____Yo_Yo_Honey_Singh__Desi_Kalakaar__Honey_Singh_New_Songs_2014.mp3[39m
2025-12-05 10:31:00:310 [37mdebug[39m: [37mCache SET: cdn:url:bdf42493-092c-46d7-8404-9d21fbe1a58a:high (TTL: 1800s)[39m
2025-12-05 10:31:00:310 [32minfo[39m: [32mCached direct stream URL for song bdf42493-092c-46d7-8404-9d21fbe1a58a[39m
2025-12-05 10:31:03:313 [37mdebug[39m: [37mCache MISS: cdn:url:25dffd19-b06c-48b1-8c59-e0cd73099a5a:high[39m
2025-12-05 10:31:03:313 [37mdebug[39m: [37mCache MISS: Generating direct stream URL for song 25dffd19-b06c-48b1-8c59-e0cd73099a5a[39m
2025-12-05 10:31:03:313 [37mdebug[39m: [37mGenerated signed URL for: original/1764347007804-f02cec7b957e160d-Sawaal_Puchdi__Official_Video______Yo_Yo_Honey_Singh_____Bohemia_____51_Glorious_Days_____Bhushan_Kumar__472GGh5D_h8_.mp3[39m
2025-12-05 10:31:03:313 [37mdebug[39m: [37mCache SET: cdn:url:25dffd19-b06c-48b1-8c59-e0cd73099a5a:high (TTL: 1800s)[39m
2025-12-05 10:31:03:313 [32minfo[39m: [32mCached direct stream URL for song 25dffd19-b06c-48b1-8c59-e0cd73099a5a[39m
2025-12-05 10:35:57:3557 [32minfo[39m: [32m[39m
[32mSIGINT received. Starting graceful shutdown...[39m
2025-12-05 21:10:37:1037 [32minfo[39m: [32m━━━━━━━━━━━━━━━━━━━━━━━━━━━━━━━━━━━━━━━━━━━━━━━━━━━━━━━━━[39m
2025-12-05 21:10:37:1037 [32minfo[39m: [32mSTEP 1: Environment Validation[39m
2025-12-05 21:10:37:1037 [32minfo[39m: [32m━━━━━━━━━━━━━━━━━━━━━━━━━━━━━━━━━━━━━━━━━━━━━━━━━━━━━━━━━[39m
2025-12-05 21:10:37:1037 [32minfo[39m: [32m🔍 Validating environment variables...[39m
2025-12-05 21:10:37:1037 [32minfo[39m: [32m✅ Environment variables validated[39m
2025-12-05 21:10:37:1037 [32minfo[39m: [32m[39m
[32m━━━━━━━━━━━━━━━━━━━━━━━━━━━━━━━━━━━━━━━━━━━━━━━━━━━━━━━━━[39m
2025-12-05 21:10:37:1037 [32minfo[39m: [32mSTEP 2: Database Connections[39m
2025-12-05 21:10:37:1037 [32minfo[39m: [32m━━━━━━━━━━━━━━━━━━━━━━━━━━━━━━━━━━━━━━━━━━━━━━━━━━━━━━━━━[39m
2025-12-05 21:10:37:1037 [32minfo[39m: [32m🔌 Checking database connections...[39m
2025-12-05 21:10:38:1038 [32minfo[39m: [32mSupabase client initialized[39m
2025-12-05 21:10:40:1040 [32minfo[39m: [32m  ✅ Supabase (PostgreSQL) connected[39m
2025-12-05 21:10:40:1040 [32minfo[39m: [32mUpstash Redis initialized[39m
2025-12-05 21:10:40:1040 [32minfo[39m: [32m  ✅ Redis (Upstash) connected[39m
2025-12-05 21:10:41:1041 [32minfo[39m: [32mMongoose (MongoDB) connected successfully[39m
2025-12-05 21:10:41:1041 [32minfo[39m: [32m  ✅ MongoDB (Mongoose) connected[39m
2025-12-05 21:10:41:1041 [32minfo[39m: [32m[39m
[32m━━━━━━━━━━━━━━━━━━━━━━━━━━━━━━━━━━━━━━━━━━━━━━━━━━━━━━━━━[39m
2025-12-05 21:10:41:1041 [32minfo[39m: [32mSTEP 3: Service Configuration[39m
2025-12-05 21:10:41:1041 [32minfo[39m: [32m━━━━━━━━━━━━━━━━━━━━━━━━━━━━━━━━━━━━━━━━━━━━━━━━━━━━━━━━━[39m
2025-12-05 21:10:41:1041 [32minfo[39m: [32m🔧 Checking service configurations...[39m
2025-12-05 21:10:41:1041 [32minfo[39m: [32m  ✅ Cloudflare R2 configured[39m
2025-12-05 21:10:41:1041 [32minfo[39m: [32m  ✅ JWT authentication configured[39m
2025-12-05 21:10:41:1041 [32minfo[39m: [32m  ✅ CORS configured (2 origins)[39m
2025-12-05 21:10:41:1041 [32minfo[39m: [32m✅ Service configurations checked[39m
2025-12-05 21:10:41:1041 [32minfo[39m: [32m[39m
[32m━━━━━━━━━━━━━━━━━━━━━━━━━━━━━━━━━━━━━━━━━━━━━━━━━━━━━━━━━[39m
2025-12-05 21:10:41:1041 [32minfo[39m: [32mSTEP 4: System Information[39m
2025-12-05 21:10:41:1041 [32minfo[39m: [32m━━━━━━━━━━━━━━━━━━━━━━━━━━━━━━━━━━━━━━━━━━━━━━━━━━━━━━━━━[39m
2025-12-05 21:10:41:1041 [32minfo[39m: [32m📊 System Information:[39m
2025-12-05 21:10:41:1041 [32minfo[39m: [32m  • Node.js: v22.20.0[39m
2025-12-05 21:10:41:1041 [32minfo[39m: [32m  • Platform: linux[39m
2025-12-05 21:10:41:1041 [32minfo[39m: [32m  • Architecture: x64[39m
2025-12-05 21:10:41:1041 [32minfo[39m: [32m  • Memory: 68MB[39m
2025-12-05 21:10:41:1041 [32minfo[39m: [32m  • Environment: development[39m
2025-12-05 21:10:41:1041 [32minfo[39m: [32m  • Port: 3000[39m
2025-12-05 21:10:41:1041 [32minfo[39m: [32m[39m
[32m━━━━━━━━━━━━━━━━━━━━━━━━━━━━━━━━━━━━━━━━━━━━━━━━━━━━━━━━━[39m
2025-12-05 21:10:41:1041 [32minfo[39m: [32mSTEP 5: Starting HTTP Server[39m
2025-12-05 21:10:41:1041 [32minfo[39m: [32m━━━━━━━━━━━━━━━━━━━━━━━━━━━━━━━━━━━━━━━━━━━━━━━━━━━━━━━━━[39m
2025-12-05 21:10:41:1041 [32minfo[39m: [32m[39m
[32m🚀 Server started successfully![39m
2025-12-05 21:10:41:1041 [32minfo[39m: [32m[39m
[32m📍 Endpoints:[39m
2025-12-05 21:10:41:1041 [32minfo[39m: [32m   • Health Check: http://localhost:3000/health[39m
2025-12-05 21:10:41:1041 [32minfo[39m: [32m   • API Info:     http://localhost:3000/api[39m
2025-12-05 21:10:41:1041 [32minfo[39m: [32m   • API Base:     http://localhost:3000/api/*[39m
2025-12-05 21:10:41:1041 [32minfo[39m: [32m[39m
[32m🔧 Services Status:[39m
2025-12-05 21:10:41:1041 [32minfo[39m: [32m   • Database:     ✅ Connected[39m
2025-12-05 21:10:41:1041 [32minfo[39m: [32m   • Cache:        ✅ Connected[39m
2025-12-05 21:10:41:1041 [32minfo[39m: [32m   • Analytics:    ✅ Connected[39m
2025-12-05 21:10:41:1041 [32minfo[39m: [32m[39m
[32m━━━━━━━━━━━━━━━━━━━━━━━━━━━━━━━━━━━━━━━━━━━━━━━━━━━━━━━━━[39m
2025-12-05 21:10:41:1041 [32minfo[39m: [32m✅ FreeTune Backend is ready to serve requests![39m
2025-12-05 21:10:41:1041 [32minfo[39m: [32m━━━━━━━━━━━━━━━━━━━━━━━━━━━━━━━━━━━━━━━━━━━━━━━━━━━━━━━━━[39m
[32m[39m
2025-12-05 21:11:03:113 [32minfo[39m: [32m[39m
[32mSIGINT received. Starting graceful shutdown...[39m
2025-12-05 21:18:00:180 [32minfo[39m: [32m━━━━━━━━━━━━━━━━━━━━━━━━━━━━━━━━━━━━━━━━━━━━━━━━━━━━━━━━━[39m
2025-12-05 21:18:00:180 [32minfo[39m: [32mSTEP 1: Environment Validation[39m
2025-12-05 21:18:00:180 [32minfo[39m: [32m━━━━━━━━━━━━━━━━━━━━━━━━━━━━━━━━━━━━━━━━━━━━━━━━━━━━━━━━━[39m
2025-12-05 21:18:00:180 [32minfo[39m: [32m🔍 Validating environment variables...[39m
2025-12-05 21:18:00:180 [32minfo[39m: [32m✅ Environment variables validated[39m
2025-12-05 21:18:00:180 [32minfo[39m: [32m[39m
[32m━━━━━━━━━━━━━━━━━━━━━━━━━━━━━━━━━━━━━━━━━━━━━━━━━━━━━━━━━[39m
2025-12-05 21:18:00:180 [32minfo[39m: [32mSTEP 2: Database Connections[39m
2025-12-05 21:18:00:180 [32minfo[39m: [32m━━━━━━━━━━━━━━━━━━━━━━━━━━━━━━━━━━━━━━━━━━━━━━━━━━━━━━━━━[39m
2025-12-05 21:18:00:180 [32minfo[39m: [32m🔌 Checking database connections...[39m
2025-12-05 21:18:00:180 [32minfo[39m: [32mSupabase client initialized[39m
2025-12-05 21:18:02:182 [32minfo[39m: [32m  ✅ Supabase (PostgreSQL) connected[39m
2025-12-05 21:18:02:182 [32minfo[39m: [32mUpstash Redis initialized[39m
2025-12-05 21:18:02:182 [32minfo[39m: [32m  ✅ Redis (Upstash) connected[39m
2025-12-05 21:18:03:183 [32minfo[39m: [32mMongoose (MongoDB) connected successfully[39m
2025-12-05 21:18:03:183 [32minfo[39m: [32m  ✅ MongoDB (Mongoose) connected[39m
2025-12-05 21:18:03:183 [32minfo[39m: [32m[39m
[32m━━━━━━━━━━━━━━━━━━━━━━━━━━━━━━━━━━━━━━━━━━━━━━━━━━━━━━━━━[39m
2025-12-05 21:18:03:183 [32minfo[39m: [32mSTEP 3: Service Configuration[39m
2025-12-05 21:18:03:183 [32minfo[39m: [32m━━━━━━━━━━━━━━━━━━━━━━━━━━━━━━━━━━━━━━━━━━━━━━━━━━━━━━━━━[39m
2025-12-05 21:18:03:183 [32minfo[39m: [32m🔧 Checking service configurations...[39m
2025-12-05 21:18:03:183 [32minfo[39m: [32m  ✅ Cloudflare R2 configured[39m
2025-12-05 21:18:03:183 [32minfo[39m: [32m  ✅ JWT authentication configured[39m
2025-12-05 21:18:03:183 [32minfo[39m: [32m  ✅ CORS configured (2 origins)[39m
2025-12-05 21:18:03:183 [32minfo[39m: [32m✅ Service configurations checked[39m
2025-12-05 21:18:03:183 [32minfo[39m: [32m[39m
[32m━━━━━━━━━━━━━━━━━━━━━━━━━━━━━━━━━━━━━━━━━━━━━━━━━━━━━━━━━[39m
2025-12-05 21:18:03:183 [32minfo[39m: [32mSTEP 4: System Information[39m
2025-12-05 21:18:03:183 [32minfo[39m: [32m━━━━━━━━━━━━━━━━━━━━━━━━━━━━━━━━━━━━━━━━━━━━━━━━━━━━━━━━━[39m
2025-12-05 21:18:03:183 [32minfo[39m: [32m📊 System Information:[39m
2025-12-05 21:18:03:183 [32minfo[39m: [32m  • Node.js: v22.20.0[39m
2025-12-05 21:18:03:183 [32minfo[39m: [32m  • Platform: linux[39m
2025-12-05 21:18:03:183 [32minfo[39m: [32m  • Architecture: x64[39m
2025-12-05 21:18:03:183 [32minfo[39m: [32m  • Memory: 64MB[39m
2025-12-05 21:18:03:183 [32minfo[39m: [32m  • Environment: development[39m
2025-12-05 21:18:03:183 [32minfo[39m: [32m  • Port: 3000[39m
2025-12-05 21:18:03:183 [32minfo[39m: [32m[39m
[32m━━━━━━━━━━━━━━━━━━━━━━━━━━━━━━━━━━━━━━━━━━━━━━━━━━━━━━━━━[39m
2025-12-05 21:18:03:183 [32minfo[39m: [32mSTEP 5: Starting HTTP Server[39m
2025-12-05 21:18:03:183 [32minfo[39m: [32m━━━━━━━━━━━━━━━━━━━━━━━━━━━━━━━━━━━━━━━━━━━━━━━━━━━━━━━━━[39m
2025-12-05 21:18:03:183 [32minfo[39m: [32m[39m
[32m🚀 Server started successfully![39m
2025-12-05 21:18:03:183 [32minfo[39m: [32m[39m
[32m📍 Endpoints:[39m
2025-12-05 21:18:03:183 [32minfo[39m: [32m   • Health Check: http://localhost:3000/health[39m
2025-12-05 21:18:03:183 [32minfo[39m: [32m   • API Info:     http://localhost:3000/api[39m
2025-12-05 21:18:03:183 [32minfo[39m: [32m   • API Base:     http://localhost:3000/api/*[39m
2025-12-05 21:18:03:183 [32minfo[39m: [32m[39m
[32m🔧 Services Status:[39m
2025-12-05 21:18:03:183 [32minfo[39m: [32m   • Database:     ✅ Connected[39m
2025-12-05 21:18:03:183 [32minfo[39m: [32m   • Cache:        ✅ Connected[39m
2025-12-05 21:18:03:183 [32minfo[39m: [32m   • Analytics:    ✅ Connected[39m
2025-12-05 21:18:03:183 [32minfo[39m: [32m[39m
[32m━━━━━━━━━━━━━━━━━━━━━━━━━━━━━━━━━━━━━━━━━━━━━━━━━━━━━━━━━[39m
2025-12-05 21:18:03:183 [32minfo[39m: [32m✅ FreeTune Backend is ready to serve requests![39m
2025-12-05 21:18:03:183 [32minfo[39m: [32m━━━━━━━━━━━━━━━━━━━━━━━━━━━━━━━━━━━━━━━━━━━━━━━━━━━━━━━━━[39m
[32m[39m
2025-12-05 21:18:06:186 [32minfo[39m: [32m[39m
[32mSIGINT received. Starting graceful shutdown...[39m
2025-12-05 21:44:07:447 [32minfo[39m: [32m━━━━━━━━━━━━━━━━━━━━━━━━━━━━━━━━━━━━━━━━━━━━━━━━━━━━━━━━━[39m
2025-12-05 21:44:07:447 [32minfo[39m: [32mSTEP 1: Environment Validation[39m
2025-12-05 21:44:07:447 [32minfo[39m: [32m━━━━━━━━━━━━━━━━━━━━━━━━━━━━━━━━━━━━━━━━━━━━━━━━━━━━━━━━━[39m
2025-12-05 21:44:07:447 [32minfo[39m: [32m🔍 Validating environment variables...[39m
2025-12-05 21:44:07:447 [32minfo[39m: [32m✅ Environment variables validated[39m
2025-12-05 21:44:07:447 [32minfo[39m: [32m[39m
[32m━━━━━━━━━━━━━━━━━━━━━━━━━━━━━━━━━━━━━━━━━━━━━━━━━━━━━━━━━[39m
2025-12-05 21:44:07:447 [32minfo[39m: [32mSTEP 2: Database Connections[39m
2025-12-05 21:44:07:447 [32minfo[39m: [32m━━━━━━━━━━━━━━━━━━━━━━━━━━━━━━━━━━━━━━━━━━━━━━━━━━━━━━━━━[39m
2025-12-05 21:44:07:447 [32minfo[39m: [32m🔌 Checking database connections...[39m
2025-12-05 21:44:07:447 [32minfo[39m: [32mSupabase client initialized[39m
2025-12-05 21:44:09:449 [32minfo[39m: [32m  ✅ Supabase (PostgreSQL) connected[39m
2025-12-05 21:44:09:449 [32minfo[39m: [32mUpstash Redis initialized[39m
2025-12-05 21:44:09:449 [32minfo[39m: [32m  ✅ Redis (Upstash) connected[39m
2025-12-05 21:44:10:4410 [32minfo[39m: [32mMongoose (MongoDB) connected successfully[39m
2025-12-05 21:44:10:4410 [32minfo[39m: [32m  ✅ MongoDB (Mongoose) connected[39m
2025-12-05 21:44:10:4410 [32minfo[39m: [32m[39m
[32m━━━━━━━━━━━━━━━━━━━━━━━━━━━━━━━━━━━━━━━━━━━━━━━━━━━━━━━━━[39m
2025-12-05 21:44:10:4410 [32minfo[39m: [32mSTEP 3: Service Configuration[39m
2025-12-05 21:44:10:4410 [32minfo[39m: [32m━━━━━━━━━━━━━━━━━━━━━━━━━━━━━━━━━━━━━━━━━━━━━━━━━━━━━━━━━[39m
2025-12-05 21:44:10:4410 [32minfo[39m: [32m🔧 Checking service configurations...[39m
2025-12-05 21:44:10:4410 [32minfo[39m: [32m  ✅ Cloudflare R2 configured[39m
2025-12-05 21:44:10:4410 [32minfo[39m: [32m  ✅ JWT authentication configured[39m
2025-12-05 21:44:10:4410 [32minfo[39m: [32m  ✅ CORS configured (2 origins)[39m
2025-12-05 21:44:10:4410 [32minfo[39m: [32m✅ Service configurations checked[39m
2025-12-05 21:44:10:4410 [32minfo[39m: [32m[39m
[32m━━━━━━━━━━━━━━━━━━━━━━━━━━━━━━━━━━━━━━━━━━━━━━━━━━━━━━━━━[39m
2025-12-05 21:44:10:4410 [32minfo[39m: [32mSTEP 4: System Information[39m
2025-12-05 21:44:10:4410 [32minfo[39m: [32m━━━━━━━━━━━━━━━━━━━━━━━━━━━━━━━━━━━━━━━━━━━━━━━━━━━━━━━━━[39m
2025-12-05 21:44:10:4410 [32minfo[39m: [32m📊 System Information:[39m
2025-12-05 21:44:10:4410 [32minfo[39m: [32m  • Node.js: v22.20.0[39m
2025-12-05 21:44:10:4410 [32minfo[39m: [32m  • Platform: linux[39m
2025-12-05 21:44:10:4410 [32minfo[39m: [32m  • Architecture: x64[39m
2025-12-05 21:44:10:4410 [32minfo[39m: [32m  • Memory: 64MB[39m
2025-12-05 21:44:10:4410 [32minfo[39m: [32m  • Environment: development[39m
2025-12-05 21:44:10:4410 [32minfo[39m: [32m  • Port: 3000[39m
2025-12-05 21:44:10:4410 [32minfo[39m: [32m[39m
[32m━━━━━━━━━━━━━━━━━━━━━━━━━━━━━━━━━━━━━━━━━━━━━━━━━━━━━━━━━[39m
2025-12-05 21:44:10:4410 [32minfo[39m: [32mSTEP 5: Starting HTTP Server[39m
2025-12-05 21:44:10:4410 [32minfo[39m: [32m━━━━━━━━━━━━━━━━━━━━━━━━━━━━━━━━━━━━━━━━━━━━━━━━━━━━━━━━━[39m
2025-12-05 21:44:10:4410 [32minfo[39m: [32m[39m
[32m🚀 Server started successfully![39m
2025-12-05 21:44:10:4410 [32minfo[39m: [32m[39m
[32m📍 Endpoints:[39m
2025-12-05 21:44:10:4410 [32minfo[39m: [32m   • Health Check: http://localhost:3000/health[39m
2025-12-05 21:44:10:4410 [32minfo[39m: [32m   • API Info:     http://localhost:3000/api[39m
2025-12-05 21:44:10:4410 [32minfo[39m: [32m   • API Base:     http://localhost:3000/api/*[39m
2025-12-05 21:44:10:4410 [32minfo[39m: [32m[39m
[32m🔧 Services Status:[39m
2025-12-05 21:44:10:4410 [32minfo[39m: [32m   • Database:     ✅ Connected[39m
2025-12-05 21:44:10:4410 [32minfo[39m: [32m   • Cache:        ✅ Connected[39m
2025-12-05 21:44:10:4410 [32minfo[39m: [32m   • Analytics:    ✅ Connected[39m
2025-12-05 21:44:10:4410 [32minfo[39m: [32m[39m
[32m━━━━━━━━━━━━━━━━━━━━━━━━━━━━━━━━━━━━━━━━━━━━━━━━━━━━━━━━━[39m
2025-12-05 21:44:10:4410 [32minfo[39m: [32m✅ FreeTune Backend is ready to serve requests![39m
2025-12-05 21:44:10:4410 [32minfo[39m: [32m━━━━━━━━━━━━━━━━━━━━━━━━━━━━━━━━━━━━━━━━━━━━━━━━━━━━━━━━━[39m
[32m[39m
2025-12-05 21:52:50:5250 [31merror[39m: [31mError: Invalid or expired token[39m
2025-12-05 21:53:55:5355 [33mwarn[39m: [33mUser preferences not found, creating defaults it is at auth.service.js[39m
2025-12-05 21:53:56:5356 [37mdebug[39m: [37mRefresh token cached for user: a7db039c-7535-4265-9954-3e4464d74eec[39m
2025-12-05 21:53:56:5356 [37mdebug[39m: [37mUser data cached for user: a7db039c-7535-4265-9954-3e4464d74eec[39m
2025-12-05 21:53:56:5356 [32minfo[39m: [32mUser logged in successfully: tarun1sisodia@gmail.com[39m
2025-12-05 21:53:58:5358 [37mdebug[39m: [37mCache HIT: user:recent:a7db039c-7535-4265-9954-3e4464d74eec[39m
2025-12-05 21:53:58:5358 [37mdebug[39m: [37mCache HIT: user:recent:a7db039c-7535-4265-9954-3e4464d74eec[39m
2025-12-05 21:53:58:5358 [31merror[39m: [31mError in getRecentlyPlayed controller: "[object Object]" is not valid JSON[39m
2025-12-05 21:53:58:5358 [31merror[39m: [31mError: Internal server error[39m
2025-12-05 22:11:43:1143 [32minfo[39m: [32m━━━━━━━━━━━━━━━━━━━━━━━━━━━━━━━━━━━━━━━━━━━━━━━━━━━━━━━━━[39m
2025-12-05 22:11:43:1143 [32minfo[39m: [32mSTEP 1: Environment Validation[39m
2025-12-05 22:11:43:1143 [32minfo[39m: [32m━━━━━━━━━━━━━━━━━━━━━━━━━━━━━━━━━━━━━━━━━━━━━━━━━━━━━━━━━[39m
2025-12-05 22:11:43:1143 [32minfo[39m: [32m🔍 Validating environment variables...[39m
2025-12-05 22:11:43:1143 [32minfo[39m: [32m✅ Environment variables validated[39m
2025-12-05 22:11:43:1143 [32minfo[39m: [32m[39m
[32m━━━━━━━━━━━━━━━━━━━━━━━━━━━━━━━━━━━━━━━━━━━━━━━━━━━━━━━━━[39m
2025-12-05 22:11:43:1143 [32minfo[39m: [32mSTEP 2: Database Connections[39m
2025-12-05 22:11:43:1143 [32minfo[39m: [32m━━━━━━━━━━━━━━━━━━━━━━━━━━━━━━━━━━━━━━━━━━━━━━━━━━━━━━━━━[39m
2025-12-05 22:11:43:1143 [32minfo[39m: [32m🔌 Checking database connections...[39m
2025-12-05 22:11:43:1143 [32minfo[39m: [32mSupabase client initialized[39m
2025-12-05 22:11:45:1145 [32minfo[39m: [32m  ✅ Supabase (PostgreSQL) connected[39m
